id,sort_name,name,CreatorURL,gender,biography,date,CreatorArt
6741,"'Abbasi, Riza",Riza 'Abbasi,https://art.thewalters.org/browse/creator/riza-abbasi,,," (Persian, ca. 1565-1635)",4103|9485|37361|33104|34627|7066|8791|83812|9136|83813|83814|83862|26833|84197|84198|84233|84234|25935
4237,"'Abbasi, Shaykh",Shaykh 'Abbasi,https://art.thewalters.org/browse/creator/shaykh-abbasi,,," (Persian, active 1650-1684)",33104|19347|987|7066|25935|84260|84294
19270,"'Abd al-Razzaq, Abu Mansur Muhammad ibn",Abu Mansur Muhammad ibn 'Abd al-Razzaq,https://art.thewalters.org/browse/creator/abu-mansur-muhammad-ibn-abd-al-razzaq,,,,7066|83514
19395,'Ali,'Ali,https://art.thewalters.org/browse/creator/ali,,,,19840|90954|90955
16856,'Ali Sultan,Sultan 'Ali,https://art.thewalters.org/browse/creator/sultan-ali,,,,11787|80051|82840|90218
15703,"'Ali, 'Abd al-'Ali ibn Yahyá ibn Qawam al-Din ibn",'Abd al-'Ali ibn Yahyá ibn Qawam al-Din ibn 'Ali,https://art.thewalters.org/browse/creator/abd-al-ali-ibn-yahy-ibn-qawam-al-din-ibn-ali,,, (Iranian),12700
15716,"'Ali, Ali ibn Muhibb",Ali ibn Muhibb 'Ali,https://art.thewalters.org/browse/creator/ali-ibn-muhibb-ali,,,,15961|82637|82638
19350,"'Ali, Ibn Muhammad Riza Muhammad",Ibn Muhammad Riza Muhammad 'Ali,https://art.thewalters.org/browse/creator/ibn-muhammad-riza-muhammad-ali,,,,20980|84329
19360,"'Ali, Mir",Mir 'Ali,https://art.thewalters.org/browse/creator/mir-ali,,,,36069|19840|25935|84262|84263|90954|90955
2405,"'Ali, Muhammad",Muhammad 'Ali,https://art.thewalters.org/browse/creator/muhammad-ali,,,,36069
7688,"'Ambarin Qalam, 'Abd al-Rahim",'Abd al-Rahim 'Ambarin Qalam,https://art.thewalters.org/browse/creator/abd-al-rahim-ambarin-qalam,,,,1929|6633|7782|83663|83664|83665|83666|90217
19403,"'Attar, Farid al-Din",Farid al-Din 'Attar,https://art.thewalters.org/browse/creator/farid-al-din-attar,,, (died 618 AH/AD 1221),19657|84221|84222
19232,"'Umar, Muhammad Salih ibn",Muhammad Salih ibn 'Umar,https://art.thewalters.org/browse/creator/muhammad-salih-ibn-umar,,,,22637|83117|83118|83119|83120
34786,AUGUSTUS WELBY NORTHMORE PUGIN,Augustus Welby Northmore Pugin,https://art.thewalters.org/browse/creator/augustus-welby-northmore-pugin,,,,101030
15399,"Abdul-Rahman, al-Walid ibn",al-Walid ibn Abdul-Rahman,https://art.thewalters.org/browse/creator/al-walid-ibn-abdul-rahman,,, (Syrian),11026
15728,"Abi Bakr, Ahmed ibn Hajji al-Katib",Ahmad ibn Hajji Abi Bakr al-Katib,https://art.thewalters.org/browse/creator/ahmad-ibn-hajji-abi-bakr-al-katib,,,,22125|80048|80047|80046|80045|80044|80043|80042|80041|80040|77719|77718|80039|80038|80037|80036|77717|77716|77715|80035|80034|80033|80032|80031|80030
5076,"Abondio, Antonio",Antonio Abondio,https://art.thewalters.org/browse/creator/antonio-abondio,male,," (Italian, 1538-1591)",5742
2213,"Abru, Hafiz",Hafiz Abru,https://art.thewalters.org/browse/creator/hafiz-abru,,, (died 833 AH/AD 1430),1984
6357,Achaemenid,Achaemenid,https://art.thewalters.org/browse/creator/achaemenid,,,,13610|20274|12227|11235|9497|7528
2952,"Achenbach, Andreas",Andreas Achenbach,https://art.thewalters.org/browse/creator/andreas-achenbach,male,," (German, 1815-1910)",19760|5990
5903,"Achenbach, Oswald",Oswald Achenbach,https://art.thewalters.org/browse/creator/oswald-achenbach,male,," (German, 1827-1905)",30615
32268,"Ackermann, Rudolph",Rudolph Ackermann,https://art.thewalters.org/browse/creator/rudolph-ackermann,,,,89937
8224,Acron,Acron,https://art.thewalters.org/browse/creator/acron,,," (Roman, 3rd century)",27021
6287,"Ad-din, Zain",Zain Ad-din,https://art.thewalters.org/browse/creator/zain-ad-din,,,,38050
34643,Adachi Hanga,Adachi Hanga,https://art.thewalters.org/browse/creator/adachi-hanga,,, (founded 1926),99847
6836,"Adalperio, Dominicus",Dominicus Adalperio,https://art.thewalters.org/browse/creator/dominicus-adalperio,male,, (Italian),40603
34797,Adams & Bromley,Adams & Bromley,https://art.thewalters.org/browse/creator/adams--bromley,,," (English, 1864 - 1893)",103653|103762|103652
7870,"Adams, Katherine",Katherine Adams,https://art.thewalters.org/browse/creator/katherine-adams,female,,,19912
15446,"Adamson, Gustav Adolf",Gustav Adolf Adamson,https://art.thewalters.org/browse/creator/adamson,,," (French, active ca. 1775 - 1800)",786
8127,"Adler, Mariia V.",Mariia V. Adler,https://art.thewalters.org/browse/creator/mariia-v-adler,female,," (Russian, active ca. 1877-1897)",82319|82472
7084,"Ador, Jean Pierre",Jean Pierre Ador,https://art.thewalters.org/browse/creator/jean-pierre-ador,male,," (Swiss, 1724-1784)",7359
4760,Aesop,Aesop,https://art.thewalters.org/browse/creator/aesop,,,,34153|29598|14510
19123,"Afandi, Muhammad Hilmi",Muhammad Hilmi Afandi,https://art.thewalters.org/browse/creator/muhammad-hilmi-afandi,,,,82797|82796|22426
2722,Affecter,The Affecter,https://art.thewalters.org/browse/creator/the-affecter,,," (Greek, active ca. 540-520 BC)",28180
16725,Afghani,Afghani,https://art.thewalters.org/browse/creator/afghani,,,,1417|18469
15527,African,African,https://art.thewalters.org/browse/creator/african,,,,76569|3728|38427|28930|79950|79951|79952|79953|79954|81125|81124|81123|80024|82687|82688|82689|82690|99813|103468
19330,"Afshar, Mirza Rahim navadah-i Mirza Amin",Mirza Rahim navadah-i Mirza Amin Afshar,https://art.thewalters.org/browse/creator/mirza-rahim-navadah-i-mirza-amin-afshar,,,,23448
15227,"Agha, Hasan",Hasan Agha,https://art.thewalters.org/browse/creator/hasan-agha,,,,28971
34640,"Agnesius, Jacobus",Jacobus Agnesius,https://art.thewalters.org/browse/creator/jacobus-agnesius,,," (Italian or South German, active 2nd quarter 17th century)",30023
36493,"Aguatti, Antonio",Antonio Aguatti,https://art.thewalters.org/browse/creator/antonio-aguatti,,," (Italian, 1810 - 1820 (active))",9616
35141,Ahmad Khan,Ahmad Khan,https://art.thewalters.org/browse/creator/ahmad-khan,,, (19th century),22655
17757,Ahmedi,Ahmedi,https://art.thewalters.org/browse/creator/ahmedi,,, (1334 (?)-815 AH/AD 1413),7994|80987|80988
5555,Aimitsu,Aimitsu,https://art.thewalters.org/browse/creator/aimitsu,male,, (Japanese),39409|9069
14860,Aito,Aito,https://art.thewalters.org/browse/creator/aito,,,,18653
6101,Akihiro,Akihiro,https://art.thewalters.org/browse/creator/akihiro2,male,," (Japanese, active ca. 1846)",13578
5003,Akihiro,Akihiro,https://art.thewalters.org/browse/creator/akihiro,male,, (Japanese),3686
7131,Akimitsu,Akimitsu,https://art.thewalters.org/browse/creator/akimitsu,male,," (Japanese, Japanese)",9002
14861,Akiyama Buemon,Akiyama Buemon,https://art.thewalters.org/browse/creator/akiyama-buemon,,,,13997|79683|79684|79685
14862,Akiyama Takaemon,Akiyama Takaemon,https://art.thewalters.org/browse/creator/akiyama-takaemon,,,,30607
4600,Akkadian,Akkadian,https://art.thewalters.org/browse/creator/akkadian,,,,32198|20721|1899|4594|14148|19203|20920|36716|20737|23206|26118|14117|6914|33598|39305|11731|21794|26270|19084|2915|23069|33263|5055|8235
33738,Alavoine & Co.,Alavoine & Co.,https://art.thewalters.org/browse/creator/alavoine--co,,, (1890 - 1965),36417
4483,"Albani, Francesco",Francesco Albani,https://art.thewalters.org/browse/creator/francesco-albani,male,," (Italian, 1578-1660)",26451
2433,"Alciati, Andrea",Andrea Alciati,https://art.thewalters.org/browse/creator/andrea-alciati,male,," (Italian, 1492-1550)",39963|37920|39963
2410,"Alessandro, Lorenzo d' da San Severino",Lorenzo d'Alessandro da San Severino,https://art.thewalters.org/browse/creator/lorenzo-dalessandro-da-san-severino,male,," (Italian, 1440/1450-1503)",40438
31590,"Alexeev, Nikolai Vasilevich",Nikolai Vasilevich Alexeev,https://art.thewalters.org/browse/creator/nikolai-vasilevich-alexeev,,,,82404|82405|82406|82407|82339|82337|82499
4633,"Alfieri, Gian Pietro",Gian Pietro Alfieri,https://art.thewalters.org/browse/creator/gian-pietro-alfieri,male,, (Italian),26006
5443,"Algardi, Alessandro",Alessandro Algardi,https://art.thewalters.org/browse/creator/alessandro-algardi,male,," (Italian, 1598-1654)",36958
16160,Algerian,Algerian,https://art.thewalters.org/browse/creator/algerian,,,,29702
2975,"Alighieri, Dante",Dante Alighieri,https://art.thewalters.org/browse/creator/dante-alighieri,,," (Italian, 1265-1321)",85333|85335
15490,"Aliverti, Costopolino",Costopolino Aliverti,https://art.thewalters.org/browse/creator/costopolino-aliverti,,," (Italian, died 1582)",26006
1988,Alkamenes,Alkamenes,https://art.thewalters.org/browse/creator/alkamenes,,," (Greek, active ca. 440 BC-400 BC)",791
3950,"Allston, Washington",Washington Allston,https://art.thewalters.org/browse/creator/washington-allston,male,," (American, 1779-1843)",28721
4782,"Alma-Tadema, Lawrence R.A., O.M. Sir","Sir Lawrence Alma-Tadema, R.A., O.M.",https://art.thewalters.org/browse/creator/sir-lawrence-alma-tadema-ra-om,male,," (Anglo-Dutch, 1836-1912)",637|10245|22674|11173|37232|27156|30960|33516|22339
8257,Alphonsus de Benevento,Alphonsus de Benevento,https://art.thewalters.org/browse/creator/alphonsus-de-benevento,,,,16033
1938,"Alt, Jakob",Jakob Alt,https://art.thewalters.org/browse/creator/jakob-alt,male,," (German, 1789-1872)",34994|26420
2950,"Alt, Rudolf von",Rudolf von Alt,https://art.thewalters.org/browse/creator/rudolf-von-alt,male,," (Austrian, 1812-1905)",3418|40171
8744,Ambrosius,Ambrosius,https://art.thewalters.org/browse/creator/ambrosius,,,,5505
6184,American,American,https://art.thewalters.org/browse/creator/american,,,,23301|26902|34892|11079|4221|20727|31827|35791|37449|10056|37811|25222|2016|36318|12310|3187|22561|3932|29166|33784|28642|19600|21105|8306|23082|27733|3475|23248|31464|4363|24594|38871|21103|35105|2260|18632|6918|8030|23046|3445|14331|6171|39420|28813|30895|18255|15322|11633|26005|11915|90202|37063|11717|91919|91920|91921|91922|91923|91924|91925|91926|91927|91928|91929|91930|91931|91932|91933|91934|91935|91936|91937|91938|91939|91940|91941|91942|91943|91944|91945|91946|25162|92343|33060|19386|15243|2710|20555
32773,American Art-Union,American Art-Union,https://art.thewalters.org/browse/creator/american-art-union,,,,9008|23626
14864,Amigima Kamekichi,Amigima Kamekichi,https://art.thewalters.org/browse/creator/amigima-kamekichi,,,,5822
14865,Amishima Kamekichi,Amishima Kamekichi,https://art.thewalters.org/browse/creator/amishima-kamekichi,,,,4379
8027,"Amman, Jost",Jost Amman,https://art.thewalters.org/browse/creator/jost-amman,,," (Swiss, 1539-1591)",33171|33171
4042,"Ammanati, Bartolommeo",Bartolommeo Ammanati,https://art.thewalters.org/browse/creator/bartolommeo-ammanati,male,," (Italian, 1511-1592)",79132
5736,"Anabat, Guillaume",Guillaume Anabat,https://art.thewalters.org/browse/creator/guillaume-anabat,,, (French),25539
3502,"Anastasi, Auguste Paul Charles",Auguste Paul Charles Anastasi,https://art.thewalters.org/browse/creator/auguste-paul-charles-anastasi,male,," (French, 1820-1889)",13379
2190,Anatolian,Anatolian,https://art.thewalters.org/browse/creator/anatolian,,,,5409|6502|7674|12499|12460|27794|36607|13989|909|8958|31744|28842
32167,"Ancelin, Thibaud",Thibaud Ancelin,https://art.thewalters.org/browse/creator/thibaud-ancelin,,, (fl. 1579 - 1608),85346
34401,Andean,Andean,https://art.thewalters.org/browse/creator/andean,,,,85466
15642,Ando Cloisonné Company,Ando Cloisonné Company,https://art.thewalters.org/browse/creator/ando-cloisonnc-company,,,,76615|101702
8056,"Andreae, Johannes",Johannes Andreae,https://art.thewalters.org/browse/creator/johannes-andreae,,," (Italian, 1270-1348)",40203
31675,"Andreev, Grigori Arsenev",Grigori Arsenev Andreev,https://art.thewalters.org/browse/creator/grigori-arsenev-andreev,,," (Russian, active 1885-1898)",82512
6355,"Andreoli, Giorgio",Giorgio Andreoli,https://art.thewalters.org/browse/creator/giorgio-andreoli,male,," (Italian, ca. 1465/1470-1555)",2687|113|10726|27192|39463|14127|31083|33528|14270
5470,"Andrieu, Bertrand",Bertrand Andrieu,https://art.thewalters.org/browse/creator/bertrand-andrieu,male,," (French, 1761-1822)",13348
1487,"André, Alfred",Alfred André,https://art.thewalters.org/browse/creator/alfred-andrc,,," (French, 1839-1919)",31890
1924,"André, John",John André,https://art.thewalters.org/browse/creator/john-andrc,male,," (English, 1751-1780)",9648
15255,"André, Jules",Jules André,https://art.thewalters.org/browse/creator/jules-andrc,male,," (French, 1807-1869)",9866
4119,"Anesi, Paolo",Paolo Anesi,https://art.thewalters.org/browse/creator/paolo-anesi,male,," (Italian, 1697-1773)",35793
2562,"Anfosso, Giacomo",Giacomo Anfosso,https://art.thewalters.org/browse/creator/giacomo-anfosso,male,," (Italian, 1505-1585)",7901
7969,"Angelus, Johannes",Johannes Angelus,https://art.thewalters.org/browse/creator/johannes-angelus,,,,6572
4989,"Angers, Pierre-Jean David d'",Pierre-Jean David d'Angers,https://art.thewalters.org/browse/creator/pierre-jean-david-dangers,male,," (French, 1788-1856)",39648|14615|14885|10345|10862|9891|6023|26382|10838|7667|33637|18760|29943|38383|28438|830|37062|27914|6164|7744|38182|7530|27887|15945|21343|4896|9182|15151|17927|31691|39667|23101|35197|35800|13196|8987|12132|7356|31716|32633|1279|27607|33957|19774|4672|7082|76817
4523,"Anglicus, Bartholomaeus",Bartholomaeus Anglicus,https://art.thewalters.org/browse/creator/bartholomaeus-anglicus,male,," (English, born ca. 1203, died 1272)",1272|24509
3865,Anglo-Saxon,Anglo-Saxon,https://art.thewalters.org/browse/creator/anglo-saxon,,,,8182|39867
2334,"Anguier, Michel",Michel Anguier,https://art.thewalters.org/browse/creator/michel-anguier,male,," (French, 1612-1686)",4563
4003,"Anguilla, Francesco Andrea di",Francesco Andrea di Anguilla,https://art.thewalters.org/browse/creator/francesco-andrea-di-anguilla,male,," (Italian, active 1410-1434)",15000
5485,"Anguissola, Sofonisba",Sofonisba Anguissola,https://art.thewalters.org/browse/creator/sofonisba-anguissola,female,," (Italian, ca. 1532-1625)",1377
17248,Anonymous,Anonymous,https://art.thewalters.org/browse/creator/anonymous,,,,80120|80121|80131|81405|81415|81464|12824|39057|1397|10856|694|81411|79949|79955|80122|80124|80127|81184|83063|83100|83216|83407|83418|83460|83461|83489|83508|83516|83555|83591|83660|83667|81991|83777|83824|83860|83922|81694|79632|84362|84961|19206
16490,"Anselm, Thomas",Thomas Anselm,https://art.thewalters.org/browse/creator/thomas-anselm,,," (German, active ca. 1500)",79127
3969,"Anthony, George Wilfrid",George Wilfrid Anthony,https://art.thewalters.org/browse/creator/george-wilfrid-anthony,male,," (English, 1810-1859)",39215
3180,Antico,Antico (Pier Jacopo Alari Bonacolsi),https://art.thewalters.org/browse/creator/antico,male,," (Italian, ca. 1460-1528)",30236|30796|21993|30796
1929,"Antonilez, Jose",Jose Antonilez,https://art.thewalters.org/browse/creator/jose-antonilez,male,," (Spanish, 1635-1675)",31898
5880,"Aoki, Harutsura",Aoki Harutsura,https://art.thewalters.org/browse/creator/aoki-harutsura,male,," (Japanese, 1805-1858)",2072
15418,Apollonios of Athens,Apollonios of Athens,https://art.thewalters.org/browse/creator/apollonios-of-athens,male,," (Greek, 1st century BC)",11475
15537,Appert Frères,Appert Frères,https://art.thewalters.org/browse/creator/appert-frrres,,," (French, active ca. 19th century)",1292|6204|32185|28822|2065|77394
2072,"Appiani, Andrea the elder",Andrea Appiani the elder,https://art.thewalters.org/browse/creator/andrea-appiani-the-elder,male,," (Italian, 1754-1817)",11662
15919,Apulian,Apulian,https://art.thewalters.org/browse/creator/apulian,,,,21826|23463|3698|16946
8589,Apulianizing Painter,Apulianizing Painter,https://art.thewalters.org/browse/creator/apulianizing-painter,,," (Greek, active ca. 330-320 BC)",14868
2710,"Arai, Hideyuki",Arai Hideyuki,https://art.thewalters.org/browse/creator/arai-hideyuki,male,," (Japanese, active 19th century)",22575|15578
33757,"Araki, Minol",Minol Araki,https://art.thewalters.org/browse/creator/minol-araki,,," (Japanese, 1928 - 2010)",93391
4359,"Araki, Tômei",Araki Tômei,https://art.thewalters.org/browse/creator/araki-tmei,male,," (Japanese, 1817-1870)",38659
5934,"Aranda, José Jiménez",José Jiménez Aranda,https://art.thewalters.org/browse/creator/josc-jimcnez-aranda,male,," (Spanish, 1837-1903)",16631
33506,"Archbishop of Caesarea, Andrew","Andrew, Archbishop of Caesarea",https://art.thewalters.org/browse/creator/andrew-archbishop-of-caesarea,,,,2127
3414,"Ardin, Joseph F.",Joseph F. Ardin,https://art.thewalters.org/browse/creator/joseph-f-ardin,,,,37909
31455,Arenal,Arenal,https://art.thewalters.org/browse/creator/arenal,,,,80213
5683,"Arentsz., Arent",Arent Arentsz.,https://art.thewalters.org/browse/creator/arent-arentsz,male,," (Dutch, ca. 1585-1635)",12712
3961,"Aretino, Leonardo",Leonardo Aretino,https://art.thewalters.org/browse/creator/leonardo-aretino,male,," (Italian, 1369-1444)",24312|39714
6169,"Arikawa, Sanemasa",Arikawa Sanemasa,https://art.thewalters.org/browse/creator/arikawa-sanemasa,male,," (Japanese, active ca. 1800)",23871
8636,Aristakes,Aristakes,https://art.thewalters.org/browse/creator/aristakes,,,,3294|5764
7789,Aristeas,Aristeas,https://art.thewalters.org/browse/creator/aristeas,,,,39736
2602,Aristotle,Aristotle,https://art.thewalters.org/browse/creator/aristotle,,,,33885|39584|79990|33834
14866,Aritaya Kioemon,Aritaya Kioemon,https://art.thewalters.org/browse/creator/aritaya-kioemon,,,,5327
14867,Aritaya Kiyoemon,Aritaya Kiyoemon,https://art.thewalters.org/browse/creator/aritaya-kiyoemon,,,,17763|31290|4815
3167,"Arlaud, Antoine",Antoine Arlaud,https://art.thewalters.org/browse/creator/antoine-arlaud,,," (French, active ca. 1580-1610)",20029
15117,"Armand, Louis-Denis",Louis-Denis Armand,https://art.thewalters.org/browse/creator/louis-denis-armand,,," (French, active 1745 - 1788)",35469|28712|11614
6536,"Armand-Dumaresq, Charles Edouard",Charles Edouard Armand-Dumaresq,https://art.thewalters.org/browse/creator/charles-edouard-armand-dumaresq,male,," (French, 1826-1895)",26177|3910|29044|33745
6300,Armenian,Armenian,https://art.thewalters.org/browse/creator/armenian,,,,34224|6994|2494|3294|1385|21665|9001|6911|16858|9442|16064|14097|30894|24287|3738|34409|13878|17163|36802|25799|10843|35241|5764|36490|39205|38587|81502|85658|91253|33658|36202|19172|19700|24144|11480|8063|29919|91135
31722,"Arnal, Albert",Albert Arnal,https://art.thewalters.org/browse/creator/albert-arnal,,,,88124
20458,"Arnold, Matthew",Matthew Arnold,https://art.thewalters.org/browse/creator/matthew-arnold,,," (British, 1822 - 1888)",85154
5232,"Asahi, Meido",Asahi Meido,https://art.thewalters.org/browse/creator/asahi-meido,male,," (Japanese, 1843-1923)",40096
14868,Asano Eizo,Asano Eizo,https://art.thewalters.org/browse/creator/asano-eizo,,,,39753
34649,"Asano, Takeji",Asano Takeji,https://art.thewalters.org/browse/creator/asano-takeji,,," (Japanese, 1900 - 1998)",99850|99852
19393,"Asghar, Muhammad",Muhammad Asghar,https://art.thewalters.org/browse/creator/muhammad-asghar,,,,19840|90954|90955
33148,"Ashbee, Henry Spencer",Henry Spencer Ashbee,https://art.thewalters.org/browse/creator/henry-spencer-ashbee,,, (1834 - 1900),88124
5692,Ashiyuki,Ashiyuki,https://art.thewalters.org/browse/creator/ashiyuki,male,," (Japanese, active ca. 1814-1833)",868|28912
7095,Asian,Asian,https://art.thewalters.org/browse/creator/asian,,,,24934
6793,"Askew, Richard",Richard Askew,https://art.thewalters.org/browse/creator/richard-askew,male,," (English, active ca. 1772-1795)",38958|17447|6974|9011
5540,"Aspertini, Amico",Amico Aspertini,https://art.thewalters.org/browse/creator/amico-aspertini,male,," (Italian, 1474/1475-1552)",5729
8016,"Assar Tabrizi, Muhammad ibn Ahmad `Assar",Muhammad ibn Ahmad `Assar Tabrizi,https://art.thewalters.org/browse/creator/muhammad-ibn-ahmad-assar-tabrizi,,, (died 1382),15748|26531|36567|40539|18128|17170|29694|13530|39313|11340|80049|80050|17584|81852|81853|83668|26887|83819|83820|83821|83822|83823|85654|85655
2071,Assyrian,Assyrian,https://art.thewalters.org/browse/creator/assyrian,,,,37080|10727|27794|39494|31126|22080|5049|25004|23394|30175|23681|6945|2832|17171|33570|8958|26225|260
4507,"Astesanus, Antonio",Antonio Astesanus,https://art.thewalters.org/browse/creator/antonio-astesanus,,,,3612
7510,Atai,Atai,https://art.thewalters.org/browse/creator/atai,,," (Uzbeki, died 1044 AH/AD 1634)",38025|80577|80578|77616|9327|84827|84828|84829|84830|84831|84832|84833|84834|84835|84836|84837|84838|84839|84840|84841|84842|84843|84844|84845|84846|84847|84848|84849|84850|84851|84852|84853|84854|84855|84856|84857|84858|84859|84860|84861|84862|84863|84864|84865|84866|84867|90219
16763,Atelier at Reims,Atelier at Reims,https://art.thewalters.org/browse/creator/atelier-at-reims,,, (French),4860
6476,Atelier of the Boxes,Atelier of the Boxes,https://art.thewalters.org/browse/creator/atelier-of-the-boxes,,," (French, ca. 1340-ca. 1360)",30473|9704|32234|6180|22567
7410,"Attavanti, Attavante",Attavante Attavanti,https://art.thewalters.org/browse/creator/attavante-attavanti,,," (Italian, 1452-before 1525)",8816|33228|12586|15376
5235,"Audubon, John James",John James Audubon,https://art.thewalters.org/browse/creator/john-james-audubon,male,," (American, 1785-1851)",2235|3570
4556,"Augsburg, Hans Stromai of",Hans Stromai of Augsburg,https://art.thewalters.org/browse/creator/hans-stromai-of-augsburg,,,,13928
2984,"Augustin, Jean Baptiste Jacques",Jean Baptiste Jacques Augustin,https://art.thewalters.org/browse/creator/jean-baptiste-jacques-augustin,male,," (French, 1759-1832)",35921|39664|24197|16975|884|21656|35449
3686,"Augustine, Saint Bishop of Hippo","Saint Augustine, Bishop of Hippo",https://art.thewalters.org/browse/creator/saint-augustine-bishop-of-hippo,,," (Algerian, 354-430)",40090|27819|22818|17609|20993
6521,Austrian,Austrian,https://art.thewalters.org/browse/creator/austrian,,,,8081|2639|20952|32832|2907|27099|9406|20805|13278|22276|323|9467|12209|21721|35697|19922|35662|12889|26050|1021|2689|33326|25791|3179|6919|15426|13615|28497|26962|22463|36943|16026|27118|21228|37519|35179|18228|10732|77417|39033|11408|88685|88686|88687|88691|90315|90316|90339|90562|90578
5388,"Autun, Honorius of",Honorius of Autun,https://art.thewalters.org/browse/creator/honorius-of-autun,male,, (ca. 1080-ca. 1156),18978|15426|13615|28497|26962|22463|36943|90315|90316|90339
5986,Avaric,Avaric,https://art.thewalters.org/browse/creator/avaric,,,,4523
1936,"Averlino, Antonio","Antonio Averlino, called Filarete",https://art.thewalters.org/browse/creator/antonio-averlino-called-filarete,male,," (Italian, ca. 1400-ca. 1469)",15695
8724,Averroës,Averroës,https://art.thewalters.org/browse/creator/averros,,,,16027
1340,"Avery, Samuel P.",Samuel P. Avery,https://art.thewalters.org/browse/creator/samuel-p-avery,,," (American, 1822 - 1904)",92334|92335
2326,"Avienus, Rufius Festus",Rufius Festus Avienus,https://art.thewalters.org/browse/creator/rufius-festus-avienus,,,,34377
3498,"Avont, Peeter van",Peeter van Avont,https://art.thewalters.org/browse/creator/peeter-van-avont,male,," (Flemish, 1600-1652)",18119
14869,Awabun,Awabun,https://art.thewalters.org/browse/creator/awabun,,,,17597|32298|4105
32082,Awet,Awet,https://art.thewalters.org/browse/creator/awet,,,,20475
2675,"Ayabe, Masayuki",Ayabe Masayuki,https://art.thewalters.org/browse/creator/ayabe-masayuki,male,," (Japanese, active 3rd quarter 19th century)",17740
4050,"Azari, Fakhr al-Din Hamzah ibn 'Ali Sheikh",Fakhr al-Din Hamzah ibn 'Ali Azari,https://art.thewalters.org/browse/creator/fakhr-al-din-hamzah-ibn-ali-azari,,, (died 866 AH/AD 1461-1462),18970|29327
7603,Aztec,Aztec,https://art.thewalters.org/browse/creator/aztec,,,,7450|21427|80156|80276|80354|80356|80404
14870,"Azumaya Daisuke, Kinshudo","Azumaya Daisuke, Kinshudo",https://art.thewalters.org/browse/creator/azumaya-daisuke-kinshudo,,,,80560|80561
36495,B. Bloch,B. Bloch,https://art.thewalters.org/browse/creator/b-bloch,,," (Austrian, 1871 - ca. 1940)",103185|103197
33560,"B., C. M.",C. M. B.,https://art.thewalters.org/browse/creator/c-m-b,,, (American),4846|26721|33038|8324
19311,"Baba Jan, Muhammad Amin ibn",Muhammad Amin ibn Baba Jan,https://art.thewalters.org/browse/creator/muhammad-amin-ibn-baba-jan,,,,83872|4449
7547,"Babur, Zahir al-Din Muhammad",Zahir al-Din Muhammad Babur,https://art.thewalters.org/browse/creator/zahir-al-din-muhammad-babur,,, (1483-1530),9601|19396|21671|408|31668|25120|9859|11261|29287|24290|14445|9544|13487|19845|33869|39113|24727|19311|4904|39070|4748|20714|25561|30227|36265|5758|5476|22697|27423|6343|1759|90216|91088|94063|94064
7023,Babylonian,Babylonian,https://art.thewalters.org/browse/creator/babylonian,,,,36683|3389|586|34666|39592|30865|23851|32669|33218|13898|38817|38692|17132|27530|20627|27877|27144|17611|12069|8745|29172|23394|29231|38943|37903|16065|24024|498|39945|23862|27004|23210|19557|12666|38493|20919|1986|1845|36904|3018|6274|27892|1208|28322|13101|25863|34450|9645|4913|6256|12556|17171|4321|13870|3061|37732|20564|3819|15099|36151|29590|5290|30304|7325|31326|16201|22377|27863|9040|3693|34921|16794|40225|38140|28388|15245|35917|22208|35671|7695|25283|13058|38130
32225,Baccarat,Baccarat,https://art.thewalters.org/browse/creator/baccarat,,,,14210
15563,"Bachelier, Jean Jacques",Jean Jacques Bachelier,https://art.thewalters.org/browse/creator/jean-jacques-bachelier,male,," (French, 1724-1806)",27523|34223
6852,"Backhuysen, Ludolf I",Ludolf Backhuysen I,https://art.thewalters.org/browse/creator/ludolf-backhuysen-i,male,," (Dutch, 1630-1708)",37794
5350,"Badile II, Antonio",Antonio Badile II,https://art.thewalters.org/browse/creator/master-of-the-cespo-di-garofano,,," (Italian, ca. 1424 - 1507/12)",478
3651,"Baer, William Jacob",William Jacob Baer,https://art.thewalters.org/browse/creator/william-jacob-baer,male,"William Jacob Baer was a leading exponent of the idealized image in America at the end of the 19th century. A native of Cincinnati, Ohio, he had studied at the Royal Academy in Munich, Germany, where in 1880 he was awarded four medals. Returning to America, he settled in Montclair, New Jersey, then a popular gathering place for artists. Until 1892, Baer specialized in portraits and scenes of daily life; for the remainder of his career, he devoted himself to miniatures. In New York (1897), Paris (1900), Buffalo (1901), and San Francisco (1915), he won prizes for his portraits and idealized subjects."," (American, 1860-1941)",26111|9246|19112|34178|24164|10264|11806
3436,"Baigai, Totoki",Totoki Baigai,https://art.thewalters.org/browse/creator/totoki-baigai,male,," (Japanese, 1749-1804)",14507
2537,"Baiitsu, Yamamoto",Yamamoto Baiitsu,https://art.thewalters.org/browse/creator/yamamoto-baiitsu,,," (Japanese, 1783-1865)",17314
15442,"Baillon, Etienne",Etienne Baillon,https://art.thewalters.org/browse/creator/etienne-baillon,male,," (French, born 1678)",24882
5629,Bairin,Bairin,https://art.thewalters.org/browse/creator/bairin,male,," (Japanese, active 1894-1895)",36046
4986,"Baker, George Augustus",George Augustus Baker,https://art.thewalters.org/browse/creator/george-augustus-baker,male,," (American, 1821-1880)",27424|14639|7546|7403|8736|3182|11448
6727,"Bakhuyzen, Gerardina Jacoba van de Sande",Gerardina Jacoba van de Sande Bakhuyzen,https://art.thewalters.org/browse/creator/gerardina-jacoba-van-de-sande-bakhuysen,female,," (Dutch, 1826-1895)",8184|31172|22688|28866
15704,Baksh,Baksh,https://art.thewalters.org/browse/creator/baksh,,,,21533|81666|81667|81668
7363,"Baldinotti, Tommaso of Pistoia",Tommaso Baldinotti of Pistoia,https://art.thewalters.org/browse/creator/tommaso-baldinotti-of-pistoia,,," (Italian, 1451-1511)",39190|17509
3034,"Balducci, Matteo",Matteo Balducci,https://art.thewalters.org/browse/creator/matteo-balducci,male,," (Italian, active 1509-1554)",16318
4591,"Balduccio, Giovanni",Giovanni Balduccio,https://art.thewalters.org/browse/creator/giovanni-balduccio,male,," (Italian, ca. 1300-after 1360)",34497
6844,"Balen, Hendrick van I",Hendrick van Balen I,https://art.thewalters.org/browse/creator/hendrick-van-balen-i,male,," (Flemish, 1575-1632)",25018
4409,Balinese,Balinese,https://art.thewalters.org/browse/creator/balinese,,,,35940
3699,Balkan,Balkan,https://art.thewalters.org/browse/creator/balkan,,,,9125|2639|605
20466,"Balzac, Honoré de",Honoré de Balzac,https://art.thewalters.org/browse/creator/honorc-de-balzac,,," (French, 1799 - 1850)",87815
5317,"Bamen, Tsunemasa",Bamen Tsunemasa,https://art.thewalters.org/browse/creator/bamen-tsunemasa,male,," (Japanese, 1741-ca. 1830)",25590
4273,"Ban, Jiaoshi",Ban Jiaoshi,https://art.thewalters.org/browse/creator/ban-jiaoshi,,," (Chinese, active early 20th century)",1621|80109|80110|80111|80113|80114|80115|80116|80117|80118|80119|81203
7179,"Bandinelli, Baccio",Baccio Bandinelli,https://art.thewalters.org/browse/creator/baccio-bandinelli,male,," (Italian, 1488-1560; 1488/93-1560)",19804
6915,"Bangda, Dong",Dong Bangda,https://art.thewalters.org/browse/creator/dong-bangda,,,,14119
16154,Bangladeshi,Bangladeshi,https://art.thewalters.org/browse/creator/bangladeshi,,,,11952|39194|25184|2670
8549,"Bannister, Edward Mitchell",Edward Mitchell Bannister,https://art.thewalters.org/browse/creator/edward-mitchell-bannister,male,," (American, 1828-1901)",4695
4831,"Bao, Kai",Bao Kai,https://art.thewalters.org/browse/creator/pao-kai,male,, (Chinese),32679
4011,"Baqir, Muhammad",Muhammad Baqir,https://art.thewalters.org/browse/creator/muhammad-baqir,,,,18912
15697,"Bar, Bonaventure de",Bonaventure de Bar,https://art.thewalters.org/browse/creator/bonaventure-de-bar,male,," (French, 1700-1729)",25820
18475,"Barba, Gustave","Gustave Barba, Libraire-Éditeur",https://art.thewalters.org/browse/creator/gustave-barba-libraire-aditeur,,," (French, active ca. 1862)",81395
6277,Barbedienne & Cie.,Barbedienne & Cie.,https://art.thewalters.org/browse/creator/barbedienne--cie,,, (French),94941|98911
5253,"Barbedienne, Ferdinand",Ferdinand Barbedienne,https://art.thewalters.org/browse/creator/ferdinand-barbedienne,male,," (French, 1810-1892)",28254|28611|28068|14405|28007|5782|8771
21315,"Barbier, George",George Barbier,https://art.thewalters.org/browse/creator/george-barbier,,," (French, 1882 - 1932)",87901
4446,"Bargue, Charles",Charles Bargue,https://art.thewalters.org/browse/creator/charles-bargue,male,," (French, 1826-1883)",30379|40561|11703|6325|33847|2884
7149,"Barocci, Federico",Federico Barocci,https://art.thewalters.org/browse/creator/federico-barocci,male,," (Italian, 1526-1612; 1526/28-1612)",31143
4781,"Baron, Jean-Louis",Jean-Louis Baron,https://art.thewalters.org/browse/creator/jean-louis-baron,,," (French, active 1748-1792)",11302
15731,"Barrak (?), Ali Quli ibn Qadr ibn Nur[...]",'Ali Quli ibn Qadr ibn Nur[...] Barrak (?),https://art.thewalters.org/browse/creator/ali-quli-ibn-qadr-ibn-nur-barrak-,,, (Iranian),3513|81211|81213|82792
5436,"Barrias, Ernest",Ernest Barrias,https://art.thewalters.org/browse/creator/ernest-barrias,male,," (French, 1841-1905)",27766|26454
2316,"Barrias, Félix Joseph",Félix-Joseph Barrias,https://art.thewalters.org/browse/creator/fclix-joseph-barrias,male,," (French, 1822-1907)",25998
7178,"Barriere, Jean-Joseph",Jean-Joseph Barriere,https://art.thewalters.org/browse/creator/barriere,,,,22517
21316,"Barrucand, Victor",Victor Barrucand,https://art.thewalters.org/browse/creator/victor-barrucand,,," (French, 1864 - 1934)",87700
5433,"Bartermann, Gottfried",Gottfried Bartermann,https://art.thewalters.org/browse/creator/gottfried-bartermann,,," (German, 1733-1768)",29123
33307,"Barthet, Armand",Armand Barthet,https://art.thewalters.org/browse/creator/armand-barthet,,, (1820 - 1874),87796
5652,"Bartlett, William E.",William E. Bartlett,https://art.thewalters.org/browse/creator/william-e-bartlett,,,,20240
33134,"Bartolini, Lorenzo",Lorenzo Bartolini,https://art.thewalters.org/browse/creator/lorenzo-bartolini,,," (Italian, 1777-1850)",15042
6278,"Bartolo, Andrea de",Andrea di Bartolo,https://art.thewalters.org/browse/creator/andrea-di-bartolo,male,," (Italian, active 1389-1428)",18216|38060|29205
16312,"Bartolo, Nanni di",Nanni di Bartolo,https://art.thewalters.org/browse/creator/nanni-di-bartolo,,," (Italian, 1419-1451)",39180
6082,"Barye, Antoine-Louis",Antoine-Louis Barye,https://art.thewalters.org/browse/creator/antoine-louis-barye,male,"Antoine-Louis Barye was the foremost animalier, or animal sculptor, of the 19th century. Relying on his remarkable imagination and his profound knowledge of his subjects' anatomy, he modeled powerful images of animals alone or engaged in fierce combats. So gifted was he as an animal sculptor that the influential critic Théophile Gautier proclaimed him the ""Michael Angelo of the Menagerie."" But Barye was equally talented at sculpting the human figure. His skills in this regard are familiar to Baltimoreans who regularly encounter his four allegorical groups, War, Peace, Order, and Force, on the marble balustrades in Mount Vernon Place. He was he teacher to the sculptor Auguste Rodin (1840-1917), but he also provided inspiration to later artists, including the French modernist, Henri Matisse (1869-1954), and the American painter and sculptor Frederic S. Remington (1861-1909)."
"
"
"
Barye is remembered for monumental works commissioned by the state as well as for small, intimate sculptures intended as household ornaments. Various Parisian foundries cast his sculptures in multiples, thereby providing affordable art to the rapidly expanding middle classes."
"
"
"
Barye's paintings are less well known. In the late 1820s, he started to use watercolors, and during the course of his career he produced over 220 paintings in this medium. Although they were never exhibited during his lifetime, Barye also worked in oils. Nearly sixty canvases were found in his studio after his death. As in his sculptures, animals, both native and foreign, were the subjects of most of his paintings, but he also produced landscapes and a few portraits."," (French, 1795 - 1875)",3393|36070|33390|38064|6505|29088|1159|9140|19566|12033|7872|28722|31162|12488|34924|25659|5685|16681|19573|27922|3477|30426|14756|16405|4540|6257|13499|36463|1323|25674|23520|2338|35401|7105|4519|11002|39650|10768|26840|37093|7504|37998|31804|3976|32736|31179|3099|32036|40242|3441|37364|15222|13481|25163|28748|20466|7893|6404|4184|37792|27412|2177|25261|10466|23094|13366|2243|8652|17985|38283|9948|17283|25470|25490|20401|11140|40322|5530|9954|3893|9625|8417|15128|12526|39995|22391|24235|35880|5349|28045|34740|32989|8328|3410|30899|16877|28613|1925|13202|4362|8318|29490|32194|25736|29032|1119|16699|11141|39109|17935|8034|15514|13602|15885|24073|12721|1550|28393|8029|11446|15304|4824|28316|20077|30343|6003|10834|37262|34355|37594|1098|20577|9842|4466|25778|4199|5938|5797|4856|19705|37701|11232|10955|7809|20101|40863|38875|1590|11070|24007|36225|21191|21903|24624|29425|29392|18041|17739|10104|16952|19628|17607|26434|2803|37868|19768|21220|33975|35268|6696|28031|3340|8665|1883|29809|21106|9809|23716|39733|7086|3
2228,"Baró, Josep Tapiró",Josep Tapiró Baró,https://art.thewalters.org/browse/creator/josep-tapir-bar,male,," (Spanish, 1830-1913)",4457
2143,"Basaiti, Marco",Marco Basaiti,https://art.thewalters.org/browse/creator/marco-basaiti,male,," (Italian, ca. 1470 - after 1530)",3817|5803
3585,Basavan,Basavan,https://art.thewalters.org/browse/creator/basavan,,,,3681|83869|83870
8215,Basil Saint,Saint Basil,https://art.thewalters.org/browse/creator/saint-basil,,, (ca. 329-379),8827|35291
16223,"Bassa, Arnau",Arnau Bassa,https://art.thewalters.org/browse/creator/arnau-bassa,male,," (Spanish, active ca. 1345-1348)",1582
15245,"Bassa, Ferrer",Ferrer Bassa,https://art.thewalters.org/browse/creator/ferrer-bassa,male,," (Spanish, ca. 1290-1348)",1582
2623,"Bassano, Leandro",Leandro Bassano,https://art.thewalters.org/browse/creator/leandro-bassano,male,," (Italian, 1557-1622)",26739|27322
3073,"Bateman, Hester",Hester Bateman,https://art.thewalters.org/browse/creator/hester-bateman,female,," (English, 1740-1790)",8495
4857,"Batoni, Pompeo Girolamo",Pompeo Girolamo Batoni,https://art.thewalters.org/browse/creator/pompeo-girolamo-batoni,male,," (Italian, 1708-1787)",40598|30424|8467|30424
3411,"Baudesson, Daniel",Daniel Baudesson,https://art.thewalters.org/browse/creator/daniel-baudesson,male,," (French, 1716-1785)",33049
2891,"Baudoin, Bhotet",Bhotet Baudoin,https://art.thewalters.org/browse/creator/bhotet-baudoin,,,,4647
3098,"Baudry, Paul-Jacques-Aimé",Paul-Jacques-Aimé Baudry,https://art.thewalters.org/browse/creator/paul-jacques-aimc-baudry,male,," (French, 1828-1886)",8441
15457,"Baugrand, Gustave",Gustave Baugrand,https://art.thewalters.org/browse/creator/gustave-baugrand,,," (French, 1826-1870)",16694
4752,"Bayes, Alfred Walter",Alfred Walter Bayes,https://art.thewalters.org/browse/creator/alfred-walter-bayes,male,," (British, 1832-1909)",11771
20942,"Beardsley, Aubrey Vincent",Aubrey Vincent Beardsley,https://art.thewalters.org/browse/creator/aubrey-vincent-beardsley,,," (British, 1872 - 1898)",85421|85422
3050,"Beare, George",George Beare,https://art.thewalters.org/browse/creator/george-beare,male,," (British, active 1738-49)",19559|19559
2381,"Beaumont, Edouard de",Édouard de Beaumont,https://art.thewalters.org/browse/creator/adouard-de-beaumont,male,," (French, 1821-1888)",10515|40268|13362|5137
2183,"Beauvallet, Pierre-Nicolas",Pierre-Nicolas Beauvallet,https://art.thewalters.org/browse/creator/pierre-nicolas-beauvallet,male,," (French, 1750-1818)",25196
2466,"Becker, Carl Ludwig Friedrich",Carl Ludwig Friedrich Becker,https://art.thewalters.org/browse/creator/carl-ludwig-friedrich-becker,male,," (German, 1820-1890)",24072
8737,Bede the Venerable Saint,"Saint Bede, the Venerable",https://art.thewalters.org/browse/creator/saint-bede-the-venerable,,, (673-735),32220|31103|1944|12038|28605|27469|6549
5580,"Beechey, Sir William",Sir William Beechey,https://art.thewalters.org/browse/creator/sir-william-beechey,male,," (British, 1753-1839)",2246
4518,"Beeldemaacker, Adriaen Cornelisz",Adriaen Cornelisz Beeldemaacker,https://art.thewalters.org/browse/creator/adriaen-cornelisz-beeldemaacker,male,," (Dutch, 1618-1709)",1271
16513,"Beham, Barthel",Barthel Beham,https://art.thewalters.org/browse/creator/barthel-beham,male,," (German, 1502-1540)",2633
2691,"Belanger, Francois-Joseph",François-Joseph Bélanger,https://art.thewalters.org/browse/creator/bclanger,,," (French, 1744 - 1818)",23721
6262,Belgian,Belgian,https://art.thewalters.org/browse/creator/belgian,,,,914|31383|36055
34783,"Bell, John",John Bell,https://art.thewalters.org/browse/creator/john-bell-1811-1895,,," (English, 1811 - 1895)",101016
4182,"Bellaert, Jacop",Jacop Bellaert,https://art.thewalters.org/browse/creator/jacop-bellaert,,," (Dutch, active 1484-1485)",1272|24509
4312,"Bellange, Jacques",Jacques Bellange,https://art.thewalters.org/browse/creator/jacques-bellange,male,," (French, ca. 1575-1616)",34801|34801
4268,"Bellangé, Hippolyte",Hippolyte Bellangé,https://art.thewalters.org/browse/creator/hippolyte-bellangc,,," (French, 1800-1866)",15944|16986|1078
15486,"Bellano, Bartolomeo",Bartolomeo Bellano,https://art.thewalters.org/browse/creator/bartolomeo-bellano,male,," (Italian, 1437/1438-1496/1497)",25640
5599,"Belle, Alexis-Simon",Alexis-Simon Belle,https://art.thewalters.org/browse/creator/alexis-simon-belle,male,," (French, 1674-1734)",18940
5831,"Bellegambe, Jean",Jean Bellegambe,https://art.thewalters.org/browse/creator/jean-bellegambe,male,," (Netherlandish, ca. 1480-1534/1536)",30108
16487,Bellemare Group,Bellemare Group,https://art.thewalters.org/browse/creator/bellemare-group,,,,12484|79422|78372|78373|7308|78375|78376|78377|79428|85644|85645
15461,Belleteste family,Belleteste family,https://art.thewalters.org/browse/creator/belleteste-family,,," (French, late 17th-early 19th century)",24272
3747,"Bellevois, Jacob Adriaensz.",Jacob Adriaensz. Bellevois,https://art.thewalters.org/browse/creator/jacob-adriaensz-bellevois,male,," (Dutch, 1621-1675)",16184
2549,"Belli, Valerio",Valerio Belli,https://art.thewalters.org/browse/creator/valerio-belli,male,," (Italian, ca. 1468-1546)",37168|1811
6439,"Bellini, Filippo",Filippo Bellini,https://art.thewalters.org/browse/creator/filippo-bellini,male,," (Italian, ca. 1550-1603)",34812
2106,"Bellini, Giovanni",Giovanni Bellini,https://art.thewalters.org/browse/creator/giovanni-bellini,male,," (Italian, born 1431-1436, died 1516)",40308|38643|40308|19670
4713,"Bellunensis, Urbanus",Urbanus Bellunensis,https://art.thewalters.org/browse/creator/urbanus-bellunensis,,,,122
7861,"Belz, Jean-Philippe",Jean-Philippe Belz,https://art.thewalters.org/browse/creator/jean-philippe-belz,,,,7997
7879,"Bembo, Illuminata",Illuminata Bembo,https://art.thewalters.org/browse/creator/illuminata-bembo,,,,37433
3481,"Bendemann, Eduard Julius Friedrich",Eduard Julius Friedrich Bendemann,https://art.thewalters.org/browse/creator/eduard-julius-friedrich-bendemann,male,," (German, 1811-1889)",19806
8206,Benedict Saint,Saint Benedict,https://art.thewalters.org/browse/creator/saint-benedict,,,,14573
6399,Bengal,Bengal,https://art.thewalters.org/browse/creator/bengal,,,,4429
3091,"Bening, Simon",Simon Bening,https://art.thewalters.org/browse/creator/simon-bening,male,," (Flemish, 1483-1561)",15523|84341|84342|84343|84344
33760,"Benner, Emmanuel II",Emmanuel Benner II,https://art.thewalters.org/browse/creator/emmanuel-benner-ii,,," (French, 1836 - 1896)",39851|38247
5939,"Benouville, Jean Achille",Jean Achille Benouville,https://art.thewalters.org/browse/creator/jean-achille-benouville,male,," (French, 1815-1891)",4597
4006,"Benzoni, Martino",Martino Benzoni,https://art.thewalters.org/browse/creator/martino-benzoni,male,," (Italian, 1451-1492)",24184
20956,"Beraldi, Henri",Henri Beraldi,https://art.thewalters.org/browse/creator/henri-beraldi,,," (French, 1849 - 1931)",88124|87933
4717,"Berckheyde, Jacob Adriaensz",Jacob Adriaensz Berckheyde,https://art.thewalters.org/browse/creator/jacob-adriaensz-berckheyde,male,," (Dutch, 1630-1693)",7330
5793,"Berge, Edward",Edward Berge,https://art.thewalters.org/browse/creator/edward-berge,male,," (American, 1876-1924)",11633
5853,"Bergmann, Johann",Johann Bergmann,https://art.thewalters.org/browse/creator/johann-bergmann,,,,9145
7376,"Berlinghieri, Francesco",Francesco Berlinghieri,https://art.thewalters.org/browse/creator/francesco-berlinghieri,,,,8640|90309|90310
1939,"Bernaert, Adam",Adam Bernaert,https://art.thewalters.org/browse/creator/adam-bernaert,male,," (Dutch, active ca. 1660-1669)",369
8736,Bernard of Clairvaux,Bernard of Clairvaux,https://art.thewalters.org/browse/creator/bernard-of-clairvaux,,,,22188|5505
16445,"Bernard, Émile",Émile Bernard,https://art.thewalters.org/browse/creator/amile-bernard,male,," (French, 1868-1941)",79188
5685,"Bernardi, Giovanni",Giovanni Bernardi,https://art.thewalters.org/browse/creator/giovanni-bernardi,male,," (Italian, 1494-1553)",27839|13980|23974
4221,"Bernier, Stanislas Louis",Stanislas Louis Bernier,https://art.thewalters.org/browse/creator/stanislas-louis-bernier,male,," (French, 1845-1919)",35682|24672
6650,"Bernini, Gian Lorenzo",Gian Lorenzo Bernini,https://art.thewalters.org/browse/creator/gian-lorenzo-bernini,male,," (Italian, active 1598-1680)",1418|5040|26413|1418|5040
4362,"Berns, Meves",Meves Berns,https://art.thewalters.org/browse/creator/meves-berns,,,,13203
2889,"Berruguete, Pedro Gonzales",Pedro Gonzales Berruguete,https://art.thewalters.org/browse/creator/pedro-gonzales-berruguete,male,," (Spanish, died ca. 1504)",32087
5805,"Bersch, Carl",Carl Bersch,https://art.thewalters.org/browse/creator/carl-bersch,male,," (German | American, 1834-1914)",32721
6934,"Bert, C.",C. Bert,https://art.thewalters.org/browse/creator/c-bert,,,,3443
3476,"Bertin, Nicolas",Nicolas Bertin,https://art.thewalters.org/browse/creator/nicolas-bertin,male,," (French, 1668-1736)",8929
5565,"Bertos, Francesco",Francesco Bertos,https://art.thewalters.org/browse/creator/francesco-bertos,male,," (Italian, active 1693-1733)",2145|2220|28471|7757|16267
5944,"Bertucci, Giovanni Battista I",Giovanni Battista Bertucci I,https://art.thewalters.org/browse/creator/giovanni-battista-bertucci-i,male,," (Italian, ca. 1465-1516)",13464|5606
2272,"Besarel, Valentino",Valentino Besarel,https://art.thewalters.org/browse/creator/valentino-besarel,male,," (Italian, 1829-1902)",29797|8419
16441,"Besnard, Albert",Albert Besnard,https://art.thewalters.org/browse/creator/albert-besnard,male,," (French, 1849-1934)",79179
4505,"Bestland, Charles",Charles Bestland,https://art.thewalters.org/browse/creator/charles-bestland,male,," (British, 1763-1837)",38629
5157,"Beuckelaer, Joachim",Joachim Beuckelaer,https://art.thewalters.org/browse/creator/joachim-beuckelaer,male,," (Flemish, ca. 1533-1574)",13900
17803,"Bianchi, Pietro",Pietro Bianchi,https://art.thewalters.org/browse/creator/pietro-bianchi,male,," (Italian, 1694-1740)",9827
2828,"Bibir, Qara",Qara Bibir,https://art.thewalters.org/browse/creator/qara-bibir,,,,27233
3452,"Bicci, Neri de",Neri di Bicci,https://art.thewalters.org/browse/creator/neri-di-bicci,male,," (Italian, 1418-1492)",35571|19710
6619,"Bida, Alexandre",Alexandre Bida,https://art.thewalters.org/browse/creator/alexandre-bida,male,," (French, 1823-1895)",10181|15703|22354|17136|36517|28374|32175|12173|34099
2252,"Bierfreund, Georg Nicolaus",Georg Nicolaus Bierfreund,https://art.thewalters.org/browse/creator/georg-nicolaus-bierfreund,male,," (German, 1740-1784)",18364
4835,"Biermann, Eduard",Eduard Biermann,https://art.thewalters.org/browse/creator/eduard-biermann,male,," (German, 1803-1892)",37896
6937,"Biermann, Eduard Karl",Eduard Karl Biermann,https://art.thewalters.org/browse/creator/eduard-karl-biermann,male,," (German, 1803-1892)",39694
3363,"Bierstadt, Albert",Albert Bierstadt,https://art.thewalters.org/browse/creator/albert-bierstadt,male,," (American, 1830-1902)",24607
2515,"Bigot, Trophime",Trophime Bigot,https://art.thewalters.org/browse/creator/trophime-bigot,male,," (French, ca. 1579-1650)",37744
19364,Bihzad,Bihzad,https://art.thewalters.org/browse/creator/bihzad,,, (died 942 AH/AD 1536-1537),36069|19657|84221|84222
6307,"Bijlert, Jan van",Jan van Bijlert,https://art.thewalters.org/browse/creator/jan-van-bijlert,male,," (Dutch, ca. 1597-1671)",29814|38664|29814
2572,Billot,Billot,https://art.thewalters.org/browse/creator/billot,,,,12718
19280,Bim Gujarati,Bim Gujarati,https://art.thewalters.org/browse/creator/bim-gujarati,,,,6633|83666
3474,"Bing, Yun",Yun Bing,https://art.thewalters.org/browse/creator/yun-bing,,," (Chinese, 18th century)",15678
4898,"Biondo, Giovanni del",Giovanni del Biondo,https://art.thewalters.org/browse/creator/giovanni-del-biondo,male,," (Italian, active 1356-1399)",26136
8047,"Birago, Giovan Pietro",Giovan Pietro Birago,https://art.thewalters.org/browse/creator/giovan-pietro-birago,,," (Italian, active 1471-1513)",21404|23106
6447,"Birch, William Russell",William Russell Birch,https://art.thewalters.org/browse/creator/william-russell-birch,male,," (British, 1755-1834)",3189|23954|16629|12293|22919
16211,"Bitzamanos, Angelos",Angelos Bitzamanos,https://art.thewalters.org/browse/creator/angelos-bitzamanos,,," (Greek, 1467-1532)",9729|37749
4010,Bizen School,Bizen School,https://art.thewalters.org/browse/creator/bizen-school,,, (Japanese),16456|566|36168|40428
34479,"Blake, Eugenia White",Eugenia White Blake,https://art.thewalters.org/browse/creator/eugenia-white-blake,,," (American, 1876 - 1962)",14435
5940,"Blakelock, Ralph Albert",Ralph Albert Blakelock,https://art.thewalters.org/browse/creator/ralph-albert-blakelock,male,," (American, 1845-1919)",26677
5276,"Blastus, Nicolaus",Nicolaus Blastus,https://art.thewalters.org/browse/creator/nicolaus-blastus,,,,13626
2311,"Blauvelt, Charles Felix",Charles Felix Blauvelt,https://art.thewalters.org/browse/creator/charles-felix-blauvelt,male,," (American, 1824-1900)",24654|3107|40004|34211|34423
6575,"Blerzy, Joseph-Etienne",Joseph-Etienne Blerzy,https://art.thewalters.org/browse/creator/joseph-etienne-blerzy,male,, (French),1235
3032,"Bloemaert, Abraham",Abraham Bloemaert,https://art.thewalters.org/browse/creator/abraham-bloemaert,male,," (Dutch, 1566-1651)",26419
6874,"Bloemaert, Hendrick",Hendrick Bloemaert,https://art.thewalters.org/browse/creator/hendrick-bloemaert,male,," (Dutch, ca. 1601-1672)",2012|26950
2000,"Bloemen, Jan Frans van",Jan Frans van Bloemen,https://art.thewalters.org/browse/creator/jan-frans-van-bloemen,male,," (Flemish, 1662-1749)",13229|28541|2823|10589|35669|8119|10589|35400
7591,"Blum, Johann",Johann Blum,https://art.thewalters.org/browse/creator/johann-blum,,," (German, 1599-after 1662)",4079
18154,"Bo, Ziting",Bo Ziting,https://art.thewalters.org/browse/creator/bo-ziting,,," (Chinese, 1284-after 1353)",36025
7439,"Boccaccio, Giovanni",Giovanni Boccaccio,https://art.thewalters.org/browse/creator/giovanni-boccaccio2,,,,778
2896,"Boccaccio, Giovanni",Giovanni Boccaccio,https://art.thewalters.org/browse/creator/giovanni-boccaccio,,, (1313 - 1375),21832|14643
4743,"Boccaccio, M. Giovanni",M. Giovanni Boccaccio,https://art.thewalters.org/browse/creator/m-giovanni-boccaccio,male,," (Italian, 1313-1375)",20211|28435
20421,"Bocchi, Achille",Achille Bocchi,https://art.thewalters.org/browse/creator/achille-bocchi,,," (Italian, 1488-1562)",81572
33598,"Boche, Michel",Michel Boche,https://art.thewalters.org/browse/creator/michel-boche,,, (French),23411
20943,Bodley Head,Bodley Head,https://art.thewalters.org/browse/creator/bodley-head,,,,85421
4184,"Bodmer, Karl",Karl Bodmer,https://art.thewalters.org/browse/creator/karl-bodmer,male,," (Swiss, 1809-1893)",2096
15390,"Boeckhorst, Jan",Jan Boeckhorst,https://art.thewalters.org/browse/creator/jan-boeckhorst,male,," (Flemish, 1605-1668)",9159
4787,Boethius,Boethius,https://art.thewalters.org/browse/creator/boethius,,,,10361|4279
15371,Bohemian,Bohemian,https://art.thewalters.org/browse/creator/bohemian,,,,12209|36204|35179|29555|10782|25104
3855,"Boizot, Simon-Louis",Simon-Louis Boizot,https://art.thewalters.org/browse/creator/simon-louis-boizot,male,," (French, 1743-1809)",2275|4739|32307|12454|5237|27391|35345|7124
34613,"Boldini, Giovanni",Giovanni Boldini,https://art.thewalters.org/browse/creator/giovanni-boldini,,," (Italian, 1842 - 1931)",99991
31643,"Bolin, Wilhelm Andrejevich",Wilhelm Andrejevich Bolin,https://art.thewalters.org/browse/creator/wilhelm-andrejevich-bolin,,,,82283
33118,Bolivian,Bolivian,https://art.thewalters.org/browse/creator/bolivian,,,,85461|85467
15443,"Bonaparte, Letizia",Letizia Bonaparte,https://art.thewalters.org/browse/creator/letizia-bonaparte,,," (French, 1750 - 1836)",30420
8317,"Bonaparte, Napoleon",Napoleon Bonaparte,https://art.thewalters.org/browse/creator/napoleon-bonaparte,,,,40056|37583
16396,"Bonazza, Giovanni",Giovanni Bonazza,https://art.thewalters.org/browse/creator/giovanni-bonazza,male,," (Italian, 1654-1736)",11157|11512|33022|16474|1860
4288,"Bone, Henry Pierce",Henry Pierce Bone,https://art.thewalters.org/browse/creator/henry-pierce-bone,,," (English, 1779-1855)",18801|30578
33488,"Bonet, Paul",Paul Bonet,https://art.thewalters.org/browse/creator/paul-bonet,,," (French, 1889 - 1971)",90558
4816,"Bonheur, Isidore",Isidore Bonheur,https://art.thewalters.org/browse/creator/isidore-bonheur,male,," (French, 1827-1901)",19530
7564,"Bonheur, Rosa",Rosa Bonheur,https://art.thewalters.org/browse/creator/rosa-bonheur,female,," (French, 1822-1899)",37377|17872|30809|36320|6697
16491,"Bonhomme, Matthias",Matthias Bonhomme,https://art.thewalters.org/browse/creator/matthias-bonhomme,,,,37920
7171,"Bonington, Richard Parkes",Richard Parkes Bonington,https://art.thewalters.org/browse/creator/richard-parkes-bonington,male,," (English, 1802-1828)",39779
8045,"Bonnat, Léon",Léon Bonnat,https://art.thewalters.org/browse/creator/lcon-bonnat,male,," (French, 1833-1922)",12713|6437|40555|25856|34903|1013
2960,"Bono, Étienne-Henry",Étienne-Henry Bono,https://art.thewalters.org/browse/creator/atienne-henry-bono,male,," (French, 1742-after 1781)",21080|77457
3104,"Bonvin, François",François Bonvin,https://art.thewalters.org/browse/creator/franbois-bonvin,male,," (French, 1817-1887)",38126|27039|456|16489|15814
2573,"Bonvin, Léon",Léon Bonvin,https://art.thewalters.org/browse/creator/lcon-bonvin,male,," (French, 1834-1866)",13074|9980|678|10647|29818|6813|29692|10684|11035|6737|34202|31952|13540|9003|4829|40059|13987|20693|17483|9911|4193|8801|2570|35336|33892|3154|18953|6127|9684|35670|34824|7639|27672|16785|3175|16413|21200|38476|26425|25532|35001|18101|19201|22830|24426|39561|8803|1809|31226|19929|22149|29313|20828|26495|29686|29695|40034|103061|103062
8148,"Bonzagna, Gian Federigo",Gian Federigo Bonzagna,https://art.thewalters.org/browse/creator/gian-federigo-bonzagna,male,," (Italian, 1508-after 1586)",4260|15303
2137,"Borcht, Pieter Van Der",Pieter Van Der Borcht,https://art.thewalters.org/browse/creator/pieter-van-der-borcht,male,," (Flemish, 1545-1608)",12196
2434,"Bordier, Denis",Denis Bordier,https://art.thewalters.org/browse/creator/denis-bordier,male,," (SWISS, 1629-1708)",22625
7983,"Bordon, Benedetto",Benedetto Bordon,https://art.thewalters.org/browse/creator/benedetto-bordon,,," (Italian, 1450-1530)",9199|34270|5223|5470|3883|15183|19587|9475|24877|36532|40140|7056|40076|17876|2404|13402|20915|21687|11453|33035|32872|23703|37027|13809|5332|5190|18916|11671|20278|14447|24536|6900|36695|10717
7039,"Bordone, Paris",Paris Bordone,https://art.thewalters.org/browse/creator/paris-bordone,male,," (Italian, 1500-1571)",18623
4952,"Boreman, Zachariah",Zachariah Boreman,https://art.thewalters.org/browse/creator/zachariah-boreman,male,," (British, 1738-1810)",9011
31606,"Borisov, Yakov Alekseevich",Yakov Alekseevich Borisov,https://art.thewalters.org/browse/creator/yakov-alekseevich-borisov,,, (active 1876-1896),82408|82409|82410
3479,"Borovikovski, Vladmir Lukich",Vladmir Lukich Borovikovski,https://art.thewalters.org/browse/creator/vladmir-lukich-borovikovski,male,," (Russian, 1757-1825)",37606
15478,"Borrell, John Henry",John Henry Borrell,https://art.thewalters.org/browse/creator/john-henry-borrell,,," (English, 1757-1840)",34706
34979,"Bosilio, Manfredino",Manfredino Bosilio,https://art.thewalters.org/browse/creator/manfredino-bosilio,,," (Italian, died 1496)",16625
3519,"Bosschaert, Jan Baptist",Jan Baptist Bosschaert,https://art.thewalters.org/browse/creator/jan-baptist-bosschaert,male,," (Flemish, 1667-ca. 1746)",27086
2695,"Bossi, Giovanni Domenico",Giovanni Domenico Bossi,https://art.thewalters.org/browse/creator/giovanni-domenico-bossi,male,," (Italian, 1765-1853)",23478|17526|32395
17293,"Bossuit, Francis van",Francis van Bossuit,https://art.thewalters.org/browse/creator/francis-van-bossuit,male,," (Flemish, 1635-1692)",80579
4645,"Both, Jan",Jan Both,https://art.thewalters.org/browse/creator/jan-both,male,," (Dutch, ca. 1618-1652)",30009
15774,"Botticelli, Sandro",Sandro Botticelli,https://art.thewalters.org/browse/creator/sandro-botticelli,male,," (Italian, 1444/5-1510)",10081|15551|29519
5484,"Botticini, Raffaello",Raffaello Botticini,https://art.thewalters.org/browse/creator/raffaello-botticini,male,," (Italian, 1477-after 1520)",2014
2724,"Boucher, François",François Boucher,https://art.thewalters.org/browse/creator/franbois-boucher,male,," (French, 1703-1770)",7188|21207|14735|2104|38481|39636|7151|21913|4400|17062|23440|95452|95499|95503|95510|95511|95517|87358|19466|37208|18605|24063|28400
3810,"Boucheret, Jacob a Dieppe",Jacob a Dieppe Boucheret,https://art.thewalters.org/browse/creator/jacob-a-dieppe-boucheret,,,,29343
3375,Boucheron,Boucheron,https://art.thewalters.org/browse/creator/boucheron,,," (French, 1858-present)",18370|2924
8312,"Boudin, Eugène Louis",Eugène Louis Boudin,https://art.thewalters.org/browse/creator/eugrne-louis-boudin,male,," (French, 1824-1898)",37203|23563
3094,"Boughton, George Henry R.A.",George Henry Boughton,https://art.thewalters.org/browse/creator/george-henry-boughton,male,," (American, 1833-1905)",35321|39821|9004|6601|16797|12881|2306
4773,"Bouguereau, Adolphe-William",William-Adolphe Bouguereau,https://art.thewalters.org/browse/creator/william-adolphe-bouguereau,male,," (French, 1825-1905)",10824|4517|24741|36051|77251
3756,"Boulanger, Jean Pierre le père",Jean Pierre Boulanger le père,https://art.thewalters.org/browse/creator/jean-pierre-boulanger-le-prre,male,," (French, 1722-1785)",12454|5237|36057|37491|5239|40878|24547
4862,"Boulle, André-Charles",André-Charles Boulle,https://art.thewalters.org/browse/creator/andrc-charles-boulle,male,," (French, 1642-1732)",10475
3424,"Boulton, Matthew",Matthew Boulton,https://art.thewalters.org/browse/creator/matthew-boulton,male,," (English, 1728-1809)",5578|32078
4076,"Bounetheau, Henry Brintnell",Henry Brintnell Bounetheau,https://art.thewalters.org/browse/creator/henry-brintnell-bounetheau,male,," (American, 1797-1877)",19240
15362,"Bouquet, David",David Bouquet,https://art.thewalters.org/browse/creator/david-bouquet,,," (French, 1632-1635)",33522
4377,"Bourdichon, Jean",Jean Bourdichon,https://art.thewalters.org/browse/creator/jean-bourdichon,male,," (French, 1457-1521)",39804|16800|6614|95031
7108,"Bourgoin, François Joseph",François Joseph Bourgoin,https://art.thewalters.org/browse/creator/franbois-joseph-bourgoin,male,," (French, active 1754 - 1786)",37022
35174,"Boutet, Claude",Claude Boutet,https://art.thewalters.org/browse/creator/claude-boutet,,," (French, 1635 - 1709)",102278
33730,"Bouval, Maurice",Maurice Bouval,https://art.thewalters.org/browse/creator/maurice-bouval,,," (French, 1863 - 1916)",20612
3880,"Bouvier, Gustav",Gustav Bouvier,https://art.thewalters.org/browse/creator/gustav-bouvier,,,,20169
35384,Bow Porcelain Factory,Bow Porcelain Factory,https://art.thewalters.org/browse/creator/bow-porcelain-factory,,, (1744 - 1776),24768
16259,"Bower, George",George Bower,https://art.thewalters.org/browse/creator/george-bower,male,," (English, active 1650-1690)",21142
8461,"Bowles, J. M.",J. M. Bowles,https://art.thewalters.org/browse/creator/j-m-bowles,,,,1025
6482,"Bradt, Anton",Anton Bradt,https://art.thewalters.org/browse/creator/anton-bradt,,,,5659
4465,"Braekeleer, Ferdinand de the elder",Ferdinand de Braekeleer the elder,https://art.thewalters.org/browse/creator/ferdinand-de-braekeleer-the-elder,male,," (Belgian, 1792-1883)",20610|12962
15110,"Brame, Hector",Hector Brame,https://art.thewalters.org/browse/creator/hector-brame,,," (French, 1831-1899)",81400
8592,"Brancaleon, Niccolò",Niccolò Brancaleon,https://art.thewalters.org/browse/creator/niccol-brancaleon,,," (Italian, active 1480-1521)",40501
15355,"Brand, Gerard",Gerard Brand,https://art.thewalters.org/browse/creator/gerardus-brand,,," (Dutch, 1594 - 1623)",21202
5439,"Brandon, Jacob-Emile-Edouard",Jacob-Emile-Edouard Brandon,https://art.thewalters.org/browse/creator/jacob-emile-edouard-brandon,male,," (French, 1831-1897)",13459
4230,"Brandt, Józef",Józef Brandt,https://art.thewalters.org/browse/creator/jzef-brandt,male,," (Polish, 1841-1915)",36187
2177,"Brandt, Otto",Otto Brandt,https://art.thewalters.org/browse/creator/otto-brandt,,," (German, 1828 - 1892)",13076
8173,"Brant, Sebastian",Sebastian Brant,https://art.thewalters.org/browse/creator/sebastian-brant,,,,9145
5154,"Bray, Jan de",Jan de Bray,https://art.thewalters.org/browse/creator/jan-de-bray,male,,,12776
3246,Brazilian,Brazilian,https://art.thewalters.org/browse/creator/brazilian,,,,39121
15440,Breguet et fils,Breguet et fils,https://art.thewalters.org/browse/creator/breguet-et-fils,,, (French),37734
2798,"Breguet, Abraham Louis",Abraham Louis Breguet,https://art.thewalters.org/browse/creator/louis-antoine-breguet-the-younger,male,," (Swiss, 1747 - 1823, active in France)",20384
4610,"Breguet, Abraham-Louis",Abraham-Louis Breguet,https://art.thewalters.org/browse/creator/abraham-louis-breguet,male,," (Swiss, 1747-1823)",37734|19305
8760,Breitling Laederich,Breitling Laederich,https://art.thewalters.org/browse/creator/breitling-laederich,,,,29291
6428,"Brenner, Victor David",Victor David Brenner,https://art.thewalters.org/browse/creator/victor-david-brenner,male,," (American, 1871-1924)",36616|22471|40486|1025
8396,"Breton, Jules Adolphe Aimé Louis",Jules Adolphe Aimé Louis Breton,https://art.thewalters.org/browse/creator/jules-adolphe-aimc-louis-breton,male,," (French, 1827-1906)",10573|20304|20842
7752,"Breydenbach, Bernard von",Bernard von Breydenbach,https://art.thewalters.org/browse/creator/bernard-von-breydenbach,,,,30027
5995,"Brichard, Eloy",Eloy Brichard,https://art.thewalters.org/browse/creator/eloy-brichard,male,," (French, active 1752-1762)",19459
7068,"Bricher, Alfred Thompson",Alfred Thompson Bricher,https://art.thewalters.org/browse/creator/alfred-thompson-bricher,male,," (American, 1837-1908)",18209|2122
33636,"Briggs, Frederic Schuler",Frederic Schuler Briggs,https://art.thewalters.org/browse/creator/frederic-schuler-briggs,,," (American, born 1937)",92408
2620,"Bril, Paul",Paul Bril,https://art.thewalters.org/browse/creator/paul-bril,male,," (Flemish, 1554-1626)",35399
3567,"Brion, Gustave",Gustave Brion,https://art.thewalters.org/browse/creator/gustave-brion,male,," (French, 1824-1877)",22694|8396
5420,"Briosco, Andrea",Andrea Briosco,https://art.thewalters.org/browse/creator/andrea-briosco,male,," (Italian, 1460-1532; 1460/75-1532)",37686
16295,British,British,https://art.thewalters.org/browse/creator/british,,,,16344|79075|90270|90274|30895|18255|12999
5676,"Brocard, Joseph Phillipe",Joseph Phillipe Brocard,https://art.thewalters.org/browse/creator/joseph-phillipe-brocard,male,," (French, died 1896)",5835|11093
8184,"Bronzino, Agnolo",Agnolo Bronzino,https://art.thewalters.org/browse/creator/agnolo-bronzino,male,," (Italian, 1503-1572)",12898|40566|40566
15474,"Broome, Thomas",Thomas Broome,https://art.thewalters.org/browse/creator/thomas-broome,,," (English, active beginning 1752)",36441
7081,"Brouwer, Adriaen",Adriaen Brouwer,https://art.thewalters.org/browse/creator/adriaen-brouwer,male,," (Flemish, 1605/6-1638)",21710
4055,"Brown, John George",John George Brown,https://art.thewalters.org/browse/creator/john-george-brown,male,," (American, 1831-1913)",21311
3309,"Brown, John Henry",John Henry Brown,https://art.thewalters.org/browse/creator/john-henry-brown,male,," (American, 1818-1891)",3805|13011
15500,"Bruegel, Pieter I",Pieter Bruegel I,https://art.thewalters.org/browse/creator/pieter-bruegel-i,male,," (Flemish, ca. 1525-1569)",24128
7088,"Brueghel, Jan the elder",Jan Brueghel the Elder,https://art.thewalters.org/browse/creator/jan-brueghel-the-elder,male,," (Flemish, 1568-1625)",14623|24343
15509,"Brueghel, Jan the younger",Jan Brueghel the Younger,https://art.thewalters.org/browse/creator/jan-brueghel-the-younger,male,," (Flemish, 1601-1678)",23582|24343
7166,"Brueghel, Pieter II",Pieter Brueghel II,https://art.thewalters.org/browse/creator/pieter-brueghel-ii,male,," (Flemish, 1564/5-1637/8)",24128
7311,"Brunschwig, Hieronymus",Hieronymus Brunschwig,https://art.thewalters.org/browse/creator/hieronymus-brunschwig,,,,39905
2739,"Brusasorci, Domenico",Domenico Brusasorci,https://art.thewalters.org/browse/creator/domenico-brusasorci,,,,38341
2717,"Brussels R236, Painter of",Painter of Brussels R236,https://art.thewalters.org/browse/creator/painter-of-brussels-r236,,," (Greek, 6th-5th century BC)",18553
6996,"Bruyn, Bartholomaüs the younger",Bartholomaüs Bruyn the younger,https://art.thewalters.org/browse/creator/bartholomas-bruyn-the-younger,male,," (German, 1530-1610)",15632
3836,"Bry, Theodor de",Theodor de Bry,https://art.thewalters.org/browse/creator/theodor-de-bry,male,," (German, 1528-1598)",22673
4907,"Brödel, Max",Max Brödel,https://art.thewalters.org/browse/creator/max-brdel,,," (German, 1870 - 1941)",16444|40474|24341|13702
18242,"Brüloff, Carl Pavlovich",Carl Pavlovich Brüloff,https://art.thewalters.org/browse/creator/carl-pavlovich-brloff,male,," (Russian, 1799-1852)",40581
4051,"Bugiardini, Giuliano",Giuliano Bugiardini,https://art.thewalters.org/browse/creator/giuliano-bugiardini,male,," (Italian, 1475-1554)",1694|2454
4796,"Buglioni, Benedetto",Benedetto Buglioni,https://art.thewalters.org/browse/creator/benedetto-buglioni,,," (Italian, 1459/60-1521)",32797|31155|28989|10605
4795,"Buglioni, Santi",Santi Buglioni,https://art.thewalters.org/browse/creator/santi-buglioni,male,," (Italian, 1494-1576)",12795|32797|31155|19906
16462,Bulas Group,Bulas Group,https://art.thewalters.org/browse/creator/bulas-group,,, (Greek),13939
6732,Bulgarian,Bulgarian,https://art.thewalters.org/browse/creator/bulgarian,,,,39450
15424,Bunkan,Bunkan,https://art.thewalters.org/browse/creator/bunkan,male,," (Japanese, 1278-1357)",14423
5912,"Bunko, Shirahase",Shirahase Bunko,https://art.thewalters.org/browse/creator/shirahase-bunko,,,,23853
7173,"Bunrin, Shiokawa",Shiokawa Bunrin,https://art.thewalters.org/browse/creator/shiokawa-bunrin,,," (Japanese, 1801-1877)",12214|5027
3088,Bunro,Bunro,https://art.thewalters.org/browse/creator/bunro,male,, (Japanese),26414
2173,"Buonarroti, Michelangelo",Michelangelo Buonarroti,https://art.thewalters.org/browse/creator/michelangelo-buonarroti,,," (Italian, 1475-1564)",6530|37238|27839
16768,Burgos Workshop,Burgos Workshop,https://art.thewalters.org/browse/creator/burgos-workshop,,,,29348
5511,Burgundian,Burgundian,https://art.thewalters.org/browse/creator/burgundian,,,,7399|40829|22536|29065
4703,"Burgus, Sigismundus",Sigismundus Burgus,https://art.thewalters.org/browse/creator/sigismundus-burgus,male,," (Italian, Italian)",3216
16194,Burmese,Burmese,https://art.thewalters.org/browse/creator/burmese,,,,77469|12287|25827|81929|3429|14650|8918|38257|27353|9257|701|87619|37750|15044|77281
3657,"Burroughs, Bryson",Bryson Burroughs,https://art.thewalters.org/browse/creator/bryson-burroughs,male,," (American, 1869-1934)",9036|22263|17593
34523,"Buteux, Charles le Père",Charles Buteux le Père,https://art.thewalters.org/browse/creator/charles-buteux-le-prre,,," (French, Active 1756 - 1782)",9026
34532,"Buteux, Charles-Nicolas",Charles-Nicolas Buteux,https://art.thewalters.org/browse/creator/charles-nicolas-buteux,,," (French,  Active 1763 - 1801)",34635
3373,"Butinone, Bernardino",Bernardino Butinone,https://art.thewalters.org/browse/creator/bernardino-butinone,male,," (Italian, ca. 1450-before 1510)",13882
34610,"Butteri, Giovanni Maria",Giovanni Maria Butteri,https://art.thewalters.org/browse/creator/giovanni-maria-butteri,,," (Italian, ca. 1540 - 1606 or 1608)",8411
32842,"Buttre, John Chester",John Chester Buttre,https://art.thewalters.org/browse/creator/john-chester-buttre,,," (American, 1821 - 1893)",35649
6640,Byzantine,Byzantine,https://art.thewalters.org/browse/creator/byzantine,,,,4550|17359|20389|29832|37980|29630|37793|37065|33804|21546|3585|578|25974|6243|35395|16123|2855|3886|2063|15432|6327|32716|14986|33762|14557|26847|22066|25072|8139|36657|4498|5163|37927|2481|31880|4659|2211|7199|8725|2588|40893|21221|26145|4834|21034|29086|40105|31653|22011|11075|33403|13714|21979|26845|9729|22698|33302|36052|34068|4479|22267|36128|4887|22332|118|6725|29494|34853|3583|26191|26431|6131|105|19482|21835|37688|34840|1562|3138|30681|29918|26666|6178|16084|25485|1389|37214|8962|23130|36756|14208|2109|37842|2291|35868|23845|16612|19346|9107|33087|7841|24998|30297|35975|19170|8536|15581|1553|13550|4441|30539|37568|3677|9667|14979|27508|20954|12833|6468|16465|25978|38079|38288|10217|4890|29486|7422|1318|28798|4745|4577|22797|3379|34297|27000|1617|14889|28054|1706|16417|19096|12404|7523|31467|36845|35762|24975|12164|2554|26244|18858|36952|35257|7186|64|36322|12259|35276|33521|2991|18441|13296|17719|2890|22109|28194|33662|27310|27599|31627|19115|16307|11151|6479|3081|30559|14849|12366|7362|26763|10642|6
31489,"Bärwald, Jacob",Jacob Bärwald,https://art.thewalters.org/browse/creator/jacob-brwald,,, (fl. 1539-1570),84567
18476,"Bédollière, Émile de la",Émile de la Bédollière,https://art.thewalters.org/browse/creator/amile-de-la-bcdollirre,male,," (French, 1812-1883)",81395
36549,"Béjot, Eduard",Eduard Béjot,https://art.thewalters.org/browse/creator/eduard-bjot,,," (French, 1836 - 1885)",101142
6016,"Béranger, Charles",Charles Béranger,https://art.thewalters.org/browse/creator/charles-bcranger,male,," (French, 1816-1853)",8491
3025,"Béraud, Jean",Jean Béraud,https://art.thewalters.org/browse/creator/jean-bcraud,male,," (French, 1849-1935)",27564
31595,"Béthune, Eberhard",Eberhard of Béthune,https://art.thewalters.org/browse/creator/eberhard-of-bcthune,,, (died ca. 1212),3821|91096|91097|91098|91099|91100|91101|91102|91103|91104|91105|91106|91107|91108|91109|91110|91111|91112|91113
4190,"Böttcher, Christian Eduard",Christian Eduard Böttcher,https://art.thewalters.org/browse/creator/christian-eduard-bttcher,male,," (German, 1818-1889)",8672
3616,"Cabanel, Alexandre",Alexandre Cabanel,https://art.thewalters.org/browse/creator/alexandre-cabanel,male,," (French, 1823-1889)",5312|19035
6638,Cabrie,Cabrie,https://art.thewalters.org/browse/creator/cabrie,,,,13414
7866,"Cabrier, Charles II",Charles Cabrier II,https://art.thewalters.org/browse/creator/charles-cabrier-ii,,," (French, master 1757-1772)",37222
1981,"Cades, Giuseppe",Giuseppe Cades,https://art.thewalters.org/browse/creator/giuseppe-cades,male,," (Italian, 1750-1799)",12938
6190,"Caesar, Gaius Julius",Gaius Julius Caesar,https://art.thewalters.org/browse/creator/gaius-julius-caesar,male,," (Roman, ca. 102 - 44 BC)",19202
16249,"Caesarea, Abraham of",Abraham of Caesarea,https://art.thewalters.org/browse/creator/abraham-of-caesarea,,," (Armenian, active 1721-1724)",14483|40820
2753,"Caille, Léon-Emile",Léon-Emile Caille,https://art.thewalters.org/browse/creator/lcon-emile-caille,male,," (French, 1836-1907)",28227
15353,"Cailliatte, Abraham",Abraham Cailliatte,https://art.thewalters.org/browse/creator/abraham-cailliatte,,," (Swiss, 1642-1710)",20201
2591,"Cain, Auguste-Nicolas",Auguste-Nicolas Cain,https://art.thewalters.org/browse/creator/auguste-nicolas-cain,male,," (French, 1822-1894)",28763
6449,"Calame, Alexandre",Alexandre Calame,https://art.thewalters.org/browse/creator/alexandre-calame,male,," (Swiss, 1810-1864)",30460
32709,"Calbet, Antoine",Antoine Calbet,https://art.thewalters.org/browse/creator/antoine-calbet,,, (1860-1944),88034
31451,Calima,Calima,https://art.thewalters.org/browse/creator/calima,,,,18881|80164|31035|1029|17724
3702,"Callcott, Augustus Wall R. A. Sir",Sir Augustus Wall Callcott,https://art.thewalters.org/browse/creator/sir-augustus-wall-callcott,male,," (English, 1779-1844)",15473
3345,"Callet, Antoine-François",Antoine-François Callet,https://art.thewalters.org/browse/creator/antoine-franbois-callet,male,," (French, 1741-1823)",27942
6496,"Callierges, Zacharias",Zacharias Callierges,https://art.thewalters.org/browse/creator/zacharias-callierges,,,,13626
6815,"Callot, Jacques",Jacques Callot,https://art.thewalters.org/browse/creator/jacques-callot,male,," (French, 1592-1635)",9446
18739,"Callowhill, James",James Callowhill,https://art.thewalters.org/browse/creator/james-callowhill,male,," (American, 1838-1917)",81716|81748|81754|81791|19735|96460
18740,"Callowhill, James Clarence",James Clarence Callowhill,https://art.thewalters.org/browse/creator/james-clarence-callowhill,male,," (American, 1865-1927)",81716|81754|81791
18741,"Callowhill, Percy James",Percy James Callowhill,https://art.thewalters.org/browse/creator/percy-james-callowhill,male,," (American, 1873-ca. 1955)",81748|19735
34392,"Calvi, Pietro",Pietro Calvi,https://art.thewalters.org/browse/creator/pietro-calvi,,," (Italian, 1833 - 1884)",98789
15244,"Camaino, Tino di",Tino di Camaino,https://art.thewalters.org/browse/creator/tino-di-camaino,male,," (Italian, ca. 1285-1337)",19200|37848
2147,Cambodian,Cambodian,https://art.thewalters.org/browse/creator/cambodian,,,,24415|23423|23409|4339|35298|6225|20630|33737|30803|16860|9483|38908|34616|22852|10878|34641|15049|16850|9412|32938|27940|16024|21254|2224|11852|13127|22170|6687|6399|30824|29495|26348|15493|32747|671|16913|2375|16860|81918|81919|81927|81934|81941|81944|81945|81938
4919,"Camerino, Olivuccio di Ciccarello da",Olivuccio di Ciccarello da Camerino,https://art.thewalters.org/browse/creator/olivuccio-di-ciccarello-da-camerino,male,," (Italian, ca. 1365-1439)",22289|8687
4750,"Camino, Charles",Charles Camino,https://art.thewalters.org/browse/creator/charles-camino,male,," (French, 1824-1888)",26911|34943|6778|28206|10491|33469
18713,Campanian,Campanian,https://art.thewalters.org/browse/creator/campanian,,,,11764|11601
7749,"Campanus, Johannes Antonius",Johannes Antonius Campanus,https://art.thewalters.org/browse/creator/johannes-antonius-campanus,,,,27105
33472,"Camphausen, Wilhelm Heinrich",Wilhelm Camphausen,https://art.thewalters.org/browse/creator/wilhelm-camphausen,,," (German, 1818 - 1885)",2883
10728,"Campin, Robert",Robert Campin,https://art.thewalters.org/browse/creator/robert-campin,,,,2906
18744,"Camuccini, Vincenzo",Vincenzo Camuccini,https://art.thewalters.org/browse/creator/vincenzo-camuccini,male,," (Italian, 1771-1844)",9752
15541,Canaanite,Canaanite,https://art.thewalters.org/browse/creator/canaanite,,,,31161|23010|17674|14091|29621|9619|662|34037|8866|3908|28134|5337|16939|36102|18783|27190|9103
5701,Canaletto,Canaletto,https://art.thewalters.org/browse/creator/canaletto,male,," (Italian, 1697-1768)",12621|24648|1854
5936,"Cannon, L. B.",L. B. Cannon,https://art.thewalters.org/browse/creator/l-b-cannon,,,,26013|12921|23605|15973
8644,"Cano, Alonso",Alonso Cano,https://art.thewalters.org/browse/creator/alonso-cano,male,," (Spanish, 1601-1667)",26927
3003,"Canova, Antonio Marchese d'Ischia",Antonio Canova,https://art.thewalters.org/browse/creator/antonio-canova,male,," (Italian, 1757-1822)",7221
34207,Cape,Capé,https://art.thewalters.org/browse/creator/capc,,," (French, active 1848 - 1867)",30081
16327,"Capet, Marie Gabrielle",Marie Gabrielle Capet,https://art.thewalters.org/browse/creator/marie-gabrielle-capet,female,," (French, 1761-1818)",10408
16311,"Caraglio, Giovanni Jacopo",Giovanni Jacopo Caraglio,https://art.thewalters.org/browse/creator/giovanni-jacopo-caraglio,male,," (Italian, ca. 1500/1505-1565)",39180|7222
33534,"Carayon, Émile",Émile Carayon,https://art.thewalters.org/browse/creator/amile-carayon,,," (French, 1843 - 1909)",87933|89795
31461,Carchí,Carchí,https://art.thewalters.org/browse/creator/carch,,,,80305
21007,"Cardew, Gloria",Gloria Cardew,https://art.thewalters.org/browse/creator/gloria-cardew,,,,85478
15779,"Cardisco, Marco",Marco Cardisco,https://art.thewalters.org/browse/creator/marco-cardisco,,," (Italian, ca. 1486-1542)",25258
6824,"Carlieri, Alberto",Alberto Carlieri,https://art.thewalters.org/browse/creator/alberto-carlieri,male,," (Italian, 1672-after 1720)",21164|30825
6807,Carolingian,Carolingian,https://art.thewalters.org/browse/creator/carolingian,,,,23524|27217|33007
2409,"Caroselli, Angelo",Angelo Caroselli,https://art.thewalters.org/browse/creator/angelo-caroselli,male,," (Italian, 1585-1652)",6834|888
17229,"Carpaccio, Vittore",Vittore Carpaccio,https://art.thewalters.org/browse/creator/vittore-carpaccio,male,," (Italian, ca. 1460-ca. 1526)",13450
3233,"Carracci, Annibale",Annibale Carracci,https://art.thewalters.org/browse/creator/annibale-carracci,male,," (Italian, 1560-1609)",6060
5533,"Carrari, Baldassare",Baldassare Carrari,https://art.thewalters.org/browse/creator/baldassare-carrari,male,," (Italian, ca. 1460-ca. 1520)",13789
3080,"Carrier-Belleuse, Albert-Ernest",Albert-Ernest Carrier-Belleuse,https://art.thewalters.org/browse/creator/albert-ernest-carrier-belleuse,male,," (French, 1824-1887)",33927|92413|103199|92415|103658|103675
4059,Cartier,Cartier,https://art.thewalters.org/browse/creator/cartier,,," (French, 1847-present)",11024
34406,"Cartier, Michel Alphonse",Michel Alphonse Cartier,https://art.thewalters.org/browse/creator/michel-alphonse-cartier,,,,98854
33250,"Caruchet, Henri",Henri Caruchet,https://art.thewalters.org/browse/creator/henri-caruchet,,,,87771
15489,Casa Pirota,Casa Pirota,https://art.thewalters.org/browse/creator/casa-pirota,,, (Italian),12085|23895
2113,"Casa, Giovanni della",Giovanni della Casa,https://art.thewalters.org/browse/creator/giovanni-della-casa,male,, (Italian),2658|36843|27687
3230,"Caselli, Cristoforo",Cristoforo Caselli,https://art.thewalters.org/browse/creator/cristoforo-caselli,male,," (Italian, ca. 1460-1521)",3723|82253|82254|82255
3753,"Casilear, John William",John William Casilear,https://art.thewalters.org/browse/creator/john-william-casilear,male,," (American, 1811-1893)",3440
3609,"Cassatt, Mary",Mary Cassatt,https://art.thewalters.org/browse/creator/mary-cassatt,female,," (American, 1844-1926)",16554|9356
5385,"Castello, Bernardo",Bernardo Castello,https://art.thewalters.org/browse/creator/bernardo-castello,male,," (Italian, 1557-1629)",32732
8521,"Castello, Giovanni Battista",Giovanni Battista Castello,https://art.thewalters.org/browse/creator/giovanni-battista-castello,male,," (Italian, 1547-1637)",7328
18670,Castre,Castre,https://art.thewalters.org/browse/creator/castre,,," (French, active ca. 1810)",4222
15215,"Catane, Giovanni",Giovanni Catane,https://art.thewalters.org/browse/creator/giovanni-catane,,," (Italian, b. 1672)",77399
4776,"Catena, Vincenzo di Biagio",Vincenzo di Biagio Catena,https://art.thewalters.org/browse/creator/vincenzo-di-biagio-catena,male,," (Italian, ca. 1470-1531)",38643|5803
34308,Catherine II Empress of Russia,"Catherine II, Empress of Russia",https://art.thewalters.org/browse/creator/catherine-ii-empress-of-russia,female,," (Russian, 1729 - 1796)",98114|98165
7612,Cato,Cato,https://art.thewalters.org/browse/creator/cato,,,,34153
2082,"Caton, Antoine",Antoine Caton,https://art.thewalters.org/browse/creator/antoine-caton,male,," (French, 1726-1800)",21080|77457
15239,"Cattaneo, Paolo da Gualdo",Paolo da Gualdo Cattaneo,https://art.thewalters.org/browse/creator/paolo-da-gualdo-cattaneo,,," (Italian, ca. 1405-1420)",33677
5808,"Caullery, Louis de",Louis de Caullery,https://art.thewalters.org/browse/creator/louis-de-caullery,male,," (Flemish, ca. 1580-ca. 1621)",37635
3844,"Ceccarelli, Naddo",Naddo Ceccarelli,https://art.thewalters.org/browse/creator/naddo-ceccarelli,male,," (Italian, active ca. 1330-1360)",21724|35007
6573,"Ceccarini, Sebastiano",Sebastiano Ceccarini,https://art.thewalters.org/browse/creator/sebastiano-ceccarini,male,," (Italian, 1703-1783)",2623
32992,"Cejourné, Charles",Charles Cejourné,https://art.thewalters.org/browse/creator/charles-cejournc,,, (French),6202
2571,Celtic,Celtic,https://art.thewalters.org/browse/creator/celtic,,,,10248|29094|10107|32843|7037|12327
1998,Central American,Central American,https://art.thewalters.org/browse/creator/central-american,,,,27768
2259,"Ceresa, Carlo",Carlo Ceresa,https://art.thewalters.org/browse/creator/carlo-ceresa,male,," (Italian, 1609-1679)",31085
15495,"Cesati, Alessandro",Alessandro Cesati,https://art.thewalters.org/browse/creator/alessandro-cesati,male,," (Italian, before 1538-after 1564)",22721
18149,"Ch'en, Jung",Ch'en Jung,https://art.thewalters.org/browse/creator/chen-jung,,," (Chinese, active 13th century)",6148
3687,"Ch'en-ch'un, Ch'ien",Ch'ien Ch'en-ch'un,https://art.thewalters.org/browse/creator/chien-chen-chun,,," (Chinese, 1686-1774)",23873
18006,"Ch'ien, Shun-Chu",Ch'ien Shun-Chu,https://art.thewalters.org/browse/creator/chien-shun-chu,,,,409
17952,"Ch'in, Ying",Ch'in Ying,https://art.thewalters.org/browse/creator/chin-ying,,, (Chinese),38241|34014
6633,"Ch'ing-yen, T'ang Tai",Ch'ing-yen T'ang Tai,https://art.thewalters.org/browse/creator/ching-yen-tang-tai,,,,22106|34393|17704|21767|29783|37685|28449|18286|21323|36295|30048
4200,"Chamerlat, Jules Marc",Jules Marc Chamerlat,https://art.thewalters.org/browse/creator/jules-marc-chamerlat,male,," (French, 1828-1868)",4386
33263,"Chamerot, Georges",Georges Chamerot,https://art.thewalters.org/browse/creator/georges-chamerot,,, (1843 - 1922),88124
31453,Chancay,Chancay,https://art.thewalters.org/browse/creator/chancay,,,,79419|79426|79394|80204|80373|80374|80190
4916,"Chang, Ting",Chang Ting,https://art.thewalters.org/browse/creator/chang-ting,,,,3944
6810,"Chantal, Jean Adelin Louis",Jean Adelin Louis Chantal,https://art.thewalters.org/browse/creator/jean-adelin-louis-chantal,male,," (Dutch, 1822-1899)",24531
15421,Chantilly Porcelain Manufactory,Chantilly Porcelain Manufactory,https://art.thewalters.org/browse/creator/chantilly-porcelain-manufactory,,," (French, active ca. 1725-1789)",1000
4836,Chao,Chao,https://art.thewalters.org/browse/creator/chao,,,,29594
6328,"Chaplin, Charles",Charles Chaplin,https://art.thewalters.org/browse/creator/charles-chaplin,male,," (French, 1825-1891)",39379|21161|26079|29156|22982
34355,"Charleson, S.",S. Charleson,https://art.thewalters.org/browse/creator/s-charleson,,, (British),23948
8411,"Charlet, Nicolas-Toussaint",Nicolas-Toussaint Charlet,https://art.thewalters.org/browse/creator/nicolas-toussaint-charlet,male,," (French, 1792-1845)",5718|79183
4641,"Charlier, Jacques",Jacques Charlier,https://art.thewalters.org/browse/creator/jacques-charlier,male,," (French, 1720-1790)",23006
5542,"Chartran, Theobald",Theobald Chartran,https://art.thewalters.org/browse/creator/theobald-chartran,male,," (French, 1849-1907)",19210
2512,"Chatelaine, Walter A.",Walter A. Chatelaine,https://art.thewalters.org/browse/creator/walter-a-chatelaine,male,, (American),37563
2365,"Chaumont, Antoine",Antoine Chaumont,https://art.thewalters.org/browse/creator/antoine-chaumont,male,," (French, French)",21147
2748,"Chauvaux, Jean le jeune",Jean Chauvaux le jeune,https://art.thewalters.org/browse/creator/jean-chaveaux-le-jeune,male,," (French, 1735-1807)",11907|14122
3762,"Chauvaux, Michel-Barnabé aîné","Michel-Barnabé Chauvaux, aîné",https://art.thewalters.org/browse/creator/michel-barnabc-chauvaux-aaenc,male,," (French, active 1753-1788)",34332|13582|14122|4951
8659,"Chauvin, Pierre Athanase",Pierre Athanase Chauvin,https://art.thewalters.org/browse/creator/pierre-athanase-chauvin,male,," (French, 1774-1832)",28800
3494,"Chavet, Victor-Joseph",Victor-Joseph Chavet,https://art.thewalters.org/browse/creator/victor-joseph-chavet,male,," (French, 1822-1906)",19161
8558,Chavín,Chavín,https://art.thewalters.org/browse/creator/chavn,,,,79400
15410,Chelsea Porcelain Factory,Chelsea Porcelain Factory,https://art.thewalters.org/browse/creator/chelsea-porcelain-factory,,," (English, active ca. 1745-1784)",29437|19495|4730|8628|27566|30600|3198|37751|25055|18264|34720|15684|67
15414,Chelsea-Derby Porcelain Factory,Chelsea-Derby Porcelain Factory,https://art.thewalters.org/browse/creator/chelsea-derby-porcelain-factory,,," (British, founded 1769)",6506|2440|17447|6974|9011|38958
16217,Chevalier et Cachet,Chevalier et Cachet,https://art.thewalters.org/browse/creator/chevalier-et-cachet,,," (Swiss, active late 18th century)",40862
3987,Chiang family,Chiang family,https://art.thewalters.org/browse/creator/chiang-family,,, (Chinese),8611
6508,"Chiari, Giuseppe Bartolomeo",Giuseppe Bartolomeo Chiari,https://art.thewalters.org/browse/creator/giuseppe-bartolomeo-chiari,male,," (Italian, 1654-1727)",5833
4096,Chieh-fu,Chieh-fu,https://art.thewalters.org/browse/creator/chieh-fu,,," (Chinese, died 1762)",13019
6532,"Chierici, Alphonse",Alphonse Chierici,https://art.thewalters.org/browse/creator/alphonse-chierici,male,," (Italian, 1816-1873)",9507
5722,Chikanobu,Chikanobu,https://art.thewalters.org/browse/creator/chikanobu,male,," (Japanese, 1838-1912)",40014|11133|27754|40215|9892|29235|79298|79299|79659|79660
5136,Chikashige,Chikashige,https://art.thewalters.org/browse/creator/chikashige,male,," (Japanese, active ca. 1850-1890)",18307
3584,Chikuzen school,Chikuzen school,https://art.thewalters.org/browse/creator/chikuzen-school,,,,9505
8561,Chimú,Chimú,https://art.thewalters.org/browse/creator/chim,,,,79414|79423|79393|79425|79388|79399|79430|79431|79389|79408|80160|80430
4056,"Chinard, Joseph",Joseph Chinard,https://art.thewalters.org/browse/creator/joseph-chinard,male,," (French, 1756-1813)",5991
34565,Chincha,Chincha,https://art.thewalters.org/browse/creator/chincha,,,,79377|79378
6238,Chinese,Chinese,https://art.thewalters.org/browse/creator/chinese,,,,35010|7472|36747|13890|6213|30534|38795|28139|6067|7377|15294|20781|34480|38457|5|39890|10621|25246|38952|24303|28697|40170|28654|14305|2854|685|3057|37200|27550|26828|1309|32041|25152|37427|18410|31937|39265|28805|402|4381|28024|4939|4674|4062|40583|34193|24734|5827|40509|9672|24761|8544|32678|9297|10274|18316|8768|26648|10116|28214|16091|5491|27633|32792|18661|26640|33421|2768|9429|11041|8635|16674|1463|13568|2213|8545|40874|26313|14539|33360|750|35150|9430|13171|36887|32862|32345|5695|24169|38909|31361|28583|25466|33575|21445|33988|40024|16661|32153|27482|14797|28266|39032|768|32694|27092|33542|33111|15568|1301|22811|18415|35435|24285|14230|26423|203|17295|3885|36804|33440|24250|15909|37882|14320|13111|428|5786|37515|37748|19553|33275|28408|25925|37642|33113|34814|3808|21074|32793|30768|30093|10632|11594|35217|36301|13887|39004|12715|18130|26717|29844|8648|9595|15931|2544|13443|12229|36075|95|31140|415|38078|10321|615|16591|19091|6715|26573|18827|17398|38321|7501|39249|8460|26159|33446|8217|18796|4668|4018
4145,Chiriqui,Chiriquí,https://art.thewalters.org/browse/creator/chiriqui,,,,31427|32737|40868|23367|22713|33281|8432|2281|13291|6741|613|25810|5929|22546|4155|8663|33285|3115|3642
33533,"Chivers, Cedric of Bath",Cedric Chivers of Bath,https://art.thewalters.org/browse/creator/cedric-chivers-of-bath,,," (English, 1853 - 1929)",87888
15435,"Chodowiecki, Daniel Nikolaus",Daniel Nikolaus Chodowiecki,https://art.thewalters.org/browse/creator/daniel-nikolaus-chodowiecki,male,," (German, 1726-1801)",40200
16394,Chokha,Chokha,https://art.thewalters.org/browse/creator/chokha,,," (Indian, active 1800-1825)",14416
21326,Chorrera,Chorrera,https://art.thewalters.org/browse/creator/chorrera,,,,4191|7981|80272|80275
15234,Choshu School,Choshu School,https://art.thewalters.org/browse/creator/choshu-school,,, (Japanese),33043
7684,Chou Lo-yuan,Chou Lo-yuan,https://art.thewalters.org/browse/creator/chou-lo-yuan,,,,9879
15403,Christofle,Christofle,https://art.thewalters.org/browse/creator/christolf-et-cie,,, (French),6150
16161,Chrysanthos,Chrysanthos,https://art.thewalters.org/browse/creator/chrysanthos,,," (Cypriot, 1767-1810)",11808
8511,"Chrysologus, Peter Archbishop of Ravenn Saint","Saint Peter Chrysologus, Archbishop of Ravenna",https://art.thewalters.org/browse/creator/saint-peter-chrysologus-archbishop-of-ravenna,,," (Italian, ca. 400-450)",17426
4007,"Chrysostomus, Joannes",Joannes Chrysostomus,https://art.thewalters.org/browse/creator/joannes-chrysostomus,,, (d. 407),35291
6079,"Chubei, Takeuchi",Takeuchi Chubei,https://art.thewalters.org/browse/creator/takeuchi-chubei,male,, (Japanese),27095
34524,"Chulot, Louis-Gabriel",Louis-Gabriel Chulot,https://art.thewalters.org/browse/creator/louis-gabriel-chulot,,," (French, Active 1755 - 1800)",27270
31462,Chupícuaro,Chupícuaro,https://art.thewalters.org/browse/creator/chupcuaro,,,,80307|80389|80381|80301|80308|80324|80364|80391
5596,"Church, Catholic",Catholic Church,https://art.thewalters.org/browse/creator/catholic-church,,,,19300|30619|25788|39602|17091|12635|877|5740|21645|24150|915|15455|20057|9262|12056|38678|10403|30924|23382|29632|6209|16967|14102|20912|40709|30249|18640|21147|22325|15876|4606
4673,"Church, Frederic Edwin",Frederic Edwin Church,https://art.thewalters.org/browse/creator/frederick-edwin-church,male,," (American, 1826-1900)",4216|21470|92334|92335
1999,"Chözaburö, Yamada",Yamada Chözaburö,https://art.thewalters.org/browse/creator/yamada-chzabur,male,," (Japanese, 1871-1916)",2053
4631,"Cicero, Marcus Tullius",Marcus Tullius Cicero,https://art.thewalters.org/browse/creator/marcus-tullius-cicero,male,," (Italian, 106 BC-43 BC)",39190|17509|36461|1970|31384|18600|3678|25855|18021|9649|31383
4098,"Cinico, Giovan Marco",Giovan Marco Cinico,https://art.thewalters.org/browse/creator/giovan-marco-cinico,male,," (Italian, Italian)",39714
15741,Circassian,Circassian,https://art.thewalters.org/browse/creator/circassian,,"Circassian refers to indigenous peoples of the northwestern Caucasus who are found today as minority communities in Turkey, Syria, Jordan, Israel, and Egypt. The term encompasses several groups linked by language and culture who refer to themselves in their own languages by different ethnonyms; primary among them are the Adyge, Abaza, and Ubykh.",,25388
35009,Circle of the Masters of the Gold Scrolls,Circle of the Masters of the Gold Scrolls,https://art.thewalters.org/browse/creator/circle-of-the-masters-of-the-gold-scrolls,,,,27041
6244,"Claesz, Pieter",Pieter Claesz,https://art.thewalters.org/browse/creator/pieter-claesz,male,," (Dutch, 1596/1597 7-1660)",40049
5866,"Clairin, Georges Jules Victor",Georges Jules Victor Clairin,https://art.thewalters.org/browse/creator/georges-jules-victor-clairin,male,," (French, 1843-1919)",35600
21148,"Claretie, Jules",Jules Claretie,https://art.thewalters.org/browse/creator/jules-claretie,,," (French, 1840 - 1913)",88124
5965,"Clark, Alvan",Alvan Clark,https://art.thewalters.org/browse/creator/alvan-clark,male,," (American, 1804-1887)",37523
16418,Class of Athens 581,Class of Athens 581,https://art.thewalters.org/browse/creator/class-of-athens-581,,," (Greek, active ca. early 5th century BC)",4764
2688,"Claudianus, Claudius",Claudius Claudianus,https://art.thewalters.org/browse/creator/claudius-claudianus,male,," (Roman, 370-404)",1781
4432,"Clays, Paul-Jean",Paul-Jean Clays,https://art.thewalters.org/browse/creator/paul-jean-clays,male,," (Belgian, 1819-1900)",15809|25137
7288,"Climacus, John Saint",Saint John Climacus,https://art.thewalters.org/browse/creator/saint-john-climacus,male,," (Syrian, 579-649)",17553|9603|90565
2554,"Clodion, Claude Michel",Claude Michel Clodion,https://art.thewalters.org/browse/creator/claude-michel-clodion,male,," (French, 1738-1814)",36799|33963|5415|30915
16729,"Clodion, Nicolas",Nicolas Clodion,https://art.thewalters.org/browse/creator/nicolas-clodion,,, (French),33963
16730,"Clodion, Pierre Michel",Pierre Michel Clodion,https://art.thewalters.org/browse/creator/pierre-michel-clodion,,, (French),33963
16728,"Clodion, Sigisbert-Françoise",Sigisbert-Françoise Clodion,https://art.thewalters.org/browse/creator/sigisbert-franboise-clodion,,, (French),33963
3109,"Clouet, François",François Clouet,https://art.thewalters.org/browse/creator/franbois-clouet,male,," (French, ca. 1516-1572)",27699|14944|36663
3556,"Clouet, Jean",Jean Clouet,https://art.thewalters.org/browse/creator/jean-clouet,male,," (French, 1516-1540)",37766
6590,"Coccorante, Leonardo",Leonardo Coccorante,https://art.thewalters.org/browse/creator/leonardo-coccorante,male,," (Italian, 1680-1750)",29701
18885,Cock Group,Cock Group,https://art.thewalters.org/browse/creator/cock-group,,," (Greek, active ca. 6th century BCE)",37351
3660,"Cock, Jan Claudius de",Jan Claudius de Cock,https://art.thewalters.org/browse/creator/jan-claudius-de-cock,male,," (Flemish, 1667-1736)",14764
31457,Coclé,Coclé,https://art.thewalters.org/browse/creator/coclc,,,,80232|80243|82801|80236|80359
3401,"Coda, Benedetto",Benedetto Coda,https://art.thewalters.org/browse/creator/benedetto-coda,male,," (Italian, ca. 1460-ca. 1520)",18326
3540,"Codazzi, Viviano",Viviano Codazzi,https://art.thewalters.org/browse/creator/viviano-codazzi,male,," (Italian, ca. 1604-1670)",10935
2817,"Coecke van Aelst, Pieter the elder","Pieter Coecke van Aelst, the elder",https://art.thewalters.org/browse/creator/pieter-coecke-van-aelst-the-elder,male,," (Flemish, 1502-1550)",35964|18300|18300|35964
2884,"Coello, Alonso Sánchez",Alonso Sánchez Coello,https://art.thewalters.org/browse/creator/alonso-snchez-coello,male,," (Spanish, ca. 1531-1588)",3349|3349
15503,"Colantonio, Marzio di",Marzio di Colantonio,https://art.thewalters.org/browse/creator/marzio-di-colantonio,male,," (Italian, ca. 1560-ca. 1620)",20554
7083,"Cole, Thomas",Thomas Cole,https://art.thewalters.org/browse/creator/thomas-cole,male,," (American, 1801-1848)",26768
16368,Colima,Colima,https://art.thewalters.org/browse/creator/colima,,,,78395|78403|78423|78428|78396|80188|83517|83518|83519|83520|83521|83522|83523|83524|83525|83526|80206|80208|80209|80215|80516|80517|80518|80218|80327|80330|80335|80440|80165|80168|80171|80173|80175|80184|80250|80257|80262|80266|80277|80291|80293|80309|80319|80321|80322|80328|80329|80331|80333|80336|80342|80367|80368|80372|80439|80441|80444|80451
18485,"Colin, Charles Amédée",Charles Amédée Colin,https://art.thewalters.org/browse/creator/charles-amcdce-colin,male,," (French, 1808-1873)",81396
16130,"Colladon, François Samuel",François Samuel Colladon,https://art.thewalters.org/browse/creator/franbois-samuel-colladon,,, (French),32668
16131,"Colladon, Jean-Etienne",Jean-Etienne Colladon,https://art.thewalters.org/browse/creator/jean-etienne-colladon,,, (French),32668
15515,"Collaert, Hans the elder",Hans Collaert the elder,https://art.thewalters.org/browse/creator/hans-collaert-the-elder,male,," (Flemish, ca. 1530-1581)",39731
15516,"Collaert, Hans the younger",Hans Collaert the younger,https://art.thewalters.org/browse/creator/hans-collaert-the-younger,male,," (Flemish, 1566-1628)",39731
32750,Collection Pierre Corrard,Collection Pierre Corrard,https://art.thewalters.org/browse/creator/collection-pierre-corrard,,,,87901
4024,"Collins, William",William Collins,https://art.thewalters.org/browse/creator/william-collins,male,," (British, 1788-1847)",39891|7684
2463,"Collomby, Abraham",Abraham Collomby,https://art.thewalters.org/browse/creator/abraham-collomby,,,,6866
7142,"Colman, Samuel",Samuel Colman,https://art.thewalters.org/browse/creator/samuel-colman,male,," (American, 1832 - 1920)",333
2238,"Colombe, Jean",Jean Colombe,https://art.thewalters.org/browse/creator/jean-colombe,male,," (French, ca. 1430-1493)",4409|4899|85643|89997|90200|90822
2951,"Colombe, Michel",Michel Colombe,https://art.thewalters.org/browse/creator/michel-colombe,male,," (French, ca. 1430-1514)",34695
15523,Colombian,Colombian,https://art.thewalters.org/browse/creator/colombian,,,,16032|79391|79416|80222|80223|80224|80225|80233|80242|80369|80370|80238
7845,"Colonna, Francesco",Francesco Colonna,https://art.thewalters.org/browse/creator/francesco-colonna,,, (1433 (?) - 1527),11599
7302,"Colonne, Guido delle",Guido delle Colonne,https://art.thewalters.org/browse/creator/guido-delle-colonne,,, (13th century),37024|92011
3290,"Colonnettes, Atelier of Diptychs aux",Atelier of Diptychs aux Colonnettes,https://art.thewalters.org/browse/creator/atelier-of-diptychs-aux-colonnettes,,,,33458
2025,"Coltellini, Michele di Luca dei",Michele di Luca dei Coltellini,https://art.thewalters.org/browse/creator/michele-di-luca-dei-coltellini,male,," (Italian, ca. 1480-1543)",1627
6218,"Columella, Lucius J. M.",Lucius J. M. Columella,https://art.thewalters.org/browse/creator/lucius-j-m-columella,male,," (Roman, Roman)",28262
3852,"Colyn, David",David Colyn,https://art.thewalters.org/browse/creator/david-colyn,male,," (Dutch, ca. 1582-after 1668)",19577|1093
34767,"Comoléra, Paul",Paul Comoléra,https://art.thewalters.org/browse/creator/paul-comolra,,," (French, 1818 - 1897)",100992|103674
7940,Compagnia di San Bastiano in San Martino ai Campi,Compagnia di San Bastiano in San Martino ai Campi,https://art.thewalters.org/browse/creator/compagnia-di-san-bastiano-in-san-martino-ai-campi,,,,33228
5928,"Conca, Sebastiano",Sebastiano Conca,https://art.thewalters.org/browse/creator/sebastiano-conca,male,," (Italian, ca. 1680-1764)",35526|1482|6273|1574
16300,Congolese,Congolese,https://art.thewalters.org/browse/creator/congolese,,,,10458
8479,Conrad of Hirsau,Conrad of Hirsau,https://art.thewalters.org/browse/creator/conrad-of-hirsau,,,,19908|79085|88766|88767|88768|88769|88770|88771|88772|88773|88774|88775|88776|79086|90572
6196,"Constable, John",John Constable,https://art.thewalters.org/browse/creator/john-constable,male,," (English, 1776-1837)",7436|2772|17074
15436,"Cooper, Robert",Robert Cooper,https://art.thewalters.org/browse/creator/robert-cooper,,,,29940|18734
2935,"Cooper, Samuel",Samuel Cooper,https://art.thewalters.org/browse/creator/samuel-cooper,male,," (English, 1608-1672)",10202
15444,"Cooper, William",William Cooper,https://art.thewalters.org/browse/creator/william-cooper,male,," (American, 1694-1743)",6692
36505,Copeland & Garrett,Copeland & Garrett,https://art.thewalters.org/browse/creator/copeland--garrett,,," (English, 1833 - 1847)",103190
8587,"Copenhagen 4223, Painter of",Painter of Copenhagen 4223,https://art.thewalters.org/browse/creator/painter-of-copenhagen-4223,,," (Greek, active ca. 345 BC-325 BC)",24434
2633,"Copley, John Singleton",John Singleton Copley,https://art.thewalters.org/browse/creator/john-singleton-copley,,," (American, 1738-1815)",29216|20174
6833,Coptic,Coptic,https://art.thewalters.org/browse/creator/coptic,,,,6196|20094|6531|14931|27578|25767|4591|12409|4882|26754|8526|1901|23822|1639|10122|24138|27143|2201|6822|17625|10452|30169|18440|32930|14630|22988|12833|12961|6580|24369|34927|5120|14985|19235|16472|40672|18468|19543|11862|25044|34399|16520
34733,"Cordier, Charles",Charles Cordier,https://art.thewalters.org/browse/creator/charles-cordier,,," (French, active 1722 - 1726)",18401
4022,"Cordier, Charles-Henri-Joseph",Charles-Henri-Joseph Cordier,https://art.thewalters.org/browse/creator/charles-henri-joseph-cordier,male,," (French, 1827-1905)",15324|13283
5782,"Corente, Giovanni",Giovanni Corente,https://art.thewalters.org/browse/creator/giovanni-corente,male,," (Italian, active 15th century)",33487
2751,"Corna, Antonio della",Antonio della Corna,https://art.thewalters.org/browse/creator/antonio-della-corna,male,," (Italian, active 1469-1491)",17375
4300,"Cornaille, Antoine-Toussaint",Antoine-Toussaint Cornaille,https://art.thewalters.org/browse/creator/antoine-toussaint-cornaille,male,," (French, 1735-1812)",15255|22127
4398,"Corner, Thomas Cromwell",Thomas Cromwell Corner,https://art.thewalters.org/browse/creator/thomas-cromwell-corner,male,," (American, 1865-1938)",6141
3291,"Corot, Jean-Baptiste-Camille",Jean-Baptiste-Camille Corot,https://art.thewalters.org/browse/creator/jean-baptiste-camille-corot,male,"Corot was a pivotal figure in the rise of landscape painting in 19th-century France. The son of a wealthy cloth merchant, he enjoyed a substantial private income by the early 1820s and did not have to concern himself with producing works to satisfy the market. He pursued an academic training, which informed his life-long attachment to historical landscape painting. He regularly exhibited mythological and literary subjects at the Paris Salon over some five decades. At the same time, he was an avid traveler, and his naturalistic outdoor oil sketches made around Italy and France are today the best-known aspect of his work. Such studies were an important influence on the young impressionists such as Camille Pissarro (1831-1903) and Pierre-Auguste Renoir (1841-1919)."
"
"
"
Corot believed that the most elevated kind of art was the product of poetic re-creation in the studio. In the later part of his life, as his health declined, he produced an increasing number of ""souvenir"" works informed by his exceptional visual memory. During a period of rapid social change, such works offered an escape into an idyllic and timeless past. He also produced several late portraits of female models dressed in a range of orientalist and Italianate costumes."
"
"
"
Perhaps the most notable aspect of Corot's practice of repetition was his extensive output of reductions of his major works, particularly in the 1850s and 1860s. Many of these were commissioned by the expanding number of dealers in Second Empire Paris. Sometimes they were produced in collaboration with his students such as Achille Oudinot (1820-91)."," (French, 1796-1875)",26866|35281|938|40701|9373|5511|10405|1012
2791,Correggio,Correggio,https://art.thewalters.org/browse/creator/correggio,male,," (Italian, ca. 1489-1534)",10566
7109,"Corrozet, Gilles",Gilles Corrozet,https://art.thewalters.org/browse/creator/gilles-corrozet,,, (1510-1568),13769|3217
6504,"Cort, Hendrik Frans de",Hendrik Frans de Cort,https://art.thewalters.org/browse/creator/hendrik-frans-de-cort,male,," (Flemish, 1742-1810)",11122
5036,"Corvi, Domenico",Domenico Corvi,https://art.thewalters.org/browse/creator/domenico-corvi,male,," (Italian, 1721-1803)",20010
31597,"Cosmas, Indicopleustes","Cosmas, Indicopleustes",https://art.thewalters.org/browse/creator/cosmas-indicopleustes,,, (fl. 6th century),26279|81011|25893|8721|36376|32697|11961|10048|16299|30774
15547,Costa Rican,Costa Rican,https://art.thewalters.org/browse/creator/costa-rican,,,,27277|80179|80180|80200|80247|80261|80263|80273|80325|80326|80361|80362|80363|80365|80411|80412|80428
17194,"Costa, Lorenzo di Ottavio",Lorenzo di Ottavio Costa,https://art.thewalters.org/browse/creator/lorenzo-di-ottavio-costa,male,," (Italian, ca. 1460-1535)",28440
3124,"Costanzi, Placido",Placido Costanzi,https://art.thewalters.org/browse/creator/placido-costanzi,male,," (Italian, 1702-1759)",30203
6333,"Cosway, Richard",Richard Cosway,https://art.thewalters.org/browse/creator/richard-cosway,male,," (English, 1742-1821)",39647
6930,"Cosyns, Jan",Jan Cosyns,https://art.thewalters.org/browse/creator/jan-cosyns,male,," (Flemish, 1647-1708)",38290
4227,"Coteau, Jean",Jean Coteau,https://art.thewalters.org/browse/creator/jean-coteau,male,," (Swiss, ca. 1739-after 1812)",23837
2821,"Couder, Alexandre",Alexandre Couder,https://art.thewalters.org/browse/creator/alexandre-couder,male,," (French, 1808-1879)",29534|22454|16367
34218,"Coulaux, Clothilde",Clothilde Coulaux,https://art.thewalters.org/browse/creator/clothilde-coulaux,,," (French, 1878 - 1931)",97121
4987,"Coulin, Jacques",Jacques Coulin,https://art.thewalters.org/browse/creator/jacques-coulin,,,,40577
4823,"Courbet, Gustave",Gustave Courbet,https://art.thewalters.org/browse/creator/gustave-courbet,male,," (French, 1819-1877)",30546|29580|26976
4023,"Courtauld, Samuel",Samuel Courtauld,https://art.thewalters.org/browse/creator/samuel-courtauld,male,," (English, 1876-1947)",9981
17015,"Courteys, Martial",Martial Courteys,https://art.thewalters.org/browse/creator/martial-courteys,male,," (French, died 1592)",10101
2005,"Courteys, Pierre",Pierre Courteys,https://art.thewalters.org/browse/creator/pierre-courteys,male,," (French, ca. 1520-ca. 1586)",13747|30778|35802|26571|19544|29076|9016|19439|32282|36412|37939|13747
6295,"Couture, Thomas",Thomas Couture,https://art.thewalters.org/browse/creator/thomas-couture,male,," (French, 1815-1879)",4761|27675|12349|13728
3477,"Couturier, Philibert Léon",Philibert Léon Couturier,https://art.thewalters.org/browse/creator/philibert-lcon-couturier,male,," (French, 1823-1901)",18467
2932,"Cox, James",James Cox,https://art.thewalters.org/browse/creator/james-cox,male,," (English, active ca. 1760-1788)",31416
4386,"Cozette, Pierre-Francois",Pierre-Francois Cozette,https://art.thewalters.org/browse/creator/pierre-francois-cozette,male,," (French, 1714-1801)",24490
6690,"Cozzarelli, Guidoccio",Guidoccio Cozzarelli,https://art.thewalters.org/browse/creator/guidoccio-cozzarelli,male,," (Italian, 1450-1516/1517)",38242|30657
3838,"Cranach, Lucas the elder",Lucas Cranach the elder,https://art.thewalters.org/browse/creator/lucas-cranach-the-elder,male,," (German, 1472-1553)",21924|9422|96
34987,Cremona,Cremona,https://art.thewalters.org/browse/creator/cremona,,, (Italian),23455
7138,"Crespi, Giuseppe Maria",Giuseppe Maria Crespi,https://art.thewalters.org/browse/creator/giuseppe-maria-crespi,male,," (Italian, 1665-1747)",3459
15493,"Crespos, Ferdinand á",Ferdinand á Crespos,https://art.thewalters.org/browse/creator/ferdinand--crespos,,, (Spanish),36821
16695,Cretan,Cretan,https://art.thewalters.org/browse/creator/cretan,,,,85659
3372,"Crew, Emma",Emma Crew,https://art.thewalters.org/browse/creator/crew,,," (British, active ca. 1783)",5578|32078
6712,"Crivelli, Carlo",Carlo Crivelli,https://art.thewalters.org/browse/creator/carlo-crivelli,male,," (Italian, ca. 1430 - ca. 1495)",33328
4258,"Crivelli, Vittore",Vittore Crivelli,https://art.thewalters.org/browse/creator/vittore-crivelli,male,," (Italian, ca. 1444-ca. 1501)",27786
3121,"Crocifissi, Simone dei",Simone dei Crocifissi,https://art.thewalters.org/browse/creator/simone-dei-crocifissi,male,," (Italian, active 1355-1399)",559
4706,"Cummings, Thomas Seir",Thomas Seir Cummings,https://art.thewalters.org/browse/creator/thomas-seir-cummings,male,," (American, 1804-1894)",7796
35249,Cup'ig (Alaskan Native),Cup'ig (Alaskan Native),https://art.thewalters.org/browse/creator/cupig-alaskan-native,,,,5252|29491|82623
8559,Cupisnique,Cupisnique,https://art.thewalters.org/browse/creator/cupisnique,,,,79364|79370|79371|79372|79397|79382|79384|79439|80256|79374|80313
3767,"Cuyp, Benjamin Gerritsz",Benjamin Gerritsz Cuyp,https://art.thewalters.org/browse/creator/benjamin-gerritsz-cuyp,male,," (Dutch, 1612-1652)",8325
3563,"Cuyp, Jacob Gerritsz.",Jacob Gerritsz. Cuyp,https://art.thewalters.org/browse/creator/jacob-gerritsz-cuyp,male,," (Dutch, 1594-1651/2)",9919
6485,Cypriot,Cypriot,https://art.thewalters.org/browse/creator/cypriote,,,,16048|14724|40369|11274|29618|36089|16770|11885|10651|13465|19421|33801|29529|39620|30332|28318|32450|18369|15454|15367|2957|7760|27020|2396|747|38408|28228|35218|20907|9774|13806|659|24548|5987|33808
35383,"Célos, Jules-François",Jules-François Célos,https://art.thewalters.org/browse/creator/jules-franois-clos,,," (French, 1841 - 1895)",87601|87602
34152,D. F. Haynes and Co.,D. F. Haynes and Co.,https://art.thewalters.org/browse/creator/d-f-haynes-and-co,,," (American, 1880 - 1912)",96460|101199|103654|103647|103651
15455,"D., V.",V. D.,https://art.thewalters.org/browse/creator/v-d,,," (Russian, 1741-1753)",23879
7653,"Da Ponte, Niccolo",Niccolo Da Ponte,https://art.thewalters.org/browse/creator/niccolo-da-ponte,,," (Italian, 1491-1585)",20914
18958,"Dabwani, Musa",Musa Dabwani,https://art.thewalters.org/browse/creator/musa-dabwani,,," (Yemeni, active ca. 1748-1775)",80924
15775,"Daddi, Bernardo",Bernardo Daddi,https://art.thewalters.org/browse/creator/bernardo-daddi,male,," (Italian, active ca. 1280-1348)",38112
5289,"Dagnan-Bouveret, Pascal Adolphe Jean",Pascal Adolphe Jean Dagnan-Bouveret,https://art.thewalters.org/browse/creator/pascal-adolphe-jean-dagnan-bouveret,male,," (French, 1852-1929)",17015|24467
6846,"Dagonet, Ernest",Ernest Dagonet,https://art.thewalters.org/browse/creator/ernest-dagonet,male,," (French, 1856-1926)",21386
14875,Daikokuya,Daikokuya,https://art.thewalters.org/browse/creator/daikokuya,,,,34259
14877,"Daikokuya Heikichi, Shojudo","Daikokuya Heikichi, Shojudo",https://art.thewalters.org/browse/creator/daikokuya-heikichi-shojudo,,,,10551|24284
14878,Daikokuya Kinjiro,Daikokuya Kinjiro,https://art.thewalters.org/browse/creator/daikokuya-kinjiro,,,,30643|79234|79235|79236
14879,Daikokuya Kinnosuke,Daikokuya Kinnosuke,https://art.thewalters.org/browse/creator/daikokuya-kinnosuke,,,,1297|15697|32545
4202,"Dailly, J. J.",J. J. Dailly,https://art.thewalters.org/browse/creator/j-j-dailly,,,,22517|21913
6717,"Dalee, Justus",Justus Dalee,https://art.thewalters.org/browse/creator/justus-dalee,male,," (American, 1793-1878)",27365|91882|91883|91884|91885|91886|91887|91888|91889|91890|91891|91892|91893|91894|91895|91896|91897|91898|91899|91900|91901|91902|91903
16511,"Damini, Vincenzo",Vincenzo Damini,https://art.thewalters.org/browse/creator/vincenzo-damini,male,," (Italian, born 1690-1696, died after 1749)",20586
36491,"Dammouse, Pierre Adolphe",Pierre Adolphe Dammouse,https://art.thewalters.org/browse/creator/pierre-adolphe-dammouse,,," (France, 1817 - 1880)",18197
33071,Danish,Danish,https://art.thewalters.org/browse/creator/danish,,,,36143
2028,"Dankelmair, Thomas",Thomas Dankelmair,https://art.thewalters.org/browse/creator/thomas-dankelmair,male,," (German, 1708-1763)",5643
1922,"Dantzig, Johann Georg Weyer",Johann Georg Weyer Dantzig,https://art.thewalters.org/browse/creator/johann-georg-weyer-dantzig,,,,2257
33241,"Darantie`re, Maurice",Maurice Darantie`re,https://art.thewalters.org/browse/creator/maurice-darantiere,,, (French),87716
7504,"Dargelas, André-Henri",André-Henri Dargelas,https://art.thewalters.org/browse/creator/andrc-henri-dargelas,male,," (French, 1828-1906)",9134|9456|25886|33227|24137|33640|36623|30148|20489|7927
17234,Dario di Giovanni,Dario di Giovanni,https://art.thewalters.org/browse/creator/dario-di-giovanni,,," (Italian, ca. 1420 - before 1498)",8986|16311|31171
6799,"Darley, Felix Octavius Carr",Felix Octavius Carr Darley,https://art.thewalters.org/browse/creator/felix-octavius-carr-darley,male,," (American, 1822-1888)",36370|10646|9577|9433
19402,"Das, Thakur",Thakur Das,https://art.thewalters.org/browse/creator/thakur-das,,,,29704|84219|84220
6433,"Daubigny, Charles François",Charles François Daubigny,https://art.thewalters.org/browse/creator/charles-franbois-daubigny,male,," (French, 1817-1878)",25287|5671|14081|35521|17220
7521,"Daumier, Honoré",Honoré Daumier,https://art.thewalters.org/browse/creator/honorc-daumier,male,," (French, 1808-1879)",5043|8953|2863|7902|31440|16494|18201|5567|17005|24079
5217,"David, Gustave",Gustave David,https://art.thewalters.org/browse/creator/gustave-david,male,," (French, 1824-1891)",7176
3590,"David, Jacques-Louis",Jacques-Louis David,https://art.thewalters.org/browse/creator/jacques-louis-david,male,"David's remarkable career encompassed some of the most momentous political upheavals in the history of modern Europe. A highly original artist, David functioned as a visual propagandist, promoting the civic ideals of the 1789 French Revolution as well as those of Napoleon's empire. At one time a close associate of Maximilien Robespierre, a leading figure in the Revolution, he was subsequently enlisted as ""premier peintre"" (first painter) to the upstart Corsican general who would be emperor, Napoleon Bonaparte. Following the abdication of Napoleon and the restoration of the Bourbon monarchy in 1814, David was forced to go underground, eventually settling in Brussels, where he remained in exile until his death."
"
"
"
David's participation in Revolutionary politics (he was among those who voted to condemn Louis XVI to the guillotine and held official posts on several powerful committees) should not overshadow the artistic revolution that he set in motion. Repelled by 18th-century academic norms, which tended toward a graceful but artificial stylization, he looked instead to a diverse array of 17th-century sources for inspiration. David's synthesis of the Classicism of Nicolas Poussin (1594-1665), the Colorism of Peter Paul Rubens (1577-1640), and the Realism of Caravaggio (1571-1610) fed into his complete re-imagining of the antique past. He painted unforgettable history paintings of subjects that had an immediate emotional resonance with his French compatriots of the moment, whether the pre-Revolutionary idealism of the ""Oath of the Horatii,"" (1784) or the imperialist ""Coronation of Napoleon,"" (1805-07). David's sustained influence in the later 19th century was assured by the success of his many gifted pupils, whom he often employed as copyists and collaborators. They would also become his rivals, ultimately usurping David's leadership of the French school."," (French, 1748-1825)",16585
6769,"Davis, John Scarlett",John Scarlett Davis,https://art.thewalters.org/browse/creator/john-scarlett-davis,male,," (English, 1804-1845)",32931
19429,Dawlat,Dawlat,https://art.thewalters.org/browse/creator/dawlat,,,,25935
5706,"De Besancon, Jacques",Jacques De Besancon,https://art.thewalters.org/browse/creator/jacques-de-besancon,male,," (French, French)",28538
4339,"De Kempeneer, Daniel",Daniel De Kempeneer,https://art.thewalters.org/browse/creator/daniel-de-kempeneer,,,,9281
8548,"De Morgan, William",William De Morgan,https://art.thewalters.org/browse/creator/william-de-morgan,male,," (English, 1839-1917)",34062
20941,De Vinne Press,De Vinne Press,https://art.thewalters.org/browse/creator/de-vinne-press,,,,89776
20334,"De Vinne, Theodore Low",Theodore Low De Vinne,https://art.thewalters.org/browse/creator/theodore-low-de-vinne,,," (American, 1828-1914)",89795
35362,"DeSantis, Jessy",Jessy DeSantis,https://art.thewalters.org/browse/creator/jessy-desantis,,, (born 1990),102993
3835,"Decamps, Alexandre-Gabriel",Alexandre-Gabriel Decamps,https://art.thewalters.org/browse/creator/alexandre-gabriel-decamps,male,," (French, 1803-1860)",1589|2351|23610|438
7040,"Deck, Joseph Théodore",Joseph Théodore Deck,https://art.thewalters.org/browse/creator/joseph-thcodore-deck,male,," (French, 1823-1891)",19391|39851|1404|17919|924|38247
5475,"Decker, Paul the elder","Paul Decker, the elder",https://art.thewalters.org/browse/creator/paul-decker-the-elder,male,," (German, 1677-1713)",22673
6984,"Degas, Edgar",Edgar Degas,https://art.thewalters.org/browse/creator/edgar-degas,male,"Degas was one of the dominant members of the impressionist group, yet he rejected most of his colleagues' techniques in favor of his own unique approach to painting and sculpture. Although he had a privileged upbringing, Degas spent most of his life choosing not to fit in, intentionally separating himself both in society and in his profession with his experimental style. He took as his subject matter the leisure activities of the bourgeoisie, such as the ballet and horse racing. Although his works appear effortless, they are, in fact, the culmination of an extensive working process."
"
"
"
He began his career by copying the works of the Old Masters at the Louvre Museum. Because of this formative experience, Degas developed a great respect for the countless studies Renaissance artists made in preparation for each finished work. Like the art of his hero, Jean-Dominique-Auguste Ingres (1780-1867), Degas's art can be characterized by its additive, linear qualities. Degas would take partial studies leftover from some larger project and redraw them, repeatedly turning a simple sketch into a fresh project. Using tracing paper, he would often transfer or recombine figures from different unfinished attempts, continuing to add to the composition as it literally expanded through attached sections of paper or canvas or both."
"
"
"
Degas's art reflected both his taste for Classicism and an admiration of non-Western art such as Japanese wood-block prints. His process was also unique in that it depended upon a cross-fertilization of photography, sculpture, drawing, and painting. Degas obsessively reworked his art, shifting from one medium to the other in a fluid process that resulted in multiple improvisations on any given theme."," (French, 1834-1917)",21009|21331
15257,"Dejoux, Claude",Claude Dejoux,https://art.thewalters.org/browse/creator/claude-dejoux,male,," (French, 1732-1816)",19001
3334,"Delacour, Clovis",Clovis Delacour,https://art.thewalters.org/browse/creator/clovis-delacour,male,," (French, active 1887-1903)",36699
2617,"Delacroix, Eugène",Eugène Delacroix,https://art.thewalters.org/browse/creator/eugrne-delacroix,male,"Although often construed as the polar opposite of Jean-Auguste-Dominique Ingres in artistic identity and approach, Delacroix was in fact just as invested in the traditional goals of Classicism as his supposed rival. While the subject matter to which Delacroix was attracted often derived from literary sources such as Shakespeare or Lord Byron, it would be wrong to treat the art of Delacroix as simply the visual counterpart to literary Romanticism. He was, perhaps, even more important, the last of the great history painters in the Davidian tradition. His most famous painting features an allegorical personification of ""Liberty Leading the People"" (1830, Louvre Museum, Paris) that is just as ambitious in its political rhetoric as Jacques-Louis David's pre-Revolutionary masterpieces. Delacroix viewed monumental, public commissions for decorating the walls of the Palais Bourbon (1833, now the Assemblée nationale) and the ceiling of the Apollo Gallery in the Louvre (1850) as the consummate achievements of his career."
"
"
"
In 1815, Delacroix entered the studio of Pierre Guérin (1774-1833), one of David's most talented pupils, where he painted alongside the slightly older Théodore Géricault (1791-1824), another painter who started out with the ambitions of the Davidian school but was soon identified with the newer current of Romanticism. He was also a devoted student of the greatest artists of the past, spending many hours at the Louvre, where he could see paintings by Raphael, Titian, and Rubens. Delacroix's highly expressive manner of painting, applying bold colors with turbulent strokes of the brush, was the perfect means of translating in paint the passionate nature of the subjects to which he gravitated. Although the allegorical wall paintings that Delacroix labored to complete for such prestigious locales as the Hôtel de Ville (city hall) were considered important by his peers, the smaller easel paintings of exotic subjects have become his best-loved works."," (French, 1798-1863)",3792|4738|35788|21065|16288|40613|3360|355|34776|79164
6497,"Delaroche, Paul",Paul Delaroche,https://art.thewalters.org/browse/creator/paul-delaroche,male,"After completing his formative years of training in the studio of Antoine-Jean Gros (1771-1835), one of Jacques-Louis David's most gifted pupils, Delaroche quickly established himself as a popular favorite. In canvases such as ""Joan of Arc"" (1824, Museum of Fine Arts, Rouen) and the ""Death of Queen Elizabeth"" (1828, Louvre Museum, Paris), he combined a dramatic flair in his choice of narrative moment with an antiquarian's eye for the historical past, magically brought to life through his dazzling representational skills. As would his student Gérôme, Delaroche took full advantage of the reproductive technologies available to the painter to disseminate his work. Most of his major paintings were immediately translated into reproductive prints, which circulated his Salon successes to a broad international public. This process of diffusion through reduced replicas, reproductive prints, and photographs was employed very effectively in the case of Delaroche's most important public commission, ""The Hemicycle of the Fine Arts"" (1841), which he created as a monumental mural for the amphitheater of the École des Beaux-Arts in Paris. It made him so famous that he never felt the need to exhibit at the public Salon again."
"
"
"
Delaroche was considered by his contemporaries to be one of the most important painters in France. However, his name has grown unfamiliar, largely due to the disfavor his art has endured in the wake of Modernism's hostility toward the kind of anecdotal history painting that Delaroche popularized in the 1820s and 1830s. In recent years, art historians have begun to rehabilitate Delaroche's critical reputation. His art provides what would otherwise be a missing link between Davidian Neoclassicism and the polished Academicism of Delaroche's student, Gérôme."," (French, 1797-1856)",13453|8491|23814|23930|22037|39078|7197
15352,"Delaune, Étienne",Étienne Delaune,https://art.thewalters.org/browse/creator/atienne-delaune,,," (French, 1519-1583)",17154
2341,Delaville,Delaville,https://art.thewalters.org/browse/creator/delaville,,,,19129
4936,"Delcour, Jean",Jean Delcour,https://art.thewalters.org/browse/creator/jean-delcour,,," (Flemish, 1627-1707)",12546
5016,Delecourt,Delecourt,https://art.thewalters.org/browse/creator/delecourt,,," (Dutch, active ca. 1789-1805)",33628
4226,"Delitio, Andrea",Andrea Delitio,https://art.thewalters.org/browse/creator/andrea-delitio,male,," (Italian, active 1440-1480)",39996
5015,Della Robbia family,Della Robbia family,https://art.thewalters.org/browse/creator/della-robbia-family,,," (Italian, active 15th-16th century)",38292
8327,"Della Rovere, Francesco Maria II Duke of Urbino","Francesco Maria II Della Rovere, Duke of Urbino",https://art.thewalters.org/browse/creator/francesco-maria-ii-della-rovere-duke-of-urbino,male,," (Italian, 1548-1631)",13209|8281|21004
36501,Delphin Massier & Cie.,Delphin Massier & Cie.,https://art.thewalters.org/browse/creator/delphin-massier,,," (French, 1885 - 1920)",103634|103644
3142,"Delpy, Hippolyte Camille",Hippolyte Camille Delpy,https://art.thewalters.org/browse/creator/hippolyte-camille-delpy,male,," (French, 1842-1910)",9300
6480,"Deneyn, Pieter Pietersz",Pieter Pietersz Deneyn,https://art.thewalters.org/browse/creator/pieter-pietersz-deneyn,,,,4934
33505,"Denisov, Andrei Dionis'evich",Andrei Dionis'evich Denisov,https://art.thewalters.org/browse/creator/andrei-dionisevich-denisov,,," (Russian, 1674 - 1730)",1276
33504,"Denisov, Simeon",Simeon Denisov,https://art.thewalters.org/browse/creator/simeon-denisov,,," (Russian, 1682 - 1741)",1276
6554,"Denner, Balthasar",Balthasar Denner,https://art.thewalters.org/browse/creator/balthasar-denner,male,," (German, 1685-1749)",582
16308,"Dente, Marco da Ravenna",Marco Dente da Ravenna,https://art.thewalters.org/browse/creator/marco-dente-da-ravenna,male,," (Italian, ca. 1486-1527)",13947
4150,"Deparis, Jacques-François",Jacques-François Deparis,https://art.thewalters.org/browse/creator/jacques-franbois-deparis,male,," (French, 1735-1797)",21080|35385|77457
4711,"Derbais, Jèrôme",Jèrôme Derbais,https://art.thewalters.org/browse/creator/jrrme-derbais,male,," (French, active 1668-1715)",22313
15413,Derby Porcelain Factory,Derby Porcelain Factory,https://art.thewalters.org/browse/creator/derby-porcelain-factory,,," (British, founded 1756)",26671|35525|31973|77478
4637,Deroche Firm,Deroche Firm,https://art.thewalters.org/browse/creator/deroche-firm,,," (French, c. 1800 - 1850)",26288
3461,"Derome, Nicolas-Denis",Nicolas-Denis Derome,https://art.thewalters.org/browse/creator/nicolas-denis-derome,,," (French, 1731 - 1790)",30467
3251,"Detaille, Jean Baptiste Edouard",Jean Baptiste Edouard Detaille,https://art.thewalters.org/browse/creator/jean-baptiste-edouard-detaille,male,," (French, 1848-1912)",15418|17549|24905|79173
33599,"Devisme, Louis-François",Louis-François Devisme,https://art.thewalters.org/browse/creator/louis-franbois-devisme,,," (French, 1806 - 1886)",29115
18420,Dharamdas,Dharamdas,https://art.thewalters.org/browse/creator/dharamdas,,,,7538
19279,Dharm Das,Dharm Das,https://art.thewalters.org/browse/creator/dharm-das,,,,6633|83665
8677,Dharmadasa,Dharmadasa,https://art.thewalters.org/browse/creator/dharmadasa,,,,239
7221,"Diaz de la Peña, Narcisse Virgile",Narcisse Virgile Diaz de la Peña,https://art.thewalters.org/browse/creator/narcisse-virgile-diaz-de-la-pea,male,," (French, 1807-1876)",27230|38672|32568|10097|13032|16873|13517
3552,Didymus the Blind,"Didymus, the Blind",https://art.thewalters.org/browse/creator/didymus-the-blind,,, (ca. 313-ca. 398),17609|20993
15222,"Diefstetter, Ulrich",Ulrich Diefstetter,https://art.thewalters.org/browse/creator/ulrich-diefstetter,,,,37486
4132,"Dielmann, Jakob",Jakob Dielmann,https://art.thewalters.org/browse/creator/jakob-dielmann,male,," (German, 1809-1885)",11271|23949|3545
21255,"Dietz, Ludwig",Ludwig Dietz,https://art.thewalters.org/browse/creator/ludwig-dietz,,, (died 1559),84610
2671,"Dijk, Philip van",Philip van Dijk,https://art.thewalters.org/browse/creator/philip-van-dijk,male,," (Dutch, 1680-1753)",12353
3574,"Dinglinger, Johann Melchior",Johann Melchior Dinglinger,https://art.thewalters.org/browse/creator/johann-melchior-dinglinger,male,," (German, 1664-1731)",34522
3265,Diomedes,Diomedes,https://art.thewalters.org/browse/creator/diomedes,,,,20113
31465,Diquís,Diquís,https://art.thewalters.org/browse/creator/diqus,,,,80229|80249
34249,"Dirckz, Adam",Adam Dirckz,https://art.thewalters.org/browse/creator/adam-dirckz,,," (Netherlandish, active ca. 1500 - 1525)",12693
6990,"Dixon, Nicholas",Nicholas Dixon,https://art.thewalters.org/browse/creator/nicholas-dixon,male,," (English, active ca. 1660-1665, died after 1707)",12013
7070,"Dodge, John Wood",John Wood Dodge,https://art.thewalters.org/browse/creator/john-wood-dodge,male,," (American, 1807-1893)",35564
2402,"Dodin, Charles Nicolas",Charles Nicolas Dodin,https://art.thewalters.org/browse/creator/charles-nicolas-dodin,male,," (French, 1734-1803)",16727|27523|28400|34223|2104|38481|18079|24063|77454|77458
6171,"Dohachi, Nin'ami",Nin'ami Dohachi,https://art.thewalters.org/browse/creator/ninami-dohachi,male,," (Japanese, 1783-1855)",20795
6329,"Dolph, John Henry",John Henry Dolph,https://art.thewalters.org/browse/creator/john-henry-dolph,male,," (American, 1835-1903)",1028
15627,Domenti IV Patriarch,Patriarch Domenti IV,https://art.thewalters.org/browse/creator/patriarch-domenti-iv,male,," (Georgian, died 1741)",27562
15617,Dominican,Dominican,https://art.thewalters.org/browse/creator/dominican,,,,80345
3350,Donatello,Donatello,https://art.thewalters.org/browse/creator/donatello,,," (Italian, ca. 1386-1466)",1507
8307,Donatus,Donatus,https://art.thewalters.org/browse/creator/donatus,,,,15922|85618
7894,"Donatus, Aelius",Aelius Donatus,https://art.thewalters.org/browse/creator/aelius-donatus,,,,5946
15661,"Dong [Tung], Yuan [Yüan]",Dong Yuan,https://art.thewalters.org/browse/creator/dong-yuan,,," (Chinese, ca. 900-962)",37685
2123,"Donker, Herman Mijnert",Herman Mijnert Donker,https://art.thewalters.org/browse/creator/herman-mijnert-donker,male,," (Dutch, ca. 1620-1656)",18445
34655,"Doreur, CH. Collet",CH. Collet Doreur,https://art.thewalters.org/browse/creator/ch-collet-doreur,,,,87716
15367,"Dornicke, Jan van",Jan van Dornicke,https://art.thewalters.org/browse/creator/jan-van-dornicke,,," (Flemish, active ca. 1515-1525)",20477
3589,"Doré, Gustave",Gustave Doré,https://art.thewalters.org/browse/creator/gustave-dorc,male,," (French, 1832-1883)",19948|29408|20158|79174|79187|88715
5284,"Dossi, Dosso",Dosso Dossi,https://art.thewalters.org/browse/creator/dosso-dossi,male,," (Italian, ca. 1486-1542)",25096
34009,"Douceur, Louis",Louis Douceur,https://art.thewalters.org/browse/creator/louis-douceur,,," (French, 1721 - 1769)",87358
32104,"Dowson, Ernest Christopher",Ernest Christopher Dowson,https://art.thewalters.org/browse/creator/ernest-christopher-dowson,,,,89803
6010,"Dresser, Christopher",Christopher Dresser,https://art.thewalters.org/browse/creator/christopher-dresser,,,,103668|103646
4853,"Droochsloot, Joost Cornelisz",Joost Cornelisz Droochsloot,https://art.thewalters.org/browse/creator/joost-cornelisz-droochsloot,male,," (Dutch, 1586-1666)",30668
6393,"Drouais, Francois-Hubert",Francois-Hubert Drouais,https://art.thewalters.org/browse/creator/francois-hubert-drouais,male,," (French, 1727-1775)",31363
15153,"Du Fresne, A.",A. Du Fresne,https://art.thewalters.org/browse/creator/a-du-fresne,,,,5505
8583,"Du Hays, Charles",Charles Du Hays,https://art.thewalters.org/browse/creator/charles-du-hays,,,,88146
4126,"Du Quesnoy, François",François Du Quesnoy,https://art.thewalters.org/browse/creator/franbois-du-quesnoy,male,," (Flemish, ca. 1594-1643)",5171
7156,"Du, Jin",Du Jin,https://art.thewalters.org/browse/creator/du-jin,,," (Chinese, active 1465-1509)",28792|28792
4107,"Dubois, Paul",Paul Dubois,https://art.thewalters.org/browse/creator/paul-dubois,male,," (French, 1829-1905)",40889
36577,"Dubuc, Jacques-Nicolas-Pierre-Francois",Jacques-Nicolas-Pierre-Francois Dubuc,https://art.thewalters.org/browse/creator/jacques-nicolas-pierre-francois-dubuc,,," (French, 1742 - 1829)",1873
4745,Dudson,Dudson,https://art.thewalters.org/browse/creator/dudson,,," (English, 19th century)",77802
2248,Dufour,Dufour,https://art.thewalters.org/browse/creator/dufour,,,,32389
16142,"Dughet, Gaspard",Gaspard Dughet,https://art.thewalters.org/browse/creator/gaspard-dughet,,," (French, 1615-1675)",21183
5600,"Dugourc, Jean Démosthène",Jean Démosthène Dugourc,https://art.thewalters.org/browse/creator/jean-dcmosthrne-dugourc,male,," (French, 1749-1825)",11392|33164
15154,"Dumast, Guerrier de",Guerrier de Dumast,https://art.thewalters.org/browse/creator/guerrier-de-dumast,,,,5505
5048,"Dumont, François",François Dumont,https://art.thewalters.org/browse/creator/franbois-dumont,male,," (French, 1751-1831)",581|25259
7597,"Dumont, Jacques",Jacques Dumont,https://art.thewalters.org/browse/creator/jacques-dumont,,," (French, 1701 - 1781)",6943|3644
8662,"Duncanson, Robert Seldon",Robert Seldon Duncanson,https://art.thewalters.org/browse/creator/robert-seldon-duncanson,,," (American, 1821-1872)",90373
1965,"Dunlap, William",William Dunlap,https://art.thewalters.org/browse/creator/william-dunlap,male,," (American, 1766-1839)",10182
2428,"Duplessis, Jacques Vigoureux",Jacques Vigoureux Duplessis,https://art.thewalters.org/browse/creator/jacques-vigoureux-duplessis,male,," (French, active 1699-1730)",28230
2977,"Duplessis, Jean-Claude le père",Jean-Claude Duplessis le Père,https://art.thewalters.org/browse/creator/jean-claude-duplessis-le-prre,male,," (French and Italian, ca. 1695-1774)",15255|22127|18063|25959|34301|4133|6594|31101|33594|16772|36973|77458|77460|36624|2666|13317|36057|37491|77454|25248|18334|11020|18605
4644,"Duplessis, Joseph Siffred",Joseph Siffred Duplessis,https://art.thewalters.org/browse/creator/joseph-siffred-duplessis,male,," (French, 1725-1802)",33451
4767,"Dupré, Daniel",Daniel Dupré,https://art.thewalters.org/browse/creator/daniel-duprc,male,," (Dutch, 1752-1817)",37936
4984,"Dupré, Guillaume",Guillaume Dupré,https://art.thewalters.org/browse/creator/guillaume-duprc,male,," (French, ca. 1574-1642)",33688|25267
6358,"Dupré, Jules Louis",Jules Dupré,https://art.thewalters.org/browse/creator/jules-duprc,male,," (French, 1811-1889)",36169|19759|30353|36010
5375,"Durand, Asher Brown",Asher Brown Durand,https://art.thewalters.org/browse/creator/asher-brown-durand,male,," (American, 1796-1886)",15579|19883|14285
3439,"Durantino, Guido",Guido Durantino,https://art.thewalters.org/browse/creator/guido-durantino,male,," (Italian, active 1520-1576)",8799|20880|39180|33939
5757,"Dusart, Cornelis",Cornelis Dusart,https://art.thewalters.org/browse/creator/cornelis-dusart,male,," (Dutch, 1660-1704)",22959
15114,"Dussart, Léon",Léon Dussart,https://art.thewalters.org/browse/creator/lcon-dussart,male,," (French, born 1824)",2336
6227,Dutch,Dutch,https://art.thewalters.org/browse/creator/dutch,,,,38343|33533|12120|30884|39372|12091|25668|16751|32528|18659|30570|16236|16649|4338|39703|37|21437|20141|39810|39713|27276|21202|19327|15897|9130|16475|15832|23835|8035|10719|36500|27153|34228|4442|39069|11756|32217|3826|10679|12001|37746|20347|8039|1335|37059|32041|22958|22673|4697|80581|36993|85209|88622|90807|90808|18253|18693|92013|92014|92015|92016|92017|92018|92019|92020|92021|92022|92024|92025|92026|92027|92028|92029|92030|92032|92033|92034|92035|92036|92037|92038|92039|92041|92042|92043|92044|92045|92046|92047|92048|92049|92050|92051|92052|92053|92054|92055|92056|92057|92058|92059|92060|92061|92062|92063|92064|92065|92066|92067|92068|92069|92070|92071|92072|92073|92074|92075|92076|92077|92078|92079|92080|92081|92082|92083|92084|92085|92086|92087|92088|92089|92090|92091|92092|92093|92094|92095|92096|92097|92098|85216|92040|8073|81627|3869|29538|14023|39803
3364,"Dutertre, Nicolas Charles",Nicolas Charles Dutertre,https://art.thewalters.org/browse/creator/nicolas-charles-dutertre,male,," (French, ca. 1715-1793)",19459
3066,"Dutertre, Nicolas Charles fils",Nicolas Charles Dutertre fils,https://art.thewalters.org/browse/creator/nicolas-charles-dutertre-fils,male,," (French, 1758-1793)",19459
21059,"Duval, Ambrose",Ambrose Duval,https://art.thewalters.org/browse/creator/ambrose-duval,,," (American, active ca. 1765)",6700
3757,"Duverger, Théophile Emmanuel",Théophile-Emmanuel Duverger,https://art.thewalters.org/browse/creator/thcophile-emmanuel-duverger,male,," (French, 1821-after 1882)",15810|36014|9194|4254|32336
36533,Duxer Porzellan-Manufaktur,Duxer Porzellan-Manufaktur,https://art.thewalters.org/browse/creator/duxer-porzellan-manufaktur,,," (Austrian, founded 1853)",103198
35143,"Duzian, Hovhannes Agha",Hovhannes Agha Duzian,https://art.thewalters.org/browse/creator/hovhannes-agha-duzian,,," (Armenian, d. 1744)",22655
2196,"Dürer, Albrecht",Albrecht Dürer,https://art.thewalters.org/browse/creator/albrecht-drer,male,," (German, 1471-1528)",8472|26742|24598|7312|19250|11932
33739,E. Renault & Co.,E. Renault & Co.,https://art.thewalters.org/browse/creator/e-renault--co,,," (French, until 1890)",36417
7014,"Eastern, Near",Near Eastern,https://art.thewalters.org/browse/creator/near-eastern2,,,,21412|31744|4146|38130|90800
14881,Ebine,Ebine,https://art.thewalters.org/browse/creator/ebine,,,,5074
14882,Ebisuya Shoshichi,Ebisuya Shoshichi,https://art.thewalters.org/browse/creator/ebisuya-shoshichi,,,,12894|13301|9207|37089
14883,Ebiya Rinnosuke,Ebiya Rinnosuke,https://art.thewalters.org/browse/creator/ebiya-rinnosuke,,,,28736|7911|29642|32286|36137|8769|12611|21219|14361|2100|21607|28042|36890|2819|21232|14793|28958|36486|13542|33267|19076|35948|26597|30618|24232|12222|17894|32615|36717|944|20507|35185|5328|12139|5087|13259|40876|4511|21235|40548|20166|11353|37577|27556|22131|7826|37091|26686|9343|24890|33760|15565|37516|28252|15734|30560|20758|31433|39615|22056
15111,Eck et Durand,Eck et Durand,https://art.thewalters.org/browse/creator/eck-et-durand,,," (French, 1838-1863)",7836|13283|76817|34740
7065,"Ecloche, Chevalier",Chevalier Ecloche,https://art.thewalters.org/browse/creator/chevalier-ecloche,,,,40687
4612,"Ecosse, Jean-Marc-Antoine",Jean-Marc-Antoine Ecosse,https://art.thewalters.org/browse/creator/jean-marc-antoine-ecosse,male,," (French, 1722-1781)",19459
8557,Ecuadorian,Ecuadorian,https://art.thewalters.org/browse/creator/ecuadorian,,,,40210|79417|80283|80357|80337
14884,Edoya Matsugoro,Edoya Matsugoro,https://art.thewalters.org/browse/creator/edoya-matsugoro,,,,22950
36590,Edward F. Cadwell & Co,Edward F. Cadwell & Co,https://art.thewalters.org/browse/creator/edward-f-cadwell--co,,," (American, 1895 - 1959)",32851
32152,Edward I King of England,"Edward I, King of England",https://art.thewalters.org/browse/creator/edward-i-king-of-england,,, (1239 - 1307),15407
5312,"Eeckhout, Gerbrand van den",Gerbrand van den Eeckhout,https://art.thewalters.org/browse/creator/gerbrand-van-den-eeckhout,male,," (Dutch, 1621-1674)",32288
3326,"Egawa, Munetaka",Egawa Munetaka,https://art.thewalters.org/browse/creator/egawa-munetaka,male,," (Japanese, active mid 19th century)",36450
3893,"Egawa, Toshimasa I",Egawa Toshimasa I,https://art.thewalters.org/browse/creator/egawa-toshimasa-i,male,," (Japanese, died ca. 1825)",5429|40423|18429
4408,"Egawa, Toshinari",Egawa Toshinari,https://art.thewalters.org/browse/creator/egawa-toshinari,male,," (Japanese, ca. 1800-1825)",36580
5425,"Egenolff, Christian",Christian Egenolff,https://art.thewalters.org/browse/creator/christian-egenolff,,," (German, 1502 - 1555)",12440
6182,Egyptian,Egyptian,https://art.thewalters.org/browse/creator/egyptian,,,,32195|31038|11051|34004|37296|40159|21582|9282|30303|9350|24091|34770|5104|9699|24293|2362|37698|30930|39570|8108|40568|9205|6006|37893|10184|34249|40278|21030|34329|36218|18348|18204|4867|33509|27531|32130|29544|27066|11094|32236|4713|14570|27145|14091|26088|6551|3252|26661|33896|23612|24332|21040|2143|35792|18416|14225|29093|13505|9339|15|28580|13963|30580|14376|33112|29067|812|27387|22704|256|5532|12050|1897|24429|26891|18238|11698|28138|38988|23279|14770|28334|13410|35377|129|28431|28341|29901|3028|22265|3601|5793|29272|34581|13652|11222|7913|2051|9743|1633|744|25903|32564|11376|14058|16983|492|481|36963|15074|17658|28352|31616|30931|7906|38969|13512|26216|16898|24683|38585|1920|39839|35737|17856|21609|34241|22399|18115|17393|2524|35338|39196|34559|29560|24476|40223|36850|14798|27895|23913|20917|40707|12684|18052|15705|20906|12193|32992|23346|8120|10899|949|35165|18291|31944|15353|6436|5795|34080|3761|27612|22036|1169|10062|29222|19653|22462|12993|349|30356|18790|25816|5019|15557|25022|39857|32184|14646|2
5081,Egypto-Roman,Egypto-Roman,https://art.thewalters.org/browse/creator/egypto-roman,,,,31334|28935|2664|38559|5615|19794|6077|33922|24745|8080
7002,"Eiraku, Hozen",Eiraku Hozen,https://art.thewalters.org/browse/creator/eiraku-hozen,male,," (Japanese, 1785-1854)",35803|25591|12218
3678,"Eiraku, Tokuzen",Eiraku Tokuzen,https://art.thewalters.org/browse/creator/eiraku-tokuzen,male,," (Japanese, 1853-1909)",14682
6579,"Eiraku, Wazen",Eiraku Wazen,https://art.thewalters.org/browse/creator/eiraku-wazen,male,," (Japanese, 1821-1896)",10716|19392|30911|39117
14887,Eirakuya Toshiro,Eirakuya Toshiro,https://art.thewalters.org/browse/creator/eirakuya-toshiro,,,,1435|1773|29539|32707|20846
7127,Eisen,Eisen,https://art.thewalters.org/browse/creator/eisen,male,," (Japanese, 1790-1848)",28854|20435
5664,"Eisen, Charles Joseph Dominique",Charles Joseph Dominique Eisen,https://art.thewalters.org/browse/creator/charles-joseph-dominique-eisen,male,," (French, 1720-1778)",35144|39137
5279,"Eishi, Hosoda",Hosoda Eishi,https://art.thewalters.org/browse/creator/hosoda-eishi,male,," (Japanese, 1756-1829)",35479
3547,"Eisuke, Jomi",Jomi Eisuke,https://art.thewalters.org/browse/creator/jomi-eisuke,male,," (Japanese, active 1881-1911)",22063
14888,Eiyudo,Eiyudo,https://art.thewalters.org/browse/creator/eiyudo,,,,27549
7731,"Eizan, Kikugawa",Kikugawa Eizan,https://art.thewalters.org/browse/creator/kikugawa-eizan,,,,32658|38515
35159,Elamite,Elamite,https://art.thewalters.org/browse/creator/elamite,,,,35075|39868|27918|37020
4090,"Elder, Mathaus Frauenpriess the",Mathaus Frauenpriess the Elder,https://art.thewalters.org/browse/creator/mathaus-frauenpriess-the-elder,male,," (German, 1527-1576)",30732
3236,Eleventh Artel,Eleventh Artel,https://art.thewalters.org/browse/creator/eleventh-artel,,,,82307|82468|82469|82377|82297|82467|82338
14889,Eliphal Dobson and William Binauld,Eliphal Dobson and William Binauld,https://art.thewalters.org/browse/creator/eliphal-dobson-and-william-binauld,,,,7910
8170,"Ellicott, John",John Ellicott,https://art.thewalters.org/browse/creator/john-ellicott,,," (English, active 1696-1729)",10072
4578,"Elliott, Charles Loring",Charles Loring Elliott,https://art.thewalters.org/browse/creator/charles-loring-elliott,male,," (American, 1812-1868)",1642|14166|26651|27255|35614|9376
34641,Eloquence Painter,Eloquence Painter,https://art.thewalters.org/browse/creator/eloquence-painter,,," (Italian, 16th century)",39732
4437,"Elsheimer, Adam",Adam Elsheimer,https://art.thewalters.org/browse/creator/adam-elsheimer,male,," (German, 1578-1610)",2450
21264,"Elzevir, Daniel",Daniel Elzevir,https://art.thewalters.org/browse/creator/daniel-elzevir,,, (1626-1680),84600
31579,Embriachi family,Embriachi family,https://art.thewalters.org/browse/creator/embriachi-family,,," (Italian, active late 14th-15th centuries)",7354|20503|6025|34145|22828
15568,"Embriachi, Baldassare",Baldassare Embriachi,https://art.thewalters.org/browse/creator/baldassare-embriachi,male,," (Italian, ca. 1390-1409)",7516
31502,Engelmann and Graf,Engelmann and Graf,https://art.thewalters.org/browse/creator/engelmann-and-graf,,,,84551
2931,"Engleheart, George",George Engleheart,https://art.thewalters.org/browse/creator/george-engleheart,male,," (English, 1752-1829)",16074
6197,English,English,https://art.thewalters.org/browse/creator/english,,,,67|4636|16059|13763|33851|33704|7938|21595|39780|23156|22493|12992|24009|810|2198|27854|31883|7187|24479|27605|37690|6128|10998|29697|18433|30448|12827|24705|17641|24817|26999|6114|23398|39872|6775|19254|22345|19298|2520|3490|6722|34720|27884|9875|22151|37656|10432|33698|2696|4492|36296|36470|13086|18127|36878|21536|37024|4493|20648|18517|1180|1198|26294|11551|4353|23906|30758|20793|15684|11979|31566|10232|40237|23454|28380|4126|22234|28719|37346|866|23764|4683|22603|2767|25556|4359|18937|14496|12817|12381|34453|12860|1036|24768|40206|8259|31848|11613|4954|37302|16568|6203|4248|8463|15407|10989|10819|28796|27392|10004|23152|3597|11937|30199|16233|38740|25619|14592|4709|20663|11130|26401|17574|18756|24311|15887|6064|26723|7802|327|27842|19503|5361|22620|19975|16820|4172|8502|29378|3667|29552|38401|16636|10173|15083|29507|16481|6742|29543|30597|7144|2885|24082|18358|26293|22571|2239|33144|14141|35247|15322|7398|21927|39044|29199|34062|12169|15286|18875|37389|28302|39621|13208|26706|8888|14881|7335|26163|28782|2
6586,Enjaku,Enjaku,https://art.thewalters.org/browse/creator/enjaku,male,, (Japanese),20862
14890,Enshuya Hikobei,Enshuya Hikobei,https://art.thewalters.org/browse/creator/enshuya-hikobei,,,,12652|28256|30650|79211|79212
14891,Enshuya Matabei,Enshuya Matabei,https://art.thewalters.org/browse/creator/enshuya-matabei,,,,35184|36836|21833|11584|30471|29049|24163|37047|38250|22707|21482|18907|80571|80572
15497,"Esterhazy, Palatine Miklos",Palatine Miklos Esterhazy,https://art.thewalters.org/browse/creator/palatine-miklos-esterhazy,,," (Hungarian, active ca. 1611)",9633
16195,"Estienne, Robert","Robert Estienne, 1503 (?)-1559",https://art.thewalters.org/browse/creator/robert-estienne-1503--1559,male,," (French, 1503 (?)-1559)",85438
6264,Ethiopian,Ethiopian,https://art.thewalters.org/browse/creator/ethiopian,,,,23657|27214|37850|34875|1715|5098|28734|5913|35126|4471|25894|26771|342|27403|23287|27152|4632|4545|34416|35663|12682|2992|35807|25428|3918|27195|4854|37025|10613|2543|30381|16014|6720|663|30807|36885|22195|36873|19090|6357|4532|11176|35495|8156|2933|34615|18780|38918|38328|19931|29993|11184|11693|20297|29550|2309|21134|31027|27600|26726|227|2982|10478|2611|39384|21184|31969|78137|82846|87628|88491|88492|88502|88532|90657|90658|90659|90660|90661|90662|90663|90664|90665|90668|90744|91233|91234|91235|91238|91247|95933|95934|95935|95936|95937|95938|95939|95940|95941|95942|95943|95944|95945|102547|102548|102665|31403
6291,Etruscan,Etruscan,https://art.thewalters.org/browse/creator/etruscan,,,,12591|22855|17861|31810|12864|32692|36581|2669|27933|18248|10639|22726|7225|11786|40272|12475|40185|34711|38542|18831|15706|7493|39794|12964|16421|26306|28296|13304|38802|8773|20718|18367|23779|17998|4607|3497|23467|24853|9488|29937|24561|32028|35164|35451|29280|1120|1191|19326|26029|26951|18786|39802|37875|9897|36283|38566|5446|18306|35840|3015|26701|4821|37072|29947|6757|1236|30376|31596|27121|32924|30848|2635|11025|23231|29515|6482|25901|29759|12477|6896|3916|26548|24859|34772|26503|6743|14625|36337|6853|31513|32560|16346|9673|35582|10165|31238|15150|9043|18111|34786|24641|39088|7987|23608|35523|12553|38161|27196|40690|2517|37531|39552|37673|37174|33355|10255|22932|27227|22098|8423|36446|33907|5768|25355|36097|38430|27955|9907|31850|28565|15487|18837|24722|24051|34521|10938|10961|21572|1152|14465|1355|15001|23538|7537|40792|26483|21398|2540|11818|22924|6973|17378|2807|5562|37264|32012|15125|13597|38402|35378|39258|36857|36279|17448|10690|32892|3937|23491|29754|35733|19939|30860|3266|37806|6158|38209|7588|2
3817,Euclid,Euclid,https://art.thewalters.org/browse/creator/euclid,,,,27105
6985,European,European,https://art.thewalters.org/browse/creator/european,,,,32921|29810|24737|12674|17289|38516|27294|15614|26563|30158|19860|22172|10324|23441|19921|27938|6897|32150|26731|2694|24789|14071|19921|22630|35214|24775|33911|5597|24508|32035|7681|23330|19958|11019
8611,Eusebius of Caesarea Bishop of Caesarea,"Eusebius of Caesarea, Bishop of Caesarea",https://art.thewalters.org/browse/creator/eusebius-of-caesarea-bishop-of-caesarea,male,, (ca. 260-ca. 340),27575|17605|15542|35994|3424|5672|3129|32665|8125|15740|23890|2813|4532|21665|25389|9001|16858|9442|16064|14097|30894|24287|3738|21134|2309|29550|20297|11693|11184|29993|32891|31816|35638|13047|37762|12610|1055|36956|8852|9192|37981|3075|20707|6911|90668|26279|81011|25893|8721|36376|32697|11961|10048|16299|30774|26404|10047|22980|38893|37763|32763|37352|14890|28163|27956|3518
4328,"Evalde, Maurice-Bernard",Maurice-Bernard Evalde,https://art.thewalters.org/browse/creator/maurice-bernard-evalde,male,," (French, master 1765)",9586
34521,"Evans, Etienne",Étienne Évans,https://art.thewalters.org/browse/creator/atienne-avans,,," (French, active 1752 - 1806)",3862
15629,"Evinikhidze, George",George Evinikhidze,https://art.thewalters.org/browse/creator/george-evinikhidze,,, (Georgian),18241
2067,Exekias,Exekias,https://art.thewalters.org/browse/creator/exekias,male,," (Greek, active 540-520 BCE)",30822
5711,"Eylé, Gabrielle Zoborowska",Gabrielle Zoborowska Eylé,https://art.thewalters.org/browse/creator/gabriella-zoborowska,female,," (French, 1852 - 1938)",12159
20427,F. L. Smidth & Co.,F. L. Smidth & Co.,https://art.thewalters.org/browse/creator/f-l-smidth--co,,,,79597
5208,"F63, Painter of British Museum",Painter of British Museum F63,https://art.thewalters.org/browse/creator/painter-of-british-museum-f63,,,,20300
4493,"Faberge, Peter Carl",Peter Carl Fabergé,https://art.thewalters.org/browse/creator/peter-carl-fabergc,male,, (1846-1920),76634|21055|29546|14933|19302|32731|4432|31663|15225|28720|1327|10015|40436|9638|34751|32058|14310|82510|82331|82278|82263|82305|82308|82274|82452|82273|82441|82431|82387|82292|82475|82474|82373|82388|82434|82479|82494|82285|82311|82504|82488
4583,"Fabris, Pietro",Pietro Fabris,https://art.thewalters.org/browse/creator/pietro-fabris,male,," (Italian, active 1768-1778)",28723
7700,"Fadl, 'Abd Allah ibn",'Abd Allah ibn Fadl,https://art.thewalters.org/browse/creator/abd-allah-ibn-fadl,,,,33697|84223|84224
2994,"Falconet, Etienne-Maurice",Etienne-Maurice Falconet,https://art.thewalters.org/browse/creator/etienne-maurice-falconet,male,," (French, 1716-1791)",7111|2606|17579|19609|17957|2666|13317|39496
2713,"Falize, Alexis",Alexis Falize,https://art.thewalters.org/browse/creator/alexis-falize,male,," (French, 1811-1898)",9820
35327,"Fall, Yelimane",Yelimane Fall,https://art.thewalters.org/browse/creator/yelimane-fall,,," (Senegalese, 1953 - 2019)",102889|102896
6544,"Family, Folco",Folco Family,https://art.thewalters.org/browse/creator/folco-family,,,,9873
3789,"Fanelli, Francesco",Francesco Fanelli,https://art.thewalters.org/browse/creator/francesco-fanelli,male,," (Italian, 1590-1653)",32121|33803|4749|17721
15459,Fannières Frères,Fannières Frères,https://art.thewalters.org/browse/creator/fannirres-frrres,,, (French),16694|34740|7836
16509,"Fanoli, Michele",Michele Fanoli,https://art.thewalters.org/browse/creator/michele-fanoli,,," (Italian, 1807-1876)",37147
2661,"Fantin-Latour, Henri",Henri Fantin-Latour,https://art.thewalters.org/browse/creator/henri-fantin-latour,male,," (French, 1836-1904)",39209
15380,"Farnese, Alessandro II Cardinal",Cardinal Alessandro Farnese II,https://art.thewalters.org/browse/creator/cardinal-alessandro-farnese-ii,male,," (Italian, 1520-1589)",23974
2734,"Farnham, George Paulding",George Paulding Farnham,https://art.thewalters.org/browse/creator/george-paulding-farnham,male,," (American, 1859-1927)",12122|7603
3468,"Farrer, Thomas Charles",Thomas Charles Farrer,https://art.thewalters.org/browse/creator/thomas-charles-farrer,male,," (English, 1839-1891)",10053|2667
18418,Farrukh,Farrukh,https://art.thewalters.org/browse/creator/farrukh,,,,7538|33758|9111
8457,Faulkner,Faulkner,https://art.thewalters.org/browse/creator/faulkner,,,,8954|91092
3922,"Fauré, Camille",Camille Fauré,https://art.thewalters.org/browse/creator/camille-faurc,male,," (French, 1881-1942)",5918
15458,"Fauré, P.",P. Fauré,https://art.thewalters.org/browse/creator/p-faurc,,, (French),16694
4794,"Fauvelet, Jean Baptiste",Jean Baptiste Fauvelet,https://art.thewalters.org/browse/creator/jean-baptiste-fauvelet,male,," (French, 1819-1883)",2414
15694,"Favray, Antoine de",Antoine de Favray,https://art.thewalters.org/browse/creator/antoine-de-favray,,," (French, 1706-ca. 1791)",1416
8159,Federigo da Venezia,"Federigo da Venezia, O.P.",https://art.thewalters.org/browse/creator/federigo-da-venezia-op,,,,30322
6845,"Fei, Paolo di Giovanni",Paolo di Giovanni Fei,https://art.thewalters.org/browse/creator/paolo-di-giovanni-fei,male,," (Italian, ca. 1345-ca. 1411)",26370
16124,"Fei, Yigeng",Fei Yigeng,https://art.thewalters.org/browse/creator/fei-yigeng,,, (Chinese),35928
33119,"Fel, William",William Fel,https://art.thewalters.org/browse/creator/william-fel,,,,88051
4848,"Felix, Daniel",Daniel Felix,https://art.thewalters.org/browse/creator/daniel-felix,male,,,14558
21005,"Fell, Herbert Granville",Herbert Granville Fell,https://art.thewalters.org/browse/creator/herbert-granville-fell,,," (British, 1872 - 1951)",85478
32063,"Feodorovna, Maria",Maria Feodorovna,https://art.thewalters.org/browse/creator/maria-feodorovna,,," (Russian, 1759-1828)",88713
2026,Ferrara,Ferrara,https://art.thewalters.org/browse/creator/school-of-ferrara,,, (Italian),14707|16933
4994,"Ferrari, Defendente",Defendente Ferrari,https://art.thewalters.org/browse/creator/defendente-ferrari,male,," (Italian, active ca. 1500-1535)",18355
4956,"Ferrari, Guilio Cesare",Guilio Cesare Ferrari,https://art.thewalters.org/browse/creator/guilio-cesare-ferrari,male,," (Italian, born 1818)",13956
15297,"Ferrata, Ercole",Ercole Ferrata,https://art.thewalters.org/browse/creator/ercole-ferrata,male,," (Italian, 1610-1686)",5040
7371,"Ferrucci, Andrea",Andrea Ferrucci,https://art.thewalters.org/browse/creator/andrea-ferrucci,male,," (Italian, 1465-1526)",28977
5904,"Feselen, Melchior",Melchior Feselen,https://art.thewalters.org/browse/creator/melchior-feselen,male,," (German, 1495-1538)",16380
7949,Festus,Festus,https://art.thewalters.org/browse/creator/festus,,,,5029
5382,"Festus, Sextus Pompeius","Festus, Sextus Pompeius",https://art.thewalters.org/browse/creator/festus-sextus-pompeius,,,,13723
5842,"Fetti, Domenico",Domenico Fetti,https://art.thewalters.org/browse/creator/domenico-fetti,male,," (Italian, ca. 1589-1623)",32662|26440
35331,"Feuchere, Pierre-Francois",Pierre-François Feuchère,https://art.thewalters.org/browse/creator/pierre-franois-feuchre,,," (French, 1737 - 1823)",16404|40164
3339,"Feulard, Jean Pierre",Jean Pierre Feulard,https://art.thewalters.org/browse/creator/jean-pierre-feulard,male,," (French, 1790-1849)",21174
14892,"Feyrabend, Sigmund","Feyrabend, Sigmund",https://art.thewalters.org/browse/creator/feyrabend-sigmund,,,,33171
6528,"Fichel, Eugène",Eugène Fichel,https://art.thewalters.org/browse/creator/eugrne-fichel,male,," (French, 1826-1895)",22194|17312
5886,"Field, Robert",Robert Field,https://art.thewalters.org/browse/creator/robert-field,male,," (English, ca. 1769-1819)",24565|22102
31711,Fifteenth Artel,Fifteenth Artel,https://art.thewalters.org/browse/creator/fifteenth-artel,,, (Russian),82291
32066,Filipino,Filipino,https://art.thewalters.org/browse/creator/filipino,,,,11803|29735|28268|19330|57|22600
3205,Filon,Filon,https://art.thewalters.org/browse/creator/filon,,,,10319
7898,"Fines, Eugène François",Eugène François Fines,https://art.thewalters.org/browse/creator/eugrne-franbois-fines,,," (French, b. 1826)",21906|35238
17013,"Fiorentino, Pier Francesco Pseudo",Pseudo Pier Francesco Fiorentino,https://art.thewalters.org/browse/creator/pseudo-pier-francesco-fiorentino,male,," (Italian, active 2nd half 15th century)",38490|13192|8525
2867,"Fiorentino, Rosso",Rosso Fiorentino,https://art.thewalters.org/browse/creator/rosso-fiorentino,male,," (Italian, 1494-1540)",29457
7768,Firdawsi,Firdawsi,https://art.thewalters.org/browse/creator/firdawsi,,," (Persian, died 411-416 AH/AD 1020-1025)",27890|12645|7066|39598|25171|1489|16989|9659|2901|3860|32408|1230|37361|33104|10986|25457|33863|32979|4925|7842|36678|21039|12920|35368|38717|7597|6781|26406|21784|35766|7848|35783|8924|4287|24843|16790|37514|38602|11997|37946|19766|9152|32302|4323|18842|34056|11125|17000|38922|39791|11398|19976|4503|8110|36109|3192|22691|3704|2970|35637|24130|18874|19347|33354|3640|8634|10051|40746|39718|18680|5589|37202|37313|7253|30412|987|34627|37003|10461|20112|78|27401|34874|22615|30030|4687|35159|83464|83465|83466|83467|83468|83469|83470|83471|83472|83473|83474|83475|83476|83477|83478|83479|83480|83481|83482|83483|83484|83485|83486|83487|83488|83490|83491|83492|83493|83494|83495|83496|83497|83498|83499|83500|83501|83502|83503|83504|83505|83506|83507|83510|83511|83512|83513|83514|83515|83538|83539|83540|83541|83542|83543|83544|83545|83546|83547|83548|83549|83550|83551|83552|83553|83554|85648
18987,Firm of David Anderson,Firm of David Anderson,https://art.thewalters.org/browse/creator/firm-of-david-anderson,,," (Norwegian, founded 1876)",82522
2261,Firm of Fortunato Pio Castellani,Firm of Fortunato Pio Castellani,https://art.thewalters.org/browse/creator/firm-of-fortunato-pio-castellani,,," (Italian, 1793-1865)",32824|17313
3745,Firm of Otto Samuel Keibel,Firm of Otto Samuel Keibel,https://art.thewalters.org/browse/creator/firm-of-otto-samuel-keibel,,,,82288
4588,"Fischer, L.",L. Fischer,https://art.thewalters.org/browse/creator/l-fischer,,,,19844
16820,"Flamen, Anselme the elder",Anselme Flamen the elder,https://art.thewalters.org/browse/creator/anselme-flamen-the-elder,male,," (French, 1647-1717)",29625
2130,Flanders,Flanders,https://art.thewalters.org/browse/creator/flanders,,,,102973
15320,"Flandrin, Jean-Paul",Jean-Paul Flandrin,https://art.thewalters.org/browse/creator/jean-paul-flandrin,male,," (French, 1811-1902)",18275
34636,Flatfish Painter,Flatfish Painter,https://art.thewalters.org/browse/creator/flatfish-painter,,," (Greek, mid-late 4th century BCE)",4530
5609,"Flatman, Thomas",Thomas Flatman,https://art.thewalters.org/browse/creator/thomas-flatman,male,," (English, 1635-1688)",878
3234,"Flaxman, John",John Flaxman,https://art.thewalters.org/browse/creator/john-flaxman,male,," (English, 1755-1826)",21626|15805|28354
6505,Flemish,Flemish,https://art.thewalters.org/browse/creator/flemish,,,,30543|8488|17748|12202|39056|38633|38410|26886|29017|38776|39699|17958|29742|7682|18696|18876|2555|11229|9141|39373|15694|27866|34597|6927|29034|21475|12111|21400|21368|30647|36509|7942|2035|10417|28483|8276|14509|35384|4560|14383|37729|14084|6000|18457|19461|39770|28153|25361|19610|22314|37498|30996|36360|31958|6433|14745|39308|14563|28480|40670|28017|24600|22284|771|40252|19886|20814|31410|4329|11602|23124|33912|25101|11347|17186|18330|13358|23249|30129|38246|18437|24127|10715|32962|32105|2795|30052|20202|31305|4850|9099|26336|23372|8974|38056|38593|26028|11858|27297|20930|27247|11361|15459|38571|2112|12342|32652|38327|39104|32883|4282|25435|28405|33940|17726|9523|6079|33949|16102|35475|32520|22807|14003|35081|31389|35199|19028|24067|1568|5036|32965|23462|35937|26892|34026|14070|610|10719|2973|25809|23582|39731|20934|7251|36021|18480|34985|33351|13797|14446|21421|77408|78094|78126|25021|29065|20947|78105|78106|27654|17111|81321|81324|21564|81156|81157|26234|81322|77725|24026|81316|81314|81315|10564|36708|73
21320,"Flers, Robert de",Robert de Flers,https://art.thewalters.org/browse/creator/robert-de-flers,,," (French, 1872 - 1927)",87709
15152,"Fleury, Abbo of Saint",Saint Abbo of Fleury,https://art.thewalters.org/browse/creator/saint-abbo-of-fleury,,, (ca. 945 - 1004),32220|31103|35532|4420
1945,"Flick, Auguste-Emile",Auguste-Emile Flick,https://art.thewalters.org/browse/creator/auguste-emile-flick,male,," (French, active 1870-1882)",36020
18723,Florentine,Florentine,https://art.thewalters.org/browse/creator/florentine,,, (Italian),24836|21892|10524|679|33241|31688|22861|24653|12656|1320|16695|12857|31902|35589|35477|39845|32847|13687|22142|11773|10362|8443|22154|9882|25379|34639|39797|5090|22892|2355|7262|37626
3493,"Floris, Frans the elder",Frans Floris the elder,https://art.thewalters.org/browse/creator/frans-floris-the-elder,male,," (Flemish, ca. 1519-1570)",38805|14954
33136,"Floury, Henri",Henri Floury,https://art.thewalters.org/browse/creator/henri-floury,,, (French),88106
5838,"Flötner, Peter",Peter Flötner,https://art.thewalters.org/browse/creator/peter-fltner,male,," (German, 1485-1546)",1336
1857,"Foggini, Giovanni Battista",Giovanni Battista Foggini,https://art.thewalters.org/browse/creator/giovanni-battista-foggini,male,," (Italian, 1652-1725)",21754
3785,"Foltz, Ludwig",Ludwig Foltz,https://art.thewalters.org/browse/creator/ludwig-foltz,male,," (German, 1809-1867)",35591
36486,"Folwell, Samuel",Samuel Folwell,https://art.thewalters.org/browse/creator/samuel-folwell,,," (American, 1765 - 1813)",21462
2635,Fontainbleau School,Fontainbleau School,https://art.thewalters.org/browse/creator/fontainbleau-school,,,,131
15791,Fontana family,Fontana family,https://art.thewalters.org/browse/creator/fontana-family,,," (Italian, active 16th-17th century)",15181|37660
4109,"Fontana, Annibale",Annibale Fontana,https://art.thewalters.org/browse/creator/annibale-fontana,male,," (Italian, 1540-1587)",3013|3369|21338
4069,"Fontana, Lavinia",Lavinia Fontana,https://art.thewalters.org/browse/creator/lavinia-fontana,female,," (Italian, 1552-1614)",13056|29078|19054
34556,"Fontelliau, François",François Fontelliau,https://art.thewalters.org/browse/creator/franbois-fontelliau,,," (French, active 1753 - 1755)",10022
6928,"Foppa, Vincenzo",Vincenzo Foppa,https://art.thewalters.org/browse/creator/vincenzo-foppa,male,," (Italian, ca. 1427-ca. 1515)",10339
5302,"Forfaict, Nicolas",Nicolas Forfaict,https://art.thewalters.org/browse/creator/nicolas-forfaict,,,,17105
2754,"Forger, Venetian",Venetian Forger,https://art.thewalters.org/browse/creator/venetian-forger,,,,32839|12841
34289,"Formey, Jean",Jean Formey,https://art.thewalters.org/browse/creator/jean-formey,,," (French, active 1741 - 1791)",37022
5653,"Formschneider, Hieronymous",Hieronymous Formschneider,https://art.thewalters.org/browse/creator/hieronymous-formschneider,,,,24598
31699,"Fort, Paul",Paul Fort,https://art.thewalters.org/browse/creator/paul-fort,,," (French, 1872 - 1960)",88063
6605,"Forte, Luca",Luca Forte,https://art.thewalters.org/browse/creator/luca-forte,male,," (Italian, ca. 1615-before 1670)",35450|29909
15603,Fortin,Fortin,https://art.thewalters.org/browse/creator/fortin,,," (French, 18th century)",3641
7076,"Fortuny, Mariano",Mariano Fortuny,https://art.thewalters.org/browse/creator/mariano-josc-mara-bernardo-fortuny-y-carbo,male,," (Spanish, 1838-1874)",20193|35203|941|17251|16619|5117|33812|37641
7950,"Foscarenus, Ludovicus",Ludovicus Foscarenus,https://art.thewalters.org/browse/creator/ludovicus-foscarenus,,,,5029
6413,"Fouquet, Jean",Jean Fouquet,https://art.thewalters.org/browse/creator/jean-fouquet,male,," (French, 1415-1481; 1415/20-1481)",29944|33413|28515
18250,"Fournier, Louis Edouard",Louis Edouard Fournier,https://art.thewalters.org/browse/creator/louis-edouard-fournier,,," (French, 1857 - after 1903)",95921
4888,"Fragonard, Jean-Honoré",Jean-Honoré Fragonard,https://art.thewalters.org/browse/creator/jean-honorc-fragonard,male,," (French, 1732-1806)",31556|10578
5564,"Fragonard, Marie-Anne",Marie-Anne Fragonard,https://art.thewalters.org/browse/creator/marie-anne-fragonard,female,," (French, 1745-1823)",26519|25620
6696,"Francavilla, Pietro",Pietro Francavilla,https://art.thewalters.org/browse/creator/pietro-francavilla,male,," (Flemish, 1548-1615)",7866
6247,France,France,https://art.thewalters.org/browse/creator/france,,,,16027
5763,"Franchi, Antonio",Antonio Franchi,https://art.thewalters.org/browse/creator/antonio-franchi,male,," (Italian, 1634-1709)",16937
17191,"Francia, Francesco",Francesco Francia,https://art.thewalters.org/browse/creator/francesco-francia,male,," (Italian, ca. 1450-1517)",22734
5633,"Francia, Giacomo",Giacomo Francia,https://art.thewalters.org/browse/creator/giacomo-francia,male,," (Italian, ca. 1486-1557)",17234
7130,"Francia, Giulio",Giulio Francia,https://art.thewalters.org/browse/creator/giulio-francia,male,," (Italian, 1487-1540)",17234
5595,"Francin, Claude-Clair",Claude-Clair Francin,https://art.thewalters.org/browse/creator/claude-clair-francin,male,," (French, 1702-1773)",35397
2440,"Francino, Antonio",Antonio Francino,https://art.thewalters.org/browse/creator/antonio-francino,,,,6423
8609,"Franck, Fance",Fance Franck,https://art.thewalters.org/browse/creator/fance-franck,,,,23374|7257|34225
4973,"Francken, Frans I",Frans Francken I,https://art.thewalters.org/browse/creator/frans-francken-i,male,," (Flemish, 1542-1616)",25754
2009,"Francken, Frans II",Frans Francken II,https://art.thewalters.org/browse/creator/frans-francken-ii,male,," (Flemish, 1581-1642)",13577|23754|11912
4911,"Francken, Hieronymus II",Hieronymus Francken II,https://art.thewalters.org/browse/creator/hieronymus-francken-ii,male,," (Flemish, 1578-1623)",14623
5174,Franco-Flemish,Franco-Flemish,https://art.thewalters.org/browse/creator/franco-flemish,,,,11501|28273|7196|5668|1799|11989
3916,"Francois, Henri Louis",Henri Louis François,https://art.thewalters.org/browse/creator/henri-louis-franbois,,,,15567|21044|25577
8177,"Francois, Louis",Louis Francois,https://art.thewalters.org/browse/creator/louis-francois,,,,40499
2386,Frankish,Frankish,https://art.thewalters.org/browse/creator/frankish,,,,10823|30842|34292|32983|11727|34764|30068|21315|37802|18808|36636|3350|1374|33225|26058|1264|1573|11266|33075|27217|5026
3682,"François, Maître",Maître François,https://art.thewalters.org/browse/creator/maaetre-franbois,,, (French),1171|3094|21147
2795,"Fraser, Charles",Charles Fraser,https://art.thewalters.org/browse/creator/charles-fraser,male,," (American, 1782-1860)",38244|17436|20555|4311|17303|30295
19069,Fratelli d'Alessandri,Fratelli d'Alessandri,https://art.thewalters.org/browse/creator/fratelli-dalessandri,,,,82751
5315,"Fratellini, Giovanna",Giovanna Fratellini,https://art.thewalters.org/browse/creator/giovanna-fratellini,female,," (Italian, 1666-1731)",7959
7317,Fre Seyon,Fre Seyon,https://art.thewalters.org/browse/creator/fre-seyon,,," (Ethiopian, late 15th century)",5751
4198,"Fredi, Bartolo di",Bartolo di Fredi,https://art.thewalters.org/browse/creator/bartolo-di-fredi,male,," (Italian, active 1353-1410)",29205
5746,"Freeman, Jane",Jane Freeman,https://art.thewalters.org/browse/creator/jane-freeman,female,," (English, 1871-1963)",21167
5824,"Frellon, Jean",Jean Frellon,https://art.thewalters.org/browse/creator/jean-frellon,,," (French, d. 1568)",3217|79125
6229,French,French,https://art.thewalters.org/browse/creator/french,,,,11623|26351|9707|3520|36624|7148|31005|37527|16670|37488|36291|19300|10601|31506|32370|20747|27873|10303|25905|26198|38824|25380|27122|18846|33558|17050|34138|30313|20823|20344|33080|30619|25788|32556|18605|17462|20614|837|10366|18100|26895|31117|37066|1407|6359|20417|29770|39602|11096|34937|24660|24333|27378|38431|17992|7348|3772|7509|28688|22756|26441|20225|4486|4799|34549|11043|665|15726|20622|13739|27418|18707|36652|3643|10552|29938|14832|15574|23719|35260|20257|24249|18120|23769|12329|17091|26415|29117|17659|29026|551|27536|33522|9888|12635|28494|13273|17319|16085|1931|35084|6224|32263|21024|3894|31568|24521|16990|40813|4217|13018|25050|16326|877|32787|26758|9937|1865|33671|15077|28895|19196|10296|18215|27850|10969|32698|13946|24206|10455|5063|8193|25829|32419|40560|23896|6176|15917|38455|32186|2952|17286|9046|24027|13533|30327|5196|27587|3022|33711|24150|915|17846|20567|40878|12924|19717|39204|32757|27446|24108|16470|33759|21955|30071|30433|33876|24165|9567|31168|8926|3307|22078|20055|33320|27845|16962|
5605,"French de Court, Jean",Jean de Court,https://art.thewalters.org/browse/creator/jean-de-court2,,," (French, ca. mid 16th century)",33811|35910|10003
5781,"French, Northern",Northern French,https://art.thewalters.org/browse/creator/northern-french,,,,14141|34963
18341,"Fridolin, Stephen",Stephen Fridolin,https://art.thewalters.org/browse/creator/stephen-fridolin,,, (German),13698
15512,"Fries, Joachim",Joachim Fries,https://art.thewalters.org/browse/creator/joachim-fries,,," (German, died 1620)",28302
4396,"Fromentin, Eugène",Eugène Fromentin,https://art.thewalters.org/browse/creator/eugrne-fromentin,male,," (French, 1820-1876)",23597|26456|34036
7539,"Fronmiller, David",David Fronmiller,https://art.thewalters.org/browse/creator/david-fronmiller,,,,15676
6681,"Frère, Charles Théodore",Charles Théodore Frère,https://art.thewalters.org/browse/creator/charles-thcodore-frrre,male,," (French, 1814-1888)",9206
4366,"Frère, Pierre-Edouard",Pierre-Édouard Frère,https://art.thewalters.org/browse/creator/pierre-adouard-frrre,male,," (French, 1819-1886)",21705|7502|7203|10124|16819|15465|21199|10191|23039|24930|37596|13895
3119,"Frémiet, Emmanuel",Emmanuel Frémiet,https://art.thewalters.org/browse/creator/emmanuel-frcmiet,male,," (French, 1824-1910)",31264|24389
15467,"Frémin, Jean",Jean Frémin,https://art.thewalters.org/browse/creator/jean-frcmin,,, (French),16145
6223,"Fröhlich, Jacob",Jacob Fröhlich,https://art.thewalters.org/browse/creator/jacob-frhlich,,,,774
2256,"Fucigna, Claudio",Claudio Fucigna,https://art.thewalters.org/browse/creator/claudio-fucigna,,,,13828
4945,"Fujii, Yoshiyuki",Fujii Yoshiyuki,https://art.thewalters.org/browse/creator/fujii-yoshiyuki,male,," (Japanese, ca. 1850)",79647|79648
34162,"Fujikasa, Satoko",Fujikasa Satoko,https://art.thewalters.org/browse/creator/fujikasa-satoko,,," (Japanese, born 1980)",96721
6714,Fujiwara,Fujiwara,https://art.thewalters.org/browse/creator/fujiwara,,,,30049
6154,"Fujiwara, Masatsune",Fujiwara Masatsune,https://art.thewalters.org/browse/creator/fujiwara-masatsune,male,," (Japanese, ca. 1800-1875)",19897
5756,"Fujiwara, Nobutaka",Fujiwara Nobutaka,https://art.thewalters.org/browse/creator/fujiwara-nobutaka,male,, (Japanese),14780|32680
6144,"Fukawa, Kazunori",Fukawa Kazunori,https://art.thewalters.org/browse/creator/fukawa-kazunori,male,," (Japanese, 1824-1876)",21990|7774|28575|79208|79209
14893,Fukuda Hatsujiro,Fukuda Hatsujiro,https://art.thewalters.org/browse/creator/fukuda-hatsujiro,,,,19667|2301|36934
14894,Fukuda Kumajiro,Fukuda Kumajiro,https://art.thewalters.org/browse/creator/fukuda-kumajiro,,,,20493|5792|79298|79299
14895,Fukuda Zenjiro,Fukuda Zenjiro,https://art.thewalters.org/browse/creator/fukuda-zenjiro,,,,27479|79295|79296|79297
5956,"Fukui, Ichiju",Fukui Ichiju,https://art.thewalters.org/browse/creator/fukui-ichiju,male,," (Japanese, 1835-1903)",40163|6847|79556
4309,"Funada, Ikkin",Funada Ikkin,https://art.thewalters.org/browse/creator/funada-ikkin,male,," (Japanese, 1812-1863)",15164|17215|79561
3658,"Funada, Ikkin II",Funada Ikkin II,https://art.thewalters.org/browse/creator/funada-ikkin-ii,male,," (Japanese, ca. 1840-1885)",31511
3770,"Funami, Yukinao",Funami Yukinao,https://art.thewalters.org/browse/creator/funami-yukinao,male,," (Japanese, active ca. 1825)",12623
14896,Funazu,Funazu,https://art.thewalters.org/browse/creator/funazu,,,,5915|32308|13375|25910|20207|29386|7725|27458|9552|14464|5540
14897,Funazu Chojiro,Funazu Chojiro,https://art.thewalters.org/browse/creator/funazu-chojiro,,,,258
14898,Funazu Chujiro,Funazu Chujiro,https://art.thewalters.org/browse/creator/funazu-chujiro,,,,30092|32314|27734|23068
2065,Funnel Group,Funnel Group,https://art.thewalters.org/browse/creator/funnel-group,,," (Etruscan, active 350-300 BCE)",32690|22726|14503|7055|16690
2302,"Furini, Francesco",Francesco Furini,https://art.thewalters.org/browse/creator/francesco-furini,male,," (Italian, 1603-1646)",34385|32988
6484,Furukawa,Furukawa,https://art.thewalters.org/browse/creator/furukawa,male,," (Japanese, 19th century)",30414
34776,"GRIFFEN, SMITH & HILL","Griffen, Smith & Hill (ca. 1879-1890)",https://art.thewalters.org/browse/creator/griffen-smith--hill-ca-1879-1890,,,,103188
17864,"Gabbiani, Anton Domenico",Anton Domenico Gabbiani,https://art.thewalters.org/browse/creator/anton-domenico-gabbiani,male,," (Italian, 1652-1726)",34407
7583,"Gafurius, Franchinus",Franchinus Gafurius,https://art.thewalters.org/browse/creator/franchinus-gafurius,,,,21809
5519,"Gaggini, Antonello",Antonello Gaggini,https://art.thewalters.org/browse/creator/antonello-gaggini,male,," (Italian, 1478-1536)",14941
15252,"Gai, Antonio",Antonio Gai,https://art.thewalters.org/browse/creator/antonio-gai,male,," (Italian, 1686-1769)",29530|35350|36687|27919
3666,"Gaildrau, Jules",Jules Gaildrau,https://art.thewalters.org/browse/creator/jules-gaildrau,male,," (French, 1816-1898)",36333
2002,"Gainsborough, Thomas",Thomas Gainsborough,https://art.thewalters.org/browse/creator/thomas-gainsborough,male,," (English, 1727-1788)",26824
2937,"Gallait, Louis",Louis Gallait,https://art.thewalters.org/browse/creator/louis-gallait,male,," (Belgian, 1810-1887)",35698|17910|6365|17409|28569
16512,"Galle, André",André Galle,https://art.thewalters.org/browse/creator/andrc-galle,male,," (French, 1761-1844)",13348
7031,"Galli, Giovanni Antonio",Giovanni Antonio Galli,https://art.thewalters.org/browse/creator/giacomo-galli,male,," (Italian, born 1585, died 1651-1653)",5083
4077,Gallo-Roman,Gallo-Roman,https://art.thewalters.org/browse/creator/gallo-roman,,,,7236|26929|19265
5937,"Gallé, Emile",Emile Gallé,https://art.thewalters.org/browse/creator/emile-gallc,male,," (French, 1846-1904)",24630
15357,"Gamot, Grégoire",Grégoire Gamot,https://art.thewalters.org/browse/creator/grgoire-gamot,,," (French, died 1673)",25146
15176,Gandharan,Gandharan,https://art.thewalters.org/browse/creator/gandharan,,,,21971|24631|23651|4236|21647|2682|9687|20925|20584
6202,"Gandolfi, Gaetano",Gaetano Gandolfi,https://art.thewalters.org/browse/creator/gaetano-gandolfi,male,," (Italian, 1734-1802)",29388
7689,"Ganjavi, Nizami",Nizami Ganjavi,https://art.thewalters.org/browse/creator/nizami-ganjavi,male,," (Azerbaijani, died 605 AH/AD 1209)",1929|6633|21138|17718|7782|17323|34403|6214|1971|38891|10228|26422|14295|17263|22150|23322|21272|81222|81223|81224|81225|81226|81227|81228|81229|81230|81231|81234|81235|81236|81237|81238|81239|81240|81241|81242|81243|81244|81245|81246|81247|81248|81249|81250|81251|81252|81253|81254|81255|5333|3809|81257|81258|81259|81260|81261|81262|81263|81264|81265|81266|81267|81268|81269|81270|81271|81272|81273|81274|81275|81276|81277|81278|81279|81280|81281|81282|81283|81284|81285|81286|81287|81288|81289|81290|81291|81292|81293|81294|81295|81296|81297|81298|81299|81306|83026|83027|83028|83029|83030|83031|83032|83033|83034|83035|83036|83037|83038|83039|83040|83041|83042|83043|83044|83045|83046|83047|83048|83049|83050|83051|83052|83053|83054|83055|83056|83057|83058|83059|83060|83061|83062|83064|83065|83068|83069|83070|83071|83072|83073|83074|83075|83076|83077|83078|83079|83080|83081|83082|83083|83084|83085|83086|83087|83088|83089|83090|83091|83092|83093|83094|83095|83096|83097|83098|83099|83101|83102|83103|83151|83152|83153
16179,"Ganku, Kishi",Kishi Ganku,https://art.thewalters.org/browse/creator/kishi-ganku,,," (Japanese, 1749-1838)",77479
18146,"Gao, Ranhui",Gao Ranhui,https://art.thewalters.org/browse/creator/gao-ranhui,,, (Chinese),20052
15472,"Garbe, Philippe Emmanuel",Philippe Emmanuel Garbe,https://art.thewalters.org/browse/creator/philippe-emmanuel-garbe,,," (French, first active 1748)",12913
6905,Gardner Factory,Gardner Factory,https://art.thewalters.org/browse/creator/gardner-factory,,,,20203
15293,"Gargiulo, Domenico",Domenico Gargiulo,https://art.thewalters.org/browse/creator/domenico-gargiulo,male,," (Italian, 1609/1610-ca. 1675)",10935
31616,"Gashaw, Wändemmu",Wändemmu Gashaw,https://art.thewalters.org/browse/creator/wndemmu-gashaw,,, (Ethiopian),15169|87632|87633|87634
3347,"Gate, Carl Oskar Simon",Carl Oskar Simon Gate,https://art.thewalters.org/browse/creator/carl-oskar-simon-gate,,,,10939
15240,"Gattola, Riccardo",Riccardo Gattola,https://art.thewalters.org/browse/creator/riccardo-gattola,,, (Italian),33677
6877,"Gaudernack, Gustav",Gustav Gaudernack,https://art.thewalters.org/browse/creator/gustav-gaudernack,male,," (Bohemian, 1865-1914)",82522
3195,"Gaudron, Antoine",Antoine Gaudron,https://art.thewalters.org/browse/creator/antoine-gaudron,male,," (French, 1690-1730)",10475
2051,"Gaulli, Giovanni Battista",Giovanni Battista Gaulli,https://art.thewalters.org/browse/creator/giovanni-battista-gaulli,male,," (Italian, 1639-1709)",37708|30041
15412,"Gauron, Nicolas François",Nicolas François Gauron,https://art.thewalters.org/browse/creator/nicolas-franbois-gauron,male,," (French, born ca. 1736, active 1773)",6506
4968,"Gautier, Armand",Armand Gautier,https://art.thewalters.org/browse/creator/armand-gautier,male,," (French, 1825-1894)",34504
6236,"Gautier, Jacques-Louis",Jacques-Louis Gautier,https://art.thewalters.org/browse/creator/jacques-louis-gautier,male,," (French, 1831-after 1868)",11117
9543,"Gautier, Théophile",Théophile Gautier,https://art.thewalters.org/browse/creator/thcophile-gautier,,," (French, 1811 - 1873)",87771|87796
15213,"Gavacciolo, Giovani Antonio",Giovani Antonio Gavacciolo,https://art.thewalters.org/browse/creator/giovani-antonio-gavacciolo,,,,6423
7208,"Gavarni, Paul",Paul Gavarni,https://art.thewalters.org/browse/creator/paul-gavarni,male,," (French, 1804-1866)",10531|32197|39597|16180|14042|38042|5556|24004|28313|16657|14536|27414|34716|8177|24135|36423|28432|2181|26864|31009|3839|16954|27924|33619|38807|35227|30360|32838|35200|21252|39998|24143|28367|37221|19024|28389|33337|8251|10734|35530|24793|35347|17374|21629|19117|19122|24606|5818|2572|13114|34811|11178|14987|17664|4065|25794|5169|37580|24563|6890|23040|23947|22949|26093|17088|3184|81395|19067|29583|3323|4756|22905|18901|81396|87779|87796|88536|40609|31687|28674|23270
4392,"Gebel, Matthes",Matthes Gebel,https://art.thewalters.org/browse/creator/matthes-gebel,male,," (German, ca. 1500-1574)",6374|16185|2185|28657
20922,"Geiler von Kaiserberg, Johannes",Johannes Geiler von Kaisersberg,https://art.thewalters.org/browse/creator/johannes-geiler-von-kaisersberg,,," (Swiss, 1445-1510)",85368|85367
1919,"Gekko, Ogata",Ogata Gekko,https://art.thewalters.org/browse/creator/ogata-gekko,male,," (Japanese, 1859 - 1920)",5804|819|1095|34958|19429|3748|16341|29592|19444|20701|35114|17930|32281|808|8613|8476|40776|15152|18183|37036|713|40763|35995|10346|32754|19876|19500|4810|27082|32358|19962|18315|32442|24141|8422|26964|16169|16713|40673|23057|37317|33010|79692|79693|79694|79695|79696|79697|79701|79702|79703|25615
3010,"Gellius, Aulus","Gellius, Aulus",https://art.thewalters.org/browse/creator/gellius-aulus,,,,21155
6734,"Gen-ö, Maizono",Maizono Gen-ö,https://art.thewalters.org/browse/creator/maizono-gen-,male,, (Japanese),1529
16118,"Genest, Jean-Baptiste-Étienne",Jean-Baptiste-Étienne Genest,https://art.thewalters.org/browse/creator/jean-baptiste-atienne-genest,male,," (French, ca. 1725-1789)",31426|21825|24204
34414,Geneva Non-Magnetic Watch Company,Geneva Non-Magnetic Watch Company,https://art.thewalters.org/browse/creator/geneva-non-magnetic-watch-company,,, (1887 - 1905 (?)),80947
2654,"Gennari, Benedetto II",Benedetto Gennari II,https://art.thewalters.org/browse/creator/benedetto-gennari-ii,male,," (Italian, 1633-1715)",9527
6203,Genryosai,Genryosai,https://art.thewalters.org/browse/creator/genryosai,male,," (Japanese, active 19th century)",19497
4635,"George, Jean",Jean George,https://art.thewalters.org/browse/creator/jean-george,male,," (French, active 1752-1765)",26464
8695,Georgian,Georgian,https://art.thewalters.org/browse/creator/georgian,,,,32451|18241|23840|27562
3021,"Gerard, Gaston B.",Gaston B. Gerard,https://art.thewalters.org/browse/creator/gaston-b-gerard,male,," (French, 1859-; 1859)",8824
3398,"Gerard, Marguerite",Marguerite Gerard,https://art.thewalters.org/browse/creator/marguerite-gerard,female,," (French, 1761-1837)",4553
6983,"Gerard, Theodor",Theodor Gerard,https://art.thewalters.org/browse/creator/theodor-gerard,,,,26820
8743,Gerbert,Gerbert,https://art.thewalters.org/browse/creator/gerbert,,,,5505
2630,"Gerhard, Hubert",Hubert Gerhard,https://art.thewalters.org/browse/creator/hubert-gerhard,male,," (Dutch, ca. 1540-before 1621)",16663
34765,"Gerin, Jacques-Albert",Jacques-Albert Gérin,https://art.thewalters.org/browse/creator/jacques-albert-gcrin,,," (French,  ca. 1640 - 1702)",100991
5438,"Gerkens, Johannes Christian d'Arnaud",Johannes Christian d'Arnaud Gerkens,https://art.thewalters.org/browse/creator/johannes-christian-darnaud-gerkens,,,,30459
15453,"Germain, François-Thomas",François-ThomasGermain,https://art.thewalters.org/browse/creator/franbois-thomasgermain,male,," (French, 1726-1791)",77425
6211,German,German,https://art.thewalters.org/browse/creator/german,,,,22081|26000|25924|4153|7554|19572|3821|31357|39585|20030|36768|30897|29319|38517|1455|34546|13660|10010|8039|10751|2902|24916|30172|27502|33706|2356|30290|10615|40200|9303|19537|11779|22143|19071|37720|18126|18327|26557|12748|19944|17647|5924|33994|32096|20934|26207|35037|2430|40589|14076|21525|26362|546|17479|18750|22934|25626|1250|26562|40390|4045|29472|25337|7529|6990|33139|6548|21651|32534|8073|24802|18669|11408|38233|3417|29173|11795|15086|39172|6558|18097|774|989|13310|14901|28987|23137|23348|25386|15698|2190|23784|16410|6604|1016|4130|3119|29501|33621|31122|39893|16596|19423|7402|23291|27821|37108|22998|8435|33303|45|35277|5654|22969|27177|27003|5823|339|29703|4124|20792|17169|29773|36586|32666|30682|3413|11976|9494|179|2633|36204|6233|18763|39303|17472|11798|31631|19092|30922|20764|2972|13352|39607|1467|1506|8393|38148|28581|33366|8208|40025|6635|4475|32311|18374|22656|32159|7171|461|35032|22023|28657|13217|19951|7649|20910|6858|6153|38784|15369|12516|29648|26749|10032|37493|27040|34175|17572|36458|28
6235,Germany,Germany,https://art.thewalters.org/browse/creator/germany,,,,20396
4772,"Gertner, Peter",Peter Gertner,https://art.thewalters.org/browse/creator/peter-gertner,male,," (German, active early 16th century)",3122
1984,"Gervais, François",François Gervais,https://art.thewalters.org/browse/creator/franbois-gervais,,,,39881
33500,Gerwich,Gerwich,https://art.thewalters.org/browse/creator/gerwich,,, (German),40230
19381,"Ghaffari, Ahmad ibn Muhammad",Ahmad ibn Muhammad Ghaffari,https://art.thewalters.org/browse/creator/ahmad-ibn-muhammad-ghaffari,,, (died 975 AH/AD 1567-1568),33006
8637,Ghazar,Ghazar,https://art.thewalters.org/browse/creator/ghazar,,,,34098
4269,"Gherarducci, Silvestro dei",Silvestro dei Gherarducci,https://art.thewalters.org/browse/creator/silvestro-dei-gherarducci,male,," (Italian, 1339-1399)",11927
3572,"Ghezzi, Pier Leone",Pier Leone Ghezzi,https://art.thewalters.org/browse/creator/pier-leone-ghezzi,male,," (Italian, 1674-1755)",9827
33308,"Ghika, Aurélie de Soubiran",Aurélie de Soubiran Ghika,https://art.thewalters.org/browse/creator/aurclie-de-soubiran-ghika,,," (French, 1820 - 1904)",87796
7151,"Ghirlandaio, Ridolfo",Ridolfo Ghirlandaio,https://art.thewalters.org/browse/creator/ridolfo-ghirlandaio,male,," (Italian, 1483-1561)",37930|4881
2179,"Ghislandi, Giuseppe",Giuseppe Ghislandi,https://art.thewalters.org/browse/creator/giuseppe-ghislandi,male,," (Italian, 1655-1743)",12496
3506,"Ghissi, Francescuccio",Francescuccio Ghissi,https://art.thewalters.org/browse/creator/francescuccio-ghissi,male,," (Italian, active 1359-1374)",27090
20422,"Ghulam, Mirza",Mirza Ghulam,https://art.thewalters.org/browse/creator/mirza-ghulam,,,,78102|17490|19465
3871,"Giacomelli, Hector",Hector Giacomelli,https://art.thewalters.org/browse/creator/hector-giacomelli,male,," (French, 1822-1904)",37570
3416,"Giamberti, Marco del Buono",Marco del Buono Giamberti,https://art.thewalters.org/browse/creator/marco-del-buono-giamberti,male,," (Italian, 1402-1489)",39896
6341,Giambologna,Giambologna,https://art.thewalters.org/browse/creator/giambologna,male,," (Flemish, 1529-1608)",21087|14912|35063|27782|4916|8509|6185|7448|36593|33316|24836
6674,"Giambono, Michele",Michele Giambono,https://art.thewalters.org/browse/creator/michele-giambono,male,," (Italian, active 1420-1462)",34568
15778,Giampietrino,Giampietrino,https://art.thewalters.org/browse/creator/giampietrino,male,," (Italian, active ca. 1520-1540)",1821|23981|10742
2788,"Gibson, William",William Gibson,https://art.thewalters.org/browse/creator/william-gibson,,,,29269|18102
33128,"Gide, André",André Gide,https://art.thewalters.org/browse/creator/andrc-gide,,," (French, 1869 - 1951)",88102
3999,"Gifford, Sanford Robinson",Sanford Robinson Gifford,https://art.thewalters.org/browse/creator/sanford-robinson-gifford,male,," (American, 1823-1880)",26578
6408,"Gignoux, Francois Regis",François Régis Gignoux,https://art.thewalters.org/browse/creator/franbois-rcgis-gignoux,male,," (French, active in the United States, 1816-1882)",33672
3064,Gilbert,Gilbert,https://art.thewalters.org/browse/creator/gilbert,,,,19528
15151,Gilbert of Hoyland,Gilbert of Hoyland,https://art.thewalters.org/browse/creator/gilbert-of-hoyland,,,,22188
31586,"Giles, of Rome","Giles of Rome, Archbishop of Bourges",https://art.thewalters.org/browse/creator/giles-of-rome-archbishop-of-bourges,,, (ca. 1243-1316),8954|2652|14760|31523|10781|37964|31786|8431|38248|18003|3981|5419|77722|77723
2030,"Gimignano, Ser Benvenuto de Venvenuti da San",Ser Benvenuto de Venvenuti da San Gimignano,https://art.thewalters.org/browse/creator/ser-benvenuto-de-venvenuti-da-san-gimignano,,,,28435
4250,Ginko,Ginko,https://art.thewalters.org/browse/creator/ginko,male,," (Japanese, active 1874-1897)",15689|17032|7103|36798|29099|31612
7032,"Giordano, Luca",Luca Giordano,https://art.thewalters.org/browse/creator/luca-giordano,male,," (Italian, 1634-1705)",9018
2227,"Giosafatti, Lazzaro",Lazzaro Giosafatti,https://art.thewalters.org/browse/creator/lazzaro-giosafatti,,," (Italian, 1694-1781)",28610
15483,"Giovanni, Bartolomeo di",Bartolomeo di Giovanni,https://art.thewalters.org/browse/creator/bartolomeo-di-giovanni,male,," (Italian, active 1488-ca. 1500)",18298|30693
17076,"Giovanni, Benvenuto di",Benvenuto di Giovanni,https://art.thewalters.org/browse/creator/benvenuto-di-giovanni,male,," (Italian, 1436-ca. 1518)",10999
3093,"Giovenone, Gerolamo",Gerolamo Giovenone,https://art.thewalters.org/browse/creator/gerolamo-giovenone,male,," (Italian, 1486 or 1487-1555)",21819
7072,"Girardon, François",François Girardon,https://art.thewalters.org/browse/creator/franbois-girardon,male,," (French, 1628-1715)",9840|7904|28336
33158,"Giraudeau, Abel",Abel Giraudeau,https://art.thewalters.org/browse/creator/abel-giraudeau,,, (French),88124
16360,"Gladding, Harry",Harry Gladding,https://art.thewalters.org/browse/creator/harry-gladding,,,,39107
2080,"Gleyre, Charles",Charles Gleyre,https://art.thewalters.org/browse/creator/charles-gleyre,male,," (Swiss, 1806-1874)",18598|2336
15392,Glykon of Athens,Glykon of Athens,https://art.thewalters.org/browse/creator/glykon-of-athens,male,," (Roman, active ca. 200-220)",19489|20681
15416,Gnaios,Gnaios,https://art.thewalters.org/browse/creator/gnaios,male,," (Greek, active 2nd half 1st century BC)",9513
7297,Gnostic,Gnostic,https://art.thewalters.org/browse/creator/gnostic,,,,38905
16145,Gobelins Tapestry Manufactory,Gobelins Tapestry Manufactory,https://art.thewalters.org/browse/creator/gobelin-manufactory,,,,33451|24490|17062|26408|38379
4687,"Godard, Guillaume",Guillaume Godard,https://art.thewalters.org/browse/creator/guillaume-godard,,,,12315
5085,"Godecharle, Gilles-Lambert",Gilles-Lambert Godecharle,https://art.thewalters.org/browse/creator/gilles-lambert-godecharle,male,," (Flemish, 1750-1835)",28790
4041,"Goebel, Carl Peter",Carl Peter Goebel,https://art.thewalters.org/browse/creator/carl-peter-goebel,male,," (Austrian, 1791 - 1823)",28891|40446
6794,"Goes, Hugo van der",Hugo van der Goes,https://art.thewalters.org/browse/creator/hugo-van-der-goes,male,," (Netherlandish, ca. 1440-1482)",26514
31534,"Goethe, Johann Wolfgang von",Johann Wolfgang von Goethe,https://art.thewalters.org/browse/creator/johann-wolfgang-von-goethe,,," (German, 1749 - 1832)",87802
2885,Gold Scrolls Group,Gold Scrolls Group,https://art.thewalters.org/browse/creator/gold-scrolls-group,,," (Flemish, active ca. 1415 - 1450)",9172|27297|6071|39189|12641|4850
15386,"Goltzius, Hendrick",Hendrick Goltzius,https://art.thewalters.org/browse/creator/hendrick-goltzius,male,," (Dutch, 1558-1617)",760|4895
6960,"Golz, Tony",Tony Golz,https://art.thewalters.org/browse/creator/tony-golz,,," (German, 19th century)",34913
15108,"Gonon, Honoré",Honoré Gonon,https://art.thewalters.org/browse/creator/honorc-gonon,,," (French, 1780-1850)",19596
1877,Gorgon Painter,Gorgon Painter,https://art.thewalters.org/browse/creator/gorgon-painter,,," (Greek, active ca. 600-580 BC)",31014
1956,Goshin,Goshin,https://art.thewalters.org/browse/creator/goshin,,,,30049
3955,Gosselin,Gosselin,https://art.thewalters.org/browse/creator/gosselin,,,,40357
8500,Gottschalk,Gottschalk of Lambach,https://art.thewalters.org/browse/creator/gottschalk,,," (Austrian, 12th century)",19922|26050|1021|2689|33326|25791|3179|6919|35662|88685|12889|88686|90578
6033,"Gotô, Enjô",Gotô Enjô,https://art.thewalters.org/browse/creator/got-enj,male,," (Japanese, 1721-1784)",20016
6126,"Gotô, Enjô",Gotô Enjô,https://art.thewalters.org/browse/creator/got-enj2,male,," (Japanese, 1641-1693)",9372
5512,"Gotô, Etsujô",Gotô Etsujô,https://art.thewalters.org/browse/creator/got-etsuj,male,," (Japanese, 1642-1708)",22599
6118,"Gotô, Hôjô",Gotô Hôjô,https://art.thewalters.org/browse/creator/got-hj,male,," (Japanese, 1816-1856)",25395|31959|37192|23492|40440
4468,"Gotô, Ichijô",Gotô Ichijô,https://art.thewalters.org/browse/creator/got-ichij,male,," (Japanese, 1791-1876)",7623|10035|8192|6862|27115|34298|21027|28298|25866|4515|8767|79199
6145,"Gotô, Jujô",Gotô Jujô,https://art.thewalters.org/browse/creator/got-juj,male,," (Japanese, 1695-1742)",36630
3760,"Gotô, Junjô",Gotô Junjô,https://art.thewalters.org/browse/creator/got-junj,male,," (Japanese, 1635-1699)",12250
6130,"Gotô, Keijô",Gotô Keijô,https://art.thewalters.org/browse/creator/got-keij,male,," (Japanese, 1651-1692)",39541
6593,"Gotô, Keijô",Gotô Keijô,https://art.thewalters.org/browse/creator/got-keij2,male,," (Japanese, 1739-1804)",27537
16328,"Gotô, Kenjô",Gotô Kenjô,https://art.thewalters.org/browse/creator/got-kenj,male,," (Japanese, 1828-1904)",30974|32410
2481,"Gotô, Kôjô",Gotô Kôjô,https://art.thewalters.org/browse/creator/got-kj,male,," (Japanese, 1529-1620)",36783|23547
6629,"Gotô, Mitsumasa",Gotô Mitsumasa,https://art.thewalters.org/browse/creator/got-mitsumasa,male,," (Japanese, 1836-1904)",5528|10025|22869|12730
16481,"Gotô, Mitsunobu",Gotô Mitsunobu,https://art.thewalters.org/browse/creator/got-mitsunobu,male,," (Japanese, 18th-19th century)",79214|79215
2318,"Gotô, Renjô",Gotô Renjô,https://art.thewalters.org/browse/creator/got-renj,male,," (Japanese, 1628-1708)",15528|30252
7160,"Gotô, Seii",Gotô Seii,https://art.thewalters.org/browse/creator/got-seii,male,," (Japanese, born 1795)",25365
2420,"Gotô, Seijô",Gotô Seijô,https://art.thewalters.org/browse/creator/got-seij,male,, (Japanese),11322|33720
5635,"Gotô, Shinjô",Gotô Shinjô,https://art.thewalters.org/browse/creator/got-shinj,male,," (Japanese, 1780-1843)",3868|13160|1429|40327
6821,"Gotô, Sokujô",Gotô Sokujô,https://art.thewalters.org/browse/creator/got-sokuj,male,," (Japanese, 1600-1631)",10696
5563,"Gotô, Tatsujô",Gotô Tatsujô,https://art.thewalters.org/browse/creator/got-tatsuj,male,," (Japanese, 1665-1708)",20405
6131,"Gotô, Tsûjô",Gotô Tsûjô,https://art.thewalters.org/browse/creator/got-tsj,male,," (Japanese, 1663-1721)",17666
21283,Goupil,Goupil,https://art.thewalters.org/browse/creator/goupil--cie,,, (active ca. 1850-1890),37147|92335
15311,"Gouthière, Pierre",Pierre Gouthière,https://art.thewalters.org/browse/creator/pierre-gouthirre,male,," (French, 1732-1813)",34391
4260,"Govaerts, Jan Baptiste",Jan Baptiste Govaerts,https://art.thewalters.org/browse/creator/jan-baptiste-govaerts,male,," (Flemish, active ca.1713-1746)",25854|38662
7656,Grachev Brothers,Grachev Brothers,https://art.thewalters.org/browse/creator/grachev-brothers,,,,82450
31676,"Grachev, Gavril Petrovich",Gavril Petrovich Grachev,https://art.thewalters.org/browse/creator/gavril-petrovich-grachev,,,,82353
36494,Gracie Studio,Gracie Studio,https://art.thewalters.org/browse/creator/gracie-studio,,,,18944
4766,"Graham, George",George Graham,https://art.thewalters.org/browse/creator/george-graham,male,," (English, 1673/1674 - 1751)",21001
15484,"Granacci, Francesco",Francesco Granacci,https://art.thewalters.org/browse/creator/francesco-granacci,male,," (Italian, 1469-1543)",19094
3040,"Granacci, Pseudo",Pseudo Granacci,https://art.thewalters.org/browse/creator/pseudo-granacci,,," (Italian, active ca. 1490-1525)",19094|2457
5117,"Grandsire, Pierre Eugène",Pierre Eugène Grandsire,https://art.thewalters.org/browse/creator/pierre-eugrne-grandsire,male,," (French, 1825-1905)",27644
8423,"Grandville, Jean-Jacques",Jean-Jacques Grandville,https://art.thewalters.org/browse/creator/jean-jacques-grandville,male,," (French, 1803-1847)",39141|87815
16437,"Granet, François",François Granet,https://art.thewalters.org/browse/creator/franbois-granet,male,," (French, 1775-1849)",79165
34263,"Grant, Sybby",Sybby Grant,https://art.thewalters.org/browse/creator/sybby-grant,,, (American),97304
16139,"Grantham, William",William Grantham,https://art.thewalters.org/browse/creator/william-grantham,,," (English, active ca. 1770)",8596
2590,Gratian,Gratian,https://art.thewalters.org/browse/creator/gratianus,male,," (Roman, 359 - 383)",21983|29633|37712|4267|14293|9162|4649|25363|5820|18437
3332,"Gray, Henry Peters",Henry Peters Gray,https://art.thewalters.org/browse/creator/henry-peters-gray,,,,6206
7615,"Graziani, Ciccio",Ciccio Graziani,https://art.thewalters.org/browse/creator/ciccio-graziani,male,," (Italian, active 17th century)",19063|18882|33968|38037
2284,Greco El,El Greco (Domenikos Theotokopoulos),https://art.thewalters.org/browse/creator/el-greco,male,"El Greco, ""The Greek,"" worked in Spain but signed his paintings with his Greek name, Domenikos Theotokopoulos. His work shows the influence of the art of Crete, his birthplace; Crete was a center for the Byzantine artistic tradition, emphasizing abstraction and pattern rather than recording natural appearances. From 1568 to 1577, El Greco lived in Venice and Rome, where Titian's broad brushwork and bright colors, Tintoretto's sweeping movement, and Michelangelo's monumental figures reshaped his Byzantine-influenced style. He was acclaimed for his penetrating portraits, but he also received ecclesiastical commissions throughout Spain, including important altarpieces. His paintings of Toledo are among Europe's first pure landscapes."," (Greek, 1541-1614)",6457
15160,Greco-Egyptian,Greco-Egyptian,https://art.thewalters.org/browse/creator/greco-egyptian2,,,,17990
16251,Greco-Egyptian,Greco-Egyptian,https://art.thewalters.org/browse/creator/greco-egyptian,,,,77940|9383|16761
16410,Greco-Phoenician,Greco-Phoenician,https://art.thewalters.org/browse/creator/greco-phoenician,,,,13970
2185,Greco-Roman,Greco-Roman,https://art.thewalters.org/browse/creator/greco-roman,,,,37463|37646|23330|17525|18723|8008|8848|20362|20408|33648|31676|30833|4364|14439|7973|19534|37406|10733|27505|14018|6201|19986|19108|23789|12089|2719|21052|14807|23186|35057|10978|16602|14086|36420|11324|1982|11652|13447|7681|35216|32113|39105|31874|22718|32202|31452|28969|13552|38732|35872|31921|39392|29361|35601|14648|269|25121|33089|19958|9186|3692|11955
6256,Greek,Greek,https://art.thewalters.org/browse/creator/greek,,,,16991|32070|5853|31894|7044|5229|27696|24447|21642|7274|16897|36404|31710|14535|11577|24486|26645|9979|33585|8636|901|38021|20539|19287|2669|5886|40478|30587|11221|15484|19622|37517|18093|20738|40656|40626|23599|37755|14048|1732|23774|36415|38083|25700|25235|33627|21632|6788|38931|1228|37884|39922|16581|11819|18078|20321|34002|32464|19281|23904|26231|3909|4402|30091|10370|2381|14551|19631|14238|34816|36641|15143|20897|14843|34468|13649|29293|9666|5926|26264|1386|3177|2282|5770|295|3696|27881|11352|33264|27780|983|25227|13055|4423|14212|36290|30687|37243|18187|7668|7021|31125|8916|15780|15921|16166|6514|23444|22104|34281|38799|12870|9906|26335|35560|8266|28954|29416|1073|32557|21177|6676|14559|9029|2542|16839|29303|37784|15702|7281|6938|16647|11941|30357|22640|31542|8089|3452|19363|4247|40574|16532|2935|26628|20561|5380|2068|39474|9299|2408|6354|37030|4001|27140|37244|10468|5287|5236|34067|31943|26100|9596|26226|1263|13467|7604|6038|19930|33973|24028|38264|15488|13981|30566|21305|3825|11215|34443|26049|29100|2
5797,"Green, Charles",Charles Green,https://art.thewalters.org/browse/creator/charles-green,male,," (English, 1840-1898)",10023
7701,Gregory I Pope,Pope Gregory I,https://art.thewalters.org/browse/creator/pope-gregory-i,male,," (Italian, ca. 540-604)",34828|7800|23881|22814|36238|14421|3025|36444|24691|36572|37056|35291
7972,Gregory IX,Gregory IX,https://art.thewalters.org/browse/creator/gregory-ix,,,,27557
32743,Gregory XIII Pope,Pope Gregory XIII,https://art.thewalters.org/browse/creator/pope-gregory-xiii,,, (1572 - 1585),28730
4174,"Greuze, Jean-Baptiste",Jean-Baptiste Greuze,https://art.thewalters.org/browse/creator/jean-baptiste-greuze,male,," (French, 1725-1805)",33941|20287
16444,"Grevin, Alfred",Alfred Grevin,https://art.thewalters.org/browse/creator/alfred-grevin,male,," (French, 1827-1892)",79186
4163,"Grimaldi, William",William Grimaldi,https://art.thewalters.org/browse/creator/william-grimaldi,male,," (English, 1751-1830)",37672
12799,"Grolier Club, The",The Grolier Club,https://art.thewalters.org/browse/creator/the-grolier-club,,,,89768|89846|89795|89803|89840|89789|89776
16438,"Gros, Antoine-Jean Baron",Baron Antoine-Jean Gros,https://art.thewalters.org/browse/creator/baron-antoine-jean-gros,male,," (French, 1771-1835)",79166|38379
3625,"Grosschedel, Wolfgang",Wolfgang Grosschedel,https://art.thewalters.org/browse/creator/wolfgang-grosschedel,male,," (German, active ca. 1555)",77482
31592,"Grote, Geert",Geert Grote,https://art.thewalters.org/browse/creator/geert-grote,,, (1340-1384),88621|88622|88623|88624|88625|88626|88627|88628|88629|88630|88631|88632|88633|88634|88635|24448|91282|91283|91284|91285|91286|35780
18882,Group of Faina 75,Group of Faina 75,https://art.thewalters.org/browse/creator/group-of-faina-75,,," (Greek, active ca. 525-500 BCE)",12584
6452,Group of Ferrara T.981,Group of Ferrara T.981,https://art.thewalters.org/browse/creator/group-of-ferrara-t981,,," (Greek, active ca. 480-ca. 450 BC)",29016
5521,Group of Vatican G. 57,Group of Vatican G. 57,https://art.thewalters.org/browse/creator/group-of-vatican-g-57,,," (Greek, active ca. 520-510 BC)",21817
18867,Group of Walters 48.42,Group of Walters 48.42,https://art.thewalters.org/browse/creator/group-of-walters-4842,,," (Greek, active ca. 520-500 BCE)",3531
15217,Group of Würzburg 199,Group of Würzburg 199,https://art.thewalters.org/browse/creator/group-of-wrzburg-199,,," (Greek, active ca. 520-510 BCE)",2427
7986,"Gruber, Hans",Hans Gruber,https://art.thewalters.org/browse/creator/hans-gruber,,,,8435
2193,"Grue, Carlo Antonio",Carlo Antonio Grue,https://art.thewalters.org/browse/creator/carlo-antonio-grue,male,," (Italian, 1655-1723)",39142|18449|18426|14065|6669|6669|17102
6888,"Grue, Francesco Antonio Xaverio",Francesco Antonio Xaverio Grue,https://art.thewalters.org/browse/creator/francesco-antonio-xaverio-grue,male,," (Italian, 1686-1746)",19644|20216
8749,Gruel et Engelmann,Gruel et Engelmann,https://art.thewalters.org/browse/creator/gruel-et-engelmann,,, (1811 - ca. 1923),9820|81640|87623|88634|92031
104,"Gruel, Léon",Léon Gruel,https://art.thewalters.org/browse/creator/lcon-gruel,male,," (French, 1841-1923)",22756|17091|17609|20057|9218|9640|10403|18351|23382|30636|29632|39166|17893|19660|14102|8971|20481|427|5178|37352|19068|33785|1548|26909|26008|2733|78387|13013|81155|87901|87700|87709|87771|87802|84805|91075|91090|91115|19944|89803|89789|89840|89768|89846|84551|91918|92619|88764|94958|95348|8437|95741|95762|95763|95764|96107|21368|14383|38018|29525|7099|19908|87930|88034|88051
33530,"Gruel, Paul",Paul Gruel,https://art.thewalters.org/browse/creator/paul-gruel,,," (French, 1864 - 1954)",88102|88170|88063
4784,"Gruelle, Richard Buckner",Richard Buckner Gruelle,https://art.thewalters.org/browse/creator/richard-buckner-gruelle,,," (American, 1851-1914)",14199|16446|1025
16865,"Gruet, E.",E. Gruet,https://art.thewalters.org/browse/creator/e-gruet,,,,21386
5724,"Gruninger, Johann",Johann (Reinhard) Gruninger,https://art.thewalters.org/browse/creator/johann-reinhard-gruninger,,," (German, died ca. 1532)",25582|39905|85368
1910,"Gruppe, Charles Paul",Charles Paul Gruppe,https://art.thewalters.org/browse/creator/charles-paul-gruppe,male,," (American, 1860-1940)",8486
6688,"Gu, Jianlong",Gu Jianlong,https://art.thewalters.org/browse/creator/gu-jianlong,,," (Chinese, 1606-ca. 1687)",13427
31464,Guanacaste-Nicoya,Guanacaste-Nicoya,https://art.thewalters.org/browse/creator/guanacaste-nicoya,,,,80211|80306|80344|80378|80393|80437
15138,Guangala,Guangala,https://art.thewalters.org/browse/creator/guangala,,,,79395
18143,Guanxiu,Guanxiu,https://art.thewalters.org/browse/creator/guanxiu,male,," (Chinese, 832-912)",15833|2264|36538|27400|31927|20741|4326|38054|10574|2827|26298|6076|9231|20500|10671|40098|8357|14378|26443|36467|31936|3403|2739|10206|17558|37554
2647,"Guardi, Francesco",Francesco Guardi,https://art.thewalters.org/browse/creator/francesco-guardi,male,," (Italian, 1712-1793)",39919|16005|39427
6763,"Guardi, Giacomo",Giacomo Guardi,https://art.thewalters.org/browse/creator/giacomo-guardi,,," (Italian, 1764-1835)",4038
15520,Guatemalan,Guatemalan,https://art.thewalters.org/browse/creator/guatemalan,,,,20232|80285|80379|80278|80390|80453
5152,"Guay, Jacques",Jacques Guay,https://art.thewalters.org/browse/creator/jacques-guay,,," (French, 1711 - 1793)",14457|95464|95499|95503|95510|95511|95517|87358
5938,"Guerard, Henri-Charles",Henri-Charles Guérard,https://art.thewalters.org/browse/creator/henri-charles-gucrard,male,," (French, 1846-1897)",27386
1888,Guercino,Guercino,https://art.thewalters.org/browse/creator/guercino,male,," (Italian, 1591-1666)",8837|8837
7051,"Guerin, Jean Urbain",Jean Urbain Guerin,https://art.thewalters.org/browse/creator/jean-urbain-guerin,,,,31091|2261
34892,"Guidon, Gide, & Blondet fils à Genève","Guidon, Gide, & Blondet fils à Genève",https://art.thewalters.org/browse/creator/guidon-gide--blondet-fils--genrve,,, (1800 - 1804),25842
7218,"Guidotto, Damiano",Damiano Guidotto,https://art.thewalters.org/browse/creator/damiano-guidotto,,,,5775
8210,Guillaume de Digulleville,Guillaume de Digulleville,https://art.thewalters.org/browse/creator/guillaume-de-digulleville,,,,17893|21994|13917|24059|17098|11213|87547
8249,Guillaume de Nangis,Guillaume de Nangis,https://art.thewalters.org/browse/creator/guillaume-de-nangis,,,,27149|78090|94990|94991|94992|94993|94994|94995
4872,"Guillemin, Alexandre-Marie",Alexandre-Marie Guillemin,https://art.thewalters.org/browse/creator/alexandre-marie-guillemin,male,," (French, 1817-1880)",33231|6146|15517|24895|26639
8681,"Gujarati, Surdas",Surdas Gujarati,https://art.thewalters.org/browse/creator/surdas-gujarati,,,,7538|31851
36499,Gustavsberg Factory,Gustavsberg Factory,https://art.thewalters.org/browse/creator/gustavsberg,,," (Swedish, founded 1825)",103629
5733,"Gutenberg, Johann",Johann Gutenberg,https://art.thewalters.org/browse/creator/johann-gutenberg,,,,32210
2189,"Guys, Constantin",Constantin Guys,https://art.thewalters.org/browse/creator/constantin-guys,male,," (French, 1802-1892)",15903|2655
6702,"Gyokkei, Yutokusai",Yutokusai Gyokkei,https://art.thewalters.org/browse/creator/yutokusai-gyokkei,male,," (Japanese, active ca. mid 19th century)",14352
4499,"Gyokuhosai, Yamada",Yamada Gyokuhosai,https://art.thewalters.org/browse/creator/yamada-gyokuhosai,male,, (Japanese),24961|20520
1994,"Gyokujo, Masuda",Masuda Gyokujo,https://art.thewalters.org/browse/creator/masuda-gyokujo,,," (Japanese, 1881-1955)",40008
33526,"Gyokuran, Ike",Ike Gyokuran,https://art.thewalters.org/browse/creator/ike-gyokuran,,," (Japanese, 1727 - 1784)",91853
2792,Gyokuunsai,Gyokuunsai,https://art.thewalters.org/browse/creator/gyokuunsai,,," (Japanese, active 18th century)",4437
6566,Gyokuzan,Gyokuzan,https://art.thewalters.org/browse/creator/gyokuzan,male,, (Japanese),16423|25069
5514,"Géricault, Théodore",Théodore Géricault,https://art.thewalters.org/browse/creator/thcodore-gcricault,male,," (French, 1791-1824)",7699|38095
4384,"Gérôme, Jean-Léon",Jean-Léon Gérôme,https://art.thewalters.org/browse/creator/jean-lcon-gcrme,male,"Like that of his predecessors, Gérôme's art remained firmly wedded to the expressive human form, whether in subjects drawn from antiquity, the recent historical past, or his own recollections of exotic locales in the East. Gérôme disciplined himself to record accurately all that he observed, a skill that rewarded him richly in the multiple campaigns he made to Turkey and Egypt. The visual ""notes"" he took along the way, both drawn and painted, provided him with a trove of material to be synthesized again and again in large-scale compositions done in his studio in Paris."
"
"
"
As a wildly successful painter who never lacked for lucrative state commissions, Gérôme, understandably, became the target of avant-garde scorn. The maverick Realist Gustave Courbet (1819-77) made a point of naming his donkey after him, while critics like Émile Zola, who championed the ""new"" art of Édouard Manet (1832-83), cited artists like Gérôme as examples of the exhaustion of the academic tradition. Gérôme, however, could also be daringly experimental in his own right. Like Edgar Degas (1834-1917), with whom he was on friendly terms, he was fascinated by the new medium of photography and the insights into movement that its mechanical eye made possible. At the age of 50 he took up sculpture, developing a technique of painted marble in imitation of a practice known to have existed in antiquity. While these highly realistic, colored sculptures are little known today, they attest to the artist's ceaseless exploration of new ideas. Yet another sign of Gérôme's actual modernity was his capitalization on the newest reproductive technologies as a lucrative means of disseminating his art. In 1860, the artist had the wisdom to fall in love with the daughter of the well-established dealer Adolphe Goupil. The association with Goupil assured Gérôme's international popularity through widely disseminated reproductive prints and photographs of his paintings."," (French, 1824-1904)",32905|18402|17030|15612|17026|37928|18219|14204|3623|36782|31957|12697|22738|36954|77225|77226|79167|79176|79345|103078
3849,"Götz, Joseph Matthias",Joseph Matthias Götz,https://art.thewalters.org/browse/creator/joseph-matthias-gtz,male,," (German, 1696-1760)",6406
33497,"Göz, Gottfried Bernhard",Gottfried Bernhard Göz,https://art.thewalters.org/browse/creator/gottfried-bernhard-gz,,," (Moravian, 1708 - 1774)",27594
34816,"H. BOULENGER & CIE., CHOISY-LE-ROI","H. Boulenger & Cie., Choisy-le-Roi",https://art.thewalters.org/browse/creator/h-boulenger--cie-choisy-le-roi,,," (French, 1804 - 1936)",103658|103639
34773,HUGUES PROTÂT,Hugues Protât,https://art.thewalters.org/browse/creator/hugues-prott,,,,101028|101100
3155,"Haagen, Franciscus",Franciscus Haagen,https://art.thewalters.org/browse/creator/franciscus-haagen,male,," (Dutch, ca. 1665-1734)",39408
6314,"Habert-Dys, Jules-Auguste",Jules-Auguste Habert-Dys,https://art.thewalters.org/browse/creator/jules-auguste-habert-dys,male,," (French, 1850-1924)",4440|17512
18953,"Habshush, S S",S S Habshush,https://art.thewalters.org/browse/creator/s-s-habshush,,," (Yemeni, active ca. 1800)",81487
18952,"Habshush, Yahya",Yahya Habshush,https://art.thewalters.org/browse/creator/yahya-habshush,,," (Yemeni, active ca. 1748-1775)",81486
14901,Hachi,Hachi,https://art.thewalters.org/browse/creator/hachi,,,,33085
5670,"Hackwood, William",William Hackwood,https://art.thewalters.org/browse/creator/william-hackwood,male,," (English, 1757-1836)",17899|11319
36570,"Hadley, James",James Hadley,https://art.thewalters.org/browse/creator/james-hadley,,," (English, 1837 - 1903)",103657
15730,Hafiz,Hafiz,https://art.thewalters.org/browse/creator/hafiz,male,," (Persian, flourished 8th century AH/AD 14th century)",5888|3513|19560|16780|9692|23579|29644|28496|13644|14637|80907|80908|80909|80910|80911|81211|81213|21501|81379|81380|81381|81382|81383|81385|81406|81408|81409|81410|81868|81869|81870|81871|81872|81873|81874|82792|82793|83409|83410|83411|83412|83413|83414|83415|83416|83417|83442|83443|83444|83445|83446|83447|83453|83454|83455|83456|83457|83458|83459
35178,"Hagen, Gaspar van der",Gaspar van der Hagen,https://art.thewalters.org/browse/creator/gaspar-van-der-hagen,,," (Flemish, d. 1769)",20924|21477
15473,"Hagger, James",James Hagger,https://art.thewalters.org/browse/creator/james-hagger,,," (British, active 1694-1735)",31416
6751,"Hagiya, Katsuhira",Hagiya Katsuhira,https://art.thewalters.org/browse/creator/hagiya-katsuhira,male,," (Japanese, 1804-1886)",25502|40227|17913|21803|14683|40748|79454|2438|79565|79564
4422,"Hahn, Wilhelm",Wilhelm Hahn,https://art.thewalters.org/browse/creator/wilhelm-hahn,male,," (German, 1829 - 1887)",2815
8062,Haimo of Auxerre,Haimo of Auxerre,https://art.thewalters.org/browse/creator/haimo-of-auxerre,,,,18767
5079,"Hakuryu, Miyasaka II",Miyasaka Hakuryu II,https://art.thewalters.org/browse/creator/miyasaka-hakuryu-ii,male,," (Japanese, active mid 19th century)",6305
5613,Hakuryô,Hakuryô,https://art.thewalters.org/browse/creator/hakury,male,," (Japanese, active ca. 1850)",40095|33399
4958,"Halifax, C.",C. Halifax,https://art.thewalters.org/browse/creator/c-halifax,,,,31897
3209,"Hall, Anne",Anne Hall,https://art.thewalters.org/browse/creator/anne-hall,female,," (American, 1792-1863)",5863
3300,"Hall, Peter Adolf",Peter Adolf Hall,https://art.thewalters.org/browse/creator/peter-adolf-hall,male,," (Swedish, 1739-1793)",25434|36948|20974|5939|16254|39344
2162,"Hals, Frans",Frans Hals,https://art.thewalters.org/browse/creator/frans-hals,male,," (Dutch, ca. 1581-1666)",5841
19382,"Hamadani, Mulla Muhammad Qasim",Mulla Muhammad Qasim Hamadani,https://art.thewalters.org/browse/creator/mulla-muhammad-qasim-hamadani,,,,28496
6598,Hamano School,Hamano School,https://art.thewalters.org/browse/creator/hamano-school,male,, (Japanese),4685
5864,"Hamano, Harumitsu",Hamano Harumitsu,https://art.thewalters.org/browse/creator/hamano-harumitsu,male,," (Japanese, ca. 1825)",22708
2142,"Hamano, Harutoshi",Hamano Harutoshi,https://art.thewalters.org/browse/creator/hamano-harutoshi,male,," (Japanese, active ca. 1850)",26998|39526
5131,"Hamano, Masanobu",Hamano Masanobu,https://art.thewalters.org/browse/creator/hamano-masanobu,male,," (Japanese, born 1773)",21990|19558|797|9713
3482,"Hamano, Masayoshi",Hamano Masayoshi,https://art.thewalters.org/browse/creator/hamano-masayoshi,male,," (Japanese, active 19th century)",38282|14302|40352
2525,"Hamano, Masayuki",Hamano Masayuki,https://art.thewalters.org/browse/creator/hamano-masayuki,male,," (Japanese, d. 1821)",7801|13973|5429
6038,"Hamano, Naohide",Hamano Naohide,https://art.thewalters.org/browse/creator/hamano-naohide,male,," (Japanese, active ca. 1825)",29916|34213
2794,"Hamano, Naoyuki",Hamano Naoyuki,https://art.thewalters.org/browse/creator/hamano-naoyuki,male,," (Japanese, 1754-1829)",21395|33211|11048|14633|11784|32798
6464,"Hamano, Noriyuki",Hamano Noriyuki,https://art.thewalters.org/browse/creator/hamano-noriyuki,male,," (Japanese, 1736-1787)",19243|23755|10837|6316|39971|1978|30334|2071|9185|21755|32919
2424,"Hamano, Noriyuki II",Hamano Noriyuki II,https://art.thewalters.org/browse/creator/hamano-noriyuki-ii,male,," (Japanese, 1771-1852)",23755|22842|5430|36274|15261
6114,"Hamano, Shôzui",Hamano Shôzui,https://art.thewalters.org/browse/creator/hamano-shzui,male,," (Japanese, 1696-1769)",13285|26143|8752|35445|18181|27301|16425|6351|6124|9623|18955|28072|29317|12314|18245|21830
6159,"Hamano, Toshiyuki",Hamano Toshiyuki,https://art.thewalters.org/browse/creator/hamano-toshiyuki,male,," (Japanese, active ca. 1875)",4830
6136,"Hamano, Yasuyuki",Hamano Yasuyuki,https://art.thewalters.org/browse/creator/hamano-yasuyuki,male,," (Japanese, 1763-1836)",1800|21589|10858
17761,"Hamdullah, Seyh",Seyh Hamdullah,https://art.thewalters.org/browse/creator/seyh-hamdullah,male,," (Islamic, 1436 (?)-1520)",37443|80990|80991|81158|81159|81160|81161|79097|82700|82701|91121
6790,"Hamman, Johannes",Johannes Hamman,https://art.thewalters.org/browse/creator/johannes-hamman,,,,3257
14902,Hammoto,Hammoto,https://art.thewalters.org/browse/creator/hammoto,,,,22177
3711,Hankei,Hankei,https://art.thewalters.org/browse/creator/hankei,male,," (Japanese, Japanese)",12291
2999,Hanshiro,Hanshiro,https://art.thewalters.org/browse/creator/hanshiro,male,, (Japanese),23407
2733,"Hara, Kazutomo",Hara Kazutomo,https://art.thewalters.org/browse/creator/hara-kazutomo,male,," (Japanese, active mid 19th century)",5373
5481,"Hara, Yoyusai",Hara Yoyusai,https://art.thewalters.org/browse/creator/hara-yoyusai,male,," (Japanese, 1772 (?)-1845)",19424|22782|38655
2048,Haratsune,Haratsune,https://art.thewalters.org/browse/creator/haratsune,male,, (Japanese),30624
3970,"Hardivilliers, Noel",Noel Hardivilliers,https://art.thewalters.org/browse/creator/noel-hardivilliers,,," (French, 1729-1759)",26753
5349,"Hardouyn, Germain",Germain Hardouyn,https://art.thewalters.org/browse/creator/germain-hardouyn,male,," (French, active 1505-1540)",25539|26617
3605,"Hardouyn, Gilles",Gilles Hardouyn,https://art.thewalters.org/browse/creator/gilles-hardouyn,male,," (French, active 1497-1521)",25539
2577,"Harold, C. S.",C.S. Harold,https://art.thewalters.org/browse/creator/cs-harold,,,,14151
4869,"Harpignies, Henri-Joseph",Henri-Joseph Harpignies,https://art.thewalters.org/browse/creator/henri-jospeh-harpignies,male,," (French, 1819-1916)",21639|504
1011,"Harris, Ezra Mr.",Mr. Ezra Harris,https://art.thewalters.org/browse/creator/mr-ezra-harris,,,,36512
1964,"Hart, James McDougal",James McDougal Hart,https://art.thewalters.org/browse/creator/james-mcdougal-hart,male,," (American, 1828-1901)",2326|40457|21638|31617
5023,"Hart, William M.",William M. Hart,https://art.thewalters.org/browse/creator/william-m-hart,male,," (American, 1823-1894)",11007
5828,Haruaki,Haruaki,https://art.thewalters.org/browse/creator/haruaki,male,, (Japanese),7313
6376,"Haruchika, Hamano",Hamano Haruchika,https://art.thewalters.org/browse/creator/hamano-haruchika,male,, (Japanese),10030
4440,Harunaga,Harunaga,https://art.thewalters.org/browse/creator/harunaga,male,," (Japanese, Japanese)",13002
4536,Haruta school,Haruta school,https://art.thewalters.org/browse/creator/haruta-school,,,,10115
4622,"Haruta, Hirotsugu",Haruta Hirotsugu,https://art.thewalters.org/browse/creator/haruta-hirotsugu,male,," (Japanese, active ca. 1600-1750)",37033|3238
6000,Harutoshi,Harutoshi,https://art.thewalters.org/browse/creator/harutoshi,male,," (Japanese, Japanese)",2419
5167,"Harutoshi, Itchosai",Itchosai Harutoshi,https://art.thewalters.org/browse/creator/itchosai-harutoshi,male,," (Japanese, Japanese)",40798
4950,"Haruyuki, Hirata",Hirata Haruyuki,https://art.thewalters.org/browse/creator/hirata-haruyuki,male,," (Japanese, 1839-1895)",34276
5450,"Harwood, James G.",James G. Harwood,https://art.thewalters.org/browse/creator/james-g-harwood,male,," (American, 1870-1898)",12078
14903,Hasegawa Enkichi,Hasegawa Enkichi,https://art.thewalters.org/browse/creator/hasegawa-enkichi,,,,79686|79687|79688
2742,"Haseltine, William Stanley",William Stanley Haseltine,https://art.thewalters.org/browse/creator/william-stanley-haseltine,male,," (American, 1835-1900)",9788
19018,"Hashiguchi, Goyo",Hashiguchi Goyo,https://art.thewalters.org/browse/creator/hashiguchi-goyo,male,," (Japanese, 1st quarter 20th century)",82706|82707|82708|82709|82710|82711|82712|82713|82714|82715|82716|82720|82721|82722
14904,Hashimoto Naoyoshi,Hashimoto Naoyoshi,https://art.thewalters.org/browse/creator/hashimoto-naoyoshi,,,,11133
3684,"Hashimoto, Isshi I",Hashimoto Isshi I,https://art.thewalters.org/browse/creator/hashimoto-isshi-i,male,," (Japanese, 1820-1896)",29273|37287
14905,Hashiya Shogoro,Hashiya Shogoro,https://art.thewalters.org/browse/creator/hashiya-shogoro,,,,27695
19126,"Hasib, Muhammad",Muhammad Hasib,https://art.thewalters.org/browse/creator/muhammad-hasib,,,,82797|22426
2444,"Hassam, Childe",Childe Hassam,https://art.thewalters.org/browse/creator/childe-hassam,male,," (American, 1859-1935)",39695
5404,"Hasse, Ernst",Ernst Hasse,https://art.thewalters.org/browse/creator/ernst-hasse,male,," (German, 1819-1860)",36520
18178,Hatifi,Hatifi,https://art.thewalters.org/browse/creator/hatifi,male,," (Islamic, died 927 AH/AD 1520)",29593|81300|81301|81302|81308|9940|83286|83315|83318|83319|83320|83321|83318|83320|83321|83319|83861|90953|91116
35303,Haviland & Co.,Haviland & Co.,https://art.thewalters.org/browse/creator/haviland--co,,," (American and French, founded 1864)",17512|4440
4246,"Hayashi, Masamitsu",Hayashi Masamitsu,https://art.thewalters.org/browse/creator/hayashi-masamitsu,male,," (Japanese, d. 1881)",5102|79443
14906,Hayashiya Shogoro,Hayashiya Shogoro,https://art.thewalters.org/browse/creator/hayashiya-shogoro,,,,29474
5806,"Hayata, Takemoto",Takemoto Hayata,https://art.thewalters.org/browse/creator/takemoto-hayata,male,," (Japanese, 1845-1893)",34755
5028,"Hayez, Francesco",Francesco Hayez,https://art.thewalters.org/browse/creator/francesco-hayez,male,," (Italian, 1791-1882)",34500
18957,Hayim,Hayim,https://art.thewalters.org/browse/creator/hayim,,," (Yemeni, active ca. 19th century)",80921
7115,"Hays, William Jacob Sr.",William Jacob Hays Sr.,https://art.thewalters.org/browse/creator/william-jacob-hays-sr,male,," (American, 1830-1875)",7461
4686,"Hayter, George",George Hayter,https://art.thewalters.org/browse/creator/george-hayter,male,," (English, 1792-1871)",30508
4334,"Hazlehurst, Thomas",Thomas Hazlehurst,https://art.thewalters.org/browse/creator/thomas-hazlehurst,male,," (English, ca. 1740-1821)",6912
8613,"He, Yi",He Yi,https://art.thewalters.org/browse/creator/he-yi,,," (Chinese, active 1702-1728)",8922
4203,"Heade, Martin Johnson",Martin Johnson Heade,https://art.thewalters.org/browse/creator/martin-johnson-heade,male,," (American, 1819-1904)",17320
3112,"Heemskerck, Maerten van",Maerten van Heemskerck,https://art.thewalters.org/browse/creator/maerten-van-heemskerck,male,," (Dutch, 1498-1574)",21286
3171,"Heeremans, Thomas",Thomas Heeremans,https://art.thewalters.org/browse/creator/thomas-heeremans,male,," (Dutch, ca. 1640-1697)",16919
5752,"Heicke, Joseph",Joseph Heicke,https://art.thewalters.org/browse/creator/joseph-heicke,,," (Austrian, 1811 - 1861)",11188|29661
2808,"Heilbuth, Ferdinand",Ferdinand Heilbuth,https://art.thewalters.org/browse/creator/ferdinand-heilbuth,male,," (French, 1826-1889)",4680
33078,"Henard, Charles",Charles Henard,https://art.thewalters.org/browse/creator/charles-henard,,," (French, ca. 1757 - after 1814)",23735
34163,"Henlein, Peter",Peter Henlein,https://art.thewalters.org/browse/creator/peter-henlein,,," (German, 1480/85-1542)",27471
5821,"Henner, Jean-Jacques",Jean-Jacques Henner,https://art.thewalters.org/browse/creator/jean-jacques-henner,male,," (French, 1829-1905)",37552|8582|79185
2595,"Hennessy, William John",William John Hennessy,https://art.thewalters.org/browse/creator/william-john-hennessy,male,," (Irish, 1839-1917)",12456|12271
5577,"Henriquel-Dupont, Louis-Pierre",Louis-Pierre Henriquel-Dupont,https://art.thewalters.org/browse/creator/louis-pierre-henriquel-dupont,male,," (French, 1797-1892)",10566|39078|23930|22037|7197
4240,"Herbert, John Rogers","John Rogers Herbert, R. A.",https://art.thewalters.org/browse/creator/john-rogers-herbert-r-a,male,," (English, 1810-1890)",18913
4262,"Hermann, Paul",Paul Hermann,https://art.thewalters.org/browse/creator/paul-hermann,male,," (French, 1864-1940)",15421
5966,"Hermiae, Ammonius",Ammonius Hermiae,https://art.thewalters.org/browse/creator/ammonius-hermiae,,,,13626
2397,Hermonax,Hermonax,https://art.thewalters.org/browse/creator/hermonax,,," (Greek, active ca. 475-450 BCE)",34196
4146,Herodotus,Herodotus,https://art.thewalters.org/browse/creator/herodotus,,,,8343
3187,"Herrick, Henry Walker",Henry Walker Herrick,https://art.thewalters.org/browse/creator/henry-walker-herrick,,, (1824-1906),32861
6652,"Herring, John Frederick Sr.","John Frederick Herring, Sr.",https://art.thewalters.org/browse/creator/john-frederick-herring-sr,male,," (English, 1795-1865)",8211
2329,"Herson, Émile-Antoine-François",Émile-Antoine-François Herson,https://art.thewalters.org/browse/creator/amile-antoine-franbois-herson,male,," (French, 1805-1873)",13355|38418
34139,"Hervier, J.",J. Hervier,https://art.thewalters.org/browse/creator/j-hervier,,,,84550|18361
33300,"Hetzel, Pierre-Jules",Pierre-Jules Hetzel,https://art.thewalters.org/browse/creator/pierre-jules-hetzel,,," (French, 1814 - 1886)",87796|87815|87796
5852,Hidemaro,Hidemaro,https://art.thewalters.org/browse/creator/hidemaro,male,, (Japanese),39175|40181
2785,Hidemasa,Hidemasa,https://art.thewalters.org/browse/creator/hidemasa,male,, (Japanese),10885
1873,Hidemasa I,Hidemasa I,https://art.thewalters.org/browse/creator/hidemasa-i,male,," (Japanese, active late 18th-early 19th century)",25131|35926
1923,Hidemitsu,Hidemitsu,https://art.thewalters.org/browse/creator/hidemitsu,male,," (Japanese, active 1st half 19th century)",10596|3595
16484,Hidemune,Hidemune,https://art.thewalters.org/browse/creator/hidemune,male,," (Japanese, ca. 1850-1900)",21358
7260,"Hidetama, Saotome",Saotome Hidetama,https://art.thewalters.org/browse/creator/saotome-hidetama,,,,5000
3933,Hikaku,Hikaku,https://art.thewalters.org/browse/creator/hikaku,male,," (Japanese, active ca. late 18th-early 19th century)",31375
5849,"Hikobei, Nishimura",Nishimura Hikobei,https://art.thewalters.org/browse/creator/nishimura-hikobei,,,,39719
31585,Hildegard Saint,Saint Hildegard,https://art.thewalters.org/browse/creator/saint-hildegard,,, (1098-1179),11976|88840|88841|88842|88843|88844
5877,"Hill, John William",John William Hill,https://art.thewalters.org/browse/creator/john-william-hill,male,," (American, 1812-1879)",17633
6871,"Hilliard, Nicholas",Nicholas Hilliard,https://art.thewalters.org/browse/creator/nicholas-hilliard,male,," (English, ca. 1547-1619)",17394|37044
2153,Himalayan,Himalayan,https://art.thewalters.org/browse/creator/himalayan,,,,8204|18737
4489,"Hindi, Hasan-al",Hasan-al Hindi,https://art.thewalters.org/browse/creator/hasan-al-hindi,,,,36867
5292,"Hiraishi, Chikayuki",Hiraishi Chikayuki,https://art.thewalters.org/browse/creator/hiraishi-chikayuki,male,," (Japanese, 2nd half 19th century)",12419
14908,Hiranoya Shinzo,Hiranoya Shinzo,https://art.thewalters.org/browse/creator/hiranoya-shinzo,,,,24746
4026,Hirata,Hirata,https://art.thewalters.org/browse/creator/hirata,male,," (Japanese, active late 18th-19th century)",7074
4247,Hiromasa,Hiromasa,https://art.thewalters.org/browse/creator/hiromasa,male,," (Japanese, Japanese)",39220
4870,Hironao,Hironao,https://art.thewalters.org/browse/creator/hironao,,,,29441|649
2359,Hironobu,Hironobu,https://art.thewalters.org/browse/creator/hironobu,male,," (Japanese, active 1851-1870)",38703|21308|10270
5391,Hiroshige III,Hiroshige III,https://art.thewalters.org/browse/creator/hiroshige-iii,male,," (Japanese, 1842-1894)",80575|80576
15559,"Hirshvogel, Veit the elder",Veit Hirshvogel the elder,https://art.thewalters.org/browse/creator/veit-hirshvogel-the-elder,male,," (German, 1461-1525)",23436
15447,Hispano-Moresque,Hispano-Moresque,https://art.thewalters.org/browse/creator/hispano-moresque,,,,40297|934|13767|15189|5203|18145|15525|26152|34741|17639
6679,Hispano-Moresque,Hispano-Moresque,https://art.thewalters.org/browse/creator/hispano-moresque2,,,,38718
4530,Hittite,Hittite,https://art.thewalters.org/browse/creator/hittite,,,,7370|5130|26649|16132
5168,"Hobbema, Meyndert",Meyndert Hobbema,https://art.thewalters.org/browse/creator/meyndert-hobbema,male,," (Dutch, 1638-1709)",14505
2453,"Hobbs, Brockunier & Co.","Hobbs, Brockunier & Co.",https://art.thewalters.org/browse/creator/hobbs-brockunier--co,,," (American, est. 1881)",21775
2559,Hododa Company,Hododa Company,https://art.thewalters.org/browse/creator/hododa-company,male,, (Japanese),12462
14909,Hoeido,Hoeido,https://art.thewalters.org/browse/creator/hoeido,,,,28888
4453,Hogyoku,Hogyoku,https://art.thewalters.org/browse/creator/hogyoku,male,," (Japanese, 19th century)",31252
2331,"Hogyokusai, Tachibana",Tachibana Hogyokusai,https://art.thewalters.org/browse/creator/tachibana-hogyokusai,male,," (Japanese, 1845-1900)",14352
8638,Hohannes,Hohannes,https://art.thewalters.org/browse/creator/hohannes,,,,1700
4222,"Hoichi, Sakurai",Sakurai Hoichi,https://art.thewalters.org/browse/creator/sakurai-hoichi,male,," (Japanese, 1809-1859)",38951|17131
4674,"Hoitsu, Sakai",Sakai Hoitsu,https://art.thewalters.org/browse/creator/sakai-hoitsu,male,," (Japanese, 1761-1828)",26135|19873|22782|99809
2148,Hokucho,Hokucho,https://art.thewalters.org/browse/creator/hokucho,male,," (Japanese, active 1822-1830)",36135
2793,Hokuei,Hokuei,https://art.thewalters.org/browse/creator/hokuei,male,," (Japanese, active 1824-1837)",26815|18301|32903|33092|16090|36413
7594,"Hokusai, Katsushika",Hokusai Katsushika,https://art.thewalters.org/browse/creator/hokusai-katsushika,male,," (Japanese, 1760-1849)",20600|7032|12811|9265|1923|39709|1435|18652|29539|20846|32707|22082|7062|27549|1773|2334|28461|20815
3594,Hokushu,Hokushu,https://art.thewalters.org/browse/creator/hokushu,male,," (Japanese, active 1810-32)",35553|34092|31756
8524,"Holbein, Hans the elder","Hans Holbein, the elder",https://art.thewalters.org/browse/creator/hans-holbein-the-elder,,,,3217|763|27245
6959,"Holbein, Hans the younger",Hans Holbein the younger,https://art.thewalters.org/browse/creator/hans-holbein-the-younger,male,," (German, 1497-1543)",79125
34792,"Holdcroft, Joseph",Joseph Holdcroft,https://art.thewalters.org/browse/creator/joseph-holdcroft,,," (English, early 1860s - 1936)",101171|103202|103636
6662,"Homin, Fukumoto",Fukumoto Homin,https://art.thewalters.org/browse/creator/fukumoto-homin,male,," (Japanese, active mid 19th century)",5124
14911,Hon-nao,Hon-nao,https://art.thewalters.org/browse/creator/hon-nao,,,,4240
21048,"Hondius, Jacodus",Jocodus Hondius,https://art.thewalters.org/browse/creator/jocodus-hondius,,,,85488
17130,Honduran,Honduran,https://art.thewalters.org/browse/creator/honduran,,,,80379
6651,"Hone, Horace",Horace Hone,https://art.thewalters.org/browse/creator/horace-hone,,,,14100
3432,"Hone, Nathaniel",Nathaniel Hone,https://art.thewalters.org/browse/creator/nathaniel-hone,male,," (Irish, 1718-1784)",6690
14912,Honmo,Honmo,https://art.thewalters.org/browse/creator/honmo,,,,29150
18883,Honolulu Class,Honolulu Class,https://art.thewalters.org/browse/creator/honolulu-class,,, (Greek),12584
14913,Honsei,Honsei,https://art.thewalters.org/browse/creator/honsei,,,,26815|868|32903|31756|24597|36135|16090|36413
4777,"Honthorst, Gerrit van",Gerrit van Honthorst,https://art.thewalters.org/browse/creator/gerrit-van-honthorst,male,," (Dutch, 1590-1656)",21661|21661
4587,"Hoppin, Augustus",Augustus Hoppin,https://art.thewalters.org/browse/creator/augustus-hoppin,male,," (American, 1828-1896)",21007|29305|33568|36157|17443
6434,"Hoppner, John",John Hoppner,https://art.thewalters.org/browse/creator/john-hoppner,male,," (English, 1758-1810)",18645|24042
3110,Horace,Horace,https://art.thewalters.org/browse/creator/horace,male,," (Roman, 65 - 8 BC)",25392|27898|1781
14914,Hori Takichi,Hori Takichi,https://art.thewalters.org/browse/creator/hori-takichi,,,,11463|27926
14915,Hori Takichi of Yushima,Hori Takichi of Yushima,https://art.thewalters.org/browse/creator/hori-takichi-of-yushima,,,,27062|3299
14917,Horikame (1849-65),Horikame (1849-65),https://art.thewalters.org/browse/creator/horikame-1849-65,,,,21308
14918,Horikoshi,Horikoshi,https://art.thewalters.org/browse/creator/horikoshi,,,,38438
3821,"Horiya, Manju",Horiya Manju,https://art.thewalters.org/browse/creator/horiya-manju,male,," (Japanese, b. 1842)",26196|6097|79350
2513,"Hoskins, John I",John Hoskins I,https://art.thewalters.org/browse/creator/john-hoskins-i,male,," (English, ca. 1590-1665)",40261|27625|15725
3949,"Hosono, Masamori",Hosono Masamori,https://art.thewalters.org/browse/creator/hosono-masamori,male,," (Japanese, active ca. 1700)",4419
6966,"Houdon, Jean-Antoine",Jean-Antoine Houdon,https://art.thewalters.org/browse/creator/jean-antoine-houdon,male,," (French, 1741-1828)",36969|24753|24543
1921,House of Fabergé Fabergé,House of Fabergé,https://art.thewalters.org/browse/creator/house-of-fabergc,,," (Russian, est. 1842)",14310|34751|32058|4432|9638|21055|29546|14933|19302|15225|10015|1327|40436|31663|32731|28720|76634|82504|82451|82488
20475,"Houssaye, Henry",Henry Houssaye,https://art.thewalters.org/browse/creator/henry-houssaye,,," (French, 1848 - 1911)",88124
17981,"Hsiu Mu, Chu Shih",Hsiu Mu Chu Shih,https://art.thewalters.org/browse/creator/hsiu-mu-chu-shih,,,,30703
3299,"Hsu, Fang",Hsu Fang,https://art.thewalters.org/browse/creator/hsu-fang,,, (Chinese),6509
31767,"Hu, Yuan",Hu Yuan,https://art.thewalters.org/browse/creator/hu-yuan,,, (1823-1886),78022
2450,"Huang, Chi",Chi Huang,https://art.thewalters.org/browse/creator/chi-huang,,,,30171
31448,Huari,Huari,https://art.thewalters.org/browse/creator/huari,,,,79398|80252|80260|85452|85454|85457|85460|85463|85465|85456
34631,Huari (Wari),Tiwanaku,https://art.thewalters.org/browse/creator/tiwanaku,,,,85458
31459,Huastec,Huastec,https://art.thewalters.org/browse/creator/huastec,,,,80317|80320
15604,Huaud Family,Huaud Family,https://art.thewalters.org/browse/creator/huaud-family,,," (Swiss, active 17th-18th century)",3641
6842,"Huaud, Amy",Amy Huaud,https://art.thewalters.org/browse/creator/amy-huaud,male,," (Swiss, 1657-1724)",14190|234|19802
3475,"Huaud, Jean-Pierre",Jean-Pierre Huaud,https://art.thewalters.org/browse/creator/jean-pierre-huaud,male,," (Swiss, 1655-1723)",14190|234|11237|19802|26053
5368,"Huaud, Pierre",Pierre Huaud,https://art.thewalters.org/browse/creator/pierre-huaud,,,,4274
2404,"Huaud, Pierre, II",Pierre Huaud II,https://art.thewalters.org/browse/creator/pierre-huaud-ii,,," (Swiss, 1647 - ca. 1698)",23948
15477,"Hubert, David",David Hubert,https://art.thewalters.org/browse/creator/david-hubert,,," (English, 1714-1748)",30000
6982,"Hubert, Meinhardus",Meinhardus Hubert,https://art.thewalters.org/browse/creator/meinhardus-hubert,,,,25636
8745,Hugh of Saint Victor,Hugh of Saint Victor,https://art.thewalters.org/browse/creator/hugh-of-saint-victor,,,,5505
36426,Hugo Lonitz & Co,Hugo Lonitz & Co,https://art.thewalters.org/browse/creator/hugo-lonitz--co,,," (German, 1868 - 1904)",103231
31584,"Hugo, of Saint-Victor","Hugo, of Saint-Victor",https://art.thewalters.org/browse/creator/hugo-of-saint-victor,,, (1096 (?)-1141),11976|88840|88841|88842|88843|88844
6682,"Hui'an, Qian",Qian Hui'an,https://art.thewalters.org/browse/creator/qian-huian,,," (Chinese, 1833-1911)",459|78030
18144,Huizong Emperor,Emperor Huizong,https://art.thewalters.org/browse/creator/emperor-huizong,,," (Chinese, reigned 1100-1125)",13772
4577,"Hunger, August",August Hunger,https://art.thewalters.org/browse/creator/august-hunger,male,," (German, active 1840 - 1850)",34821
7310,Hunnish,Hunnish,https://art.thewalters.org/browse/creator/hunnish,,,,23641|11791|37476|37073|30772|39814|1571|77447|77467|24908|32054|37076|12049|4650
33616,"Hunt, Samuel Valentine",Samuel Valentine Hunt,https://art.thewalters.org/browse/creator/samuel-valentine-hunt,,,,92334|92335
3470,"Huntington, Daniel",Daniel Huntington,https://art.thewalters.org/browse/creator/daniel-huntington,,,,33301
2050,"Hurd, Jacob",Jacob Hurd,https://art.thewalters.org/browse/creator/jacob-hurd,male,," (American, 1702/1703-1758)",6692
4206,"Hurdter, Johann Ulrich",Johann Ulrich Hurdter,https://art.thewalters.org/browse/creator/johann-ulrich-hurdter,,," (German, 1631/32-1716 (?))",462
15723,"Husam, Habib Allah ibn 'Ali ibn",Habib Allah ibn 'Ali ibn Husam,https://art.thewalters.org/browse/creator/habib-allah-ibn-ali-ibn-husam,,,,17263|83026|83027|83028|83029|83030|83031|83032|83033|83034|83035|83036|83037|83038|83039|83040|83041|83042|83043|83044|83045|83046|83047|83048|83049|83050|83051|83052|83053|83054|83055|83056|83057|83058|83059|83060|83061|83062|83064|83065
19389,"Husayn, Muhammad",Muhammad Husayn,https://art.thewalters.org/browse/creator/muhammad-husayn,,,,19840|90954|90955
19380,"Husayni, Tavakkul Bik (Beg) valad Tulak Bik (Beg)",Tavakkul Bik (Beg) valad Tulak Bik (Beg) Husayni,https://art.thewalters.org/browse/creator/tavakkul-bik-beg-valad-tulak-bik-beg-husayni,,,,35658
4175,"Huys, Pieter",Pieter Huys,https://art.thewalters.org/browse/creator/pieter-huys,male,," (Flemish, ca. 1520-ca. 1584)",25412
33524,"Hyakusen, Sakaki",Sakaki Hyakusen,https://art.thewalters.org/browse/creator/sakaki-hyakusen,,," (Japanese, 1697 - 1752)",91851|91947
5597,"Hébert, Auguste-Antoine-Ernest",Auguste-Antoine-Ernest Hébert,https://art.thewalters.org/browse/creator/auguste-antoine-ernest-hcbert,male,," (French, 1817-1908)",40374|31086|9530|14013
34785,"Hénk, Johann Hasselmann",Johann Hasselmann Hénk (John Hénk),https://art.thewalters.org/browse/creator/johann-john-hnk-1847-1921,,," (English, 1847-1921)",101034
2484,"Hödö, Tomioka",Tomioka Hödö,https://art.thewalters.org/browse/creator/tomioka-hd,male,, (Japanese),79191
1876,"I, Tadayoshi",Tadayoshi I,https://art.thewalters.org/browse/creator/tadayoshi-i,male,," (Japanese, Japanese)",26865
3724,"II, Hiroshige",Hiroshige II,https://art.thewalters.org/browse/creator/hiroshige-ii,male,," (Japanese, 1826-1869)",4651|11844|79680|79681|79682
3919,"III, Hiromasa",Hiromasa III,https://art.thewalters.org/browse/creator/hiromasa-iii,male,," (Japanese, Japanese)",35386
5464,"III, Masahiro",Masahiro III,https://art.thewalters.org/browse/creator/masahiro-iii,male,," (Japanese, Japanese)",15164
14919,Iba-ya Sensaburo,Iba-ya Sensaburo,https://art.thewalters.org/browse/creator/iba-ya-sensaburo,,,,4684|6416|33982|8388
14920,Ibaya Kyubei,Ibaya Kyubei,https://art.thewalters.org/browse/creator/ibaya-kyubei,,,,32887|10445|26994|15600|34610|6392|569|5482
14921,Ibaya Senaburo,Ibaya Senaburo,https://art.thewalters.org/browse/creator/ibaya-senaburo,,,,1709
14922,Ibaya Sensaburo,Ibaya Sensaburo,https://art.thewalters.org/browse/creator/ibaya-sensaburo,,,,12998|24372|31048|19296|33295|20071|27908|16852|32042|24589|2208|5920|28922|12689
14923,"Ibaya Sensaburo, Densendo","Ibaya Sensaburo, Densendo",https://art.thewalters.org/browse/creator/ibaya-sensaburo-densendo,,,,38006
5033,Ibrahim,Ibrahim,https://art.thewalters.org/browse/creator/ibrahim,,,,11432
31564,Ica,Ica,https://art.thewalters.org/browse/creator/ica,,,,87504|79377|79378|79393
3435,"Ichiga, Numata",Numata Ichiga,https://art.thewalters.org/browse/creator/numata-ichiga,male,," (Japanese, 1873-1945)",33396|11816
3837,"Ichikawa, Beian",Ichikawa Beian,https://art.thewalters.org/browse/creator/ichikawa-beian,,," (Japanese, 1779-1858)",39089
3897,"Ichikawa, Teruchika",Ichikawa Teruchika,https://art.thewalters.org/browse/creator/ichikawa-teruchika,male,," (Japanese, active ca. 1825)",20651|13640
16423,"Ichinomiya, Nagamitsu",Ichinomiya Nagamitsu,https://art.thewalters.org/browse/creator/ichinomiya-nagamitsu,,," (Japanese, ca. 1800-1825)",15924|25449
3803,"Ichinomiya, Nagatsune",Ichinomiya Nagatsune,https://art.thewalters.org/browse/creator/ichinomiya-nagatsune,male,," (Japanese, 1722-1787)",3091|36287|19279|13197|876|27108|8194
6132,"Ichiryû, Mitsuyoshi",Ichiryû Mitsuyoshi,https://art.thewalters.org/browse/creator/ichiry-mitsuyoshi,male,," (Japanese, late 18th-early 19th century)",33862
4406,"Ichiryû, Tomotoshi",Ichiryû Tomotoshi,https://art.thewalters.org/browse/creator/ichiry-tomotoshi,male,," (Japanese, 1831-1889)",22491|13718|24409
16506,"Ichiryû, Tomoyoshi",Ichiryû Tomoyoshi,https://art.thewalters.org/browse/creator/ichiry-tomoyoshi,male,," (Japanese, 1788-1858)",79448|2350
2401,"Ichiyôsai, Hironao",Ichiyôsai Hironao,https://art.thewalters.org/browse/creator/ichiysai-hironao,male,," (Japanese, active ca. 1825-1850)",21758|16537
6100,"Ichizo, Hashimoto",Hashimoto Ichizo,https://art.thewalters.org/browse/creator/hashimoto-ichizo,male,," (Japanese, 1817-1882)",5433|8192
4061,Ietsugu,Ietsugu,https://art.thewalters.org/browse/creator/ietsugu,male,, (Japanese),29130|6106|25421|79347|79348|79349
3621,Igen,Igen,https://art.thewalters.org/browse/creator/igen,,,,14929
7077,"Ikeda, Kinjô",Ikeda Kinjô,https://art.thewalters.org/browse/creator/ikeda-kinj,male,," (Japanese, 19th century)",29841|10360
14925,Ikekichi,Ikekichi,https://art.thewalters.org/browse/creator/ikekichi,,,,7585
6672,Ikkei,Ikkei,https://art.thewalters.org/browse/creator/ikkei2,male,," (Japanese, 19th century)",11557
2687,Ikkei,Ikkei,https://art.thewalters.org/browse/creator/ikkei,male,," (Japanese, active 1870s)",33675|6167|30036
6029,"Ikkei, Shosai",Shosai Ikkei,https://art.thewalters.org/browse/creator/shosai-ikkei,male,, (Japanese),20845
3759,Ikkosai,Ikkosai,https://art.thewalters.org/browse/creator/ikkosai,male,," (Japanese, active mid 19th century)",11338
4754,"Ikkosai, Ogawa Somin",Ikkosai Ogawa Somin,https://art.thewalters.org/browse/creator/ikkosai-ogawa-somin,male,," (Japanese, active 19th century)",22999|31146
2218,"Imai, Nagatake",Imai Nagatake,https://art.thewalters.org/browse/creator/imai-nagatake,male,," (Japanese, 1812-1882)",6782
3244,"Imai, Nagatake",Imai Nagatake,https://art.thewalters.org/browse/creator/imai-nagatake2,male,," (Japanese, 1818-1882)",39185
3358,"Imamura, Yoju",Imamura Yoju,https://art.thewalters.org/browse/creator/imamura-yoju,,,,31272
7685,Imitator of Quentin Massys,Imitator of Quentin Massys,https://art.thewalters.org/browse/creator/imitator-of-quentin-massys,,,,10830
15028,"Imp. de l'Art, E. Moreau et cie","Imp. de l'Art, E. Moreau et cie",https://art.thewalters.org/browse/creator/imp-de-lart-e-moreau-et-cie,,,,33555
15734,Imperial Glassworks,Imperial Glassworks,https://art.thewalters.org/browse/creator/imperial-glassworks,,," (Russian, 1777-1917)",77444
3250,Imperial Porcelain Manufactory,Imperial Porcelain Manufactory,https://art.thewalters.org/browse/creator/imperial-porcelain-manufactory,,," (Russian, founded 1744)",25649|77406|14200
35373,"Imperial Tapestry Manufactory, Saint Petersburg","Imperial Tapestry Manufactory, Saint Petersburg",https://art.thewalters.org/browse/creator/imperial-tapestry-manufactory-saint-petersburg,,, (1717 - 1859),40475
8560,Inca,Inca,https://art.thewalters.org/browse/creator/inca,,,,79379|13434|80300|80396|80400|80401|85464|85468|79393|101774|101777|101778
6346,India,India,https://art.thewalters.org/browse/creator/india,,,,8715|3756|18332|21799|19331|7269|15081|4894|33072
2191,Indian,Indian,https://art.thewalters.org/browse/creator/indian,,,,16383|17624|7005|23607|20259|34582|11905|38519|9670|25950|22181|37115|27783|5398|1088|23102|27984|25006|24401|31812|28653|39930|5462|4449|24995|6009|12162|10730|26699|29737|26667|3248|36246|23616|40384|26923|39604|38187|29596|7429|20995|17090|10779|10859|20698|18725|15292|2562|9073|157|13995|38755|34406|17217|34658|32536|35608|3554|27868|5422|22779|22432|1287|37997|35056|35914|2308|14147|16238|19241|30162|15044|8353|995|32275|15657|9740|37167|34734|11603|5304|36594|218|36303|16283|18084|27260|13603|30513|30490|40885|2670|22262|26775|23284|2698|40388|8529|30254|14719|29411|8897|31073|37820|19341|18465|20675|40753|35373|29470|29923|36243|30126|12768|35065|22053|9651|1188|22580|1422|10210|34769|28127|22942|6746|19519|32460|14966|1398|33849|6182|10042|7087|39829|885|28761|21112|35|31020|37360|38197|601|12504|18285|16113|4831|77281|12541|36398|2547|19102|35334|30144|2285|31488|32850|12382|30123|39194|38811|17310|35537|26253|17363|37664|26869|7372|26511|7567|21417|3631|32749|35613|10000|35955|31766|29589|20643|9694
3214,"Indian, Southern",Southern Indian,https://art.thewalters.org/browse/creator/southern-indian,,,,102898|102897
18204,Indonesian,Indonesian,https://art.thewalters.org/browse/creator/indonesian,,,,34007|28943|38382
4535,"Ingres, Jean-Auguste-Dominique",Jean-Auguste-Dominique Ingres,https://art.thewalters.org/browse/creator/jean-auguste-dominique-ingres,male,"Ingres' art eludes easy classification. It exhibits both neoclassical traits associated at the time with academic conservatism and the visionary flights of fantasy usually ascribed to Neoclassicism's antithesis, Romanticism. Ingres entered the studio of Jacques-Louis David in 1797, where he was immediately impressed with the pure lines found in Greek vase painting as promoted by his master. However, Ingres would soon depart from the Neoclassicism of his mentor to develop a highly individual, even eccentric hybrid of Greek art, the art of early Renaissance masters such as Giotto (1266 or 1267-1337) and Fra Angelico (ca. 1400-55), and, especially, that of the High Renaissance artist Raphael (1483-1520). Ingres' reverence for the Italian masters was the result of years of study in Rome and Florence. He returned to Paris at the mature age of 44, where he pursued and eventually earned the usual honors of officialdom under successive regimes, winning important state commissions for large-scale history paintings. Although ultimately successful in his bid for such public commissions, Ingres is perhaps best remembered as one of the most insightful society portraitists of his age. His many exquisite depictions of women in sumptuous gowns and glittering jewelry are as admired today as they were when they were painted."
"
"
"
Although Ingres received important state commissions and official honors, he was permanently scarred by negative reviews of his work. His eclecticism sometimes resulted in a visual disjointedness that deviated too far from mainstream taste. Even his teacher, David, found his early portrait of Napoleon enthroned ""unintelligible."" Each project exacted an enormous toll on the artist, requiring many studies before a perfected ""solution"" was achieved. This often meant that he was late in finishing major commissions. For example, the ""Apotheosis of Homer"" was supposed to be exhibited at the 1827 Salon but wasn't ready until the Salon of 1833. Ingres' obsessiveness also led him to revisit favorite subjects over and over again, at times revising and retouching a canvas many years after its initial conception."," (French, 1780-1867)",6005|22867|18275|7916
19282,"Inju Shirazi, Jamal al-Din Husayn",Jamal al-Din Husayn Inju Shirazi,https://art.thewalters.org/browse/creator/jamal-al-din-husayn-inju-shirazi,,,,30104|83671|83672|32482|84215|84216
3368,"Inman, Henry",Henry Inman,https://art.thewalters.org/browse/creator/henry-inman,male,," (American, 1801-1846)",11366|7859
6855,"Inman, Henry",Henry Inman,https://art.thewalters.org/browse/creator/henry-inman2,male,," (American, 1801-1846)",31449|18460|2580
5999,"Inness, George Sr.",George Inness,https://art.thewalters.org/browse/creator/george-inness,male,," (American, 1825-1894)",39053|33174
7695,Innocent III,Innocent III,https://art.thewalters.org/browse/creator/innocent-iii,,,,7825
5381,"Innocent, John",John Innocent,https://art.thewalters.org/browse/creator/john-innocent,,," (English, 1773-1792)",28931
4114,"Innsbruck, Michel Witz the Younger of",Michel Witz the Younger of Innsbruck,https://art.thewalters.org/browse/creator/michel-witz-the-younger-of-innsbruck,,,,5836
14928,Inoue Shigebei,Inoue Shigebei,https://art.thewalters.org/browse/creator/inoue-shigebei,,,,14460
5250,"Inoue, Morichika",Inoue Morichika,https://art.thewalters.org/browse/creator/inoue-morichika,male,," (Japanese, active ca. 1850-1875)",7542
3673,"Inoue, Motonaga",Inoue Motonaga,https://art.thewalters.org/browse/creator/inoue-motonaga,male,," (Japanese, 18th-19th century)",40812|79340
5743,Inuit,Inuit,https://art.thewalters.org/browse/creator/inuit,,,,13281
6265,Ipposai,Ipposai,https://art.thewalters.org/browse/creator/ipposai,male,," (Japanese, 1829-1895)",29421
6617,Iran,Iran,https://art.thewalters.org/browse/creator/iran,,,,16763|23614
6747,Iranian,Iranian,https://art.thewalters.org/browse/creator/iranian,,,,38512|36552|8425|20786|20581|14181|34864|26494|2405|28684|38308|16358|37198|33249|19154|4538|6550|8037|24129|35769|37889|36982|20943|4451|12499|40692|35357|18912|10365|5582|40484|6002|31176|21519|19445|35852|29876|32343|2693|25868|36514|10588|23897|25433|15461|7655|7578|12441|27918|38841|26593|10384|38788|34478|25946|36351|13800|31490|37654|27211|40304|21788|15412|35364|4244|38393|28899|12746|27181|2805|14872|17435|37952|4633|14975|32816|30220|15883|12574|37990|12060|26090|9551|30819|77419|13139|21410|1766|10921|35039|29730|40834|29079|31130|26855|37771|17638|79678|79972|79995|77620|77621|80022|79066|79067|19402|80962|80963|80964|80965|80966|80967|81121|81122|31852|29798|2|81145|81146|81147|81148|81149|81150|81151|81152|81153|81154|81212|81384|9336|81401|22528|81402|77612|77613|77614|77615|81403|81404|18034|29685|6864|5295|2119|81479|7427|81674|81675|82634|82639|82677|82678|82679|82680|79962|79963|82682|82683|82684|82685|79964|79965|82686|82702|82703|80912|4587|83448|83463|83617|83702|81955|83796|83797|31651|
15578,Iraqi,Iraqi,https://art.thewalters.org/browse/creator/iraqi,,,,29295|80922
3057,"Irie, Sadayoshi",Irie Sadayoshi,https://art.thewalters.org/browse/creator/irie-sadayoshi,male,," (Japanese, ca. 1825-1875)",1720|20411|79339
16323,"Irie, Toshiyoshi",Irie Toshiyoshi,https://art.thewalters.org/browse/creator/irie-toshiyoshi,male,," (Japanese, active mid 19th century)",318
6470,Irish,Irish,https://art.thewalters.org/browse/creator/irish,,,,2239|16580
15337,Irish Celtic,Irish Celtic,https://art.thewalters.org/browse/creator/irish-celtic,,,,5902|30021|4768|699
2470,"Iriyama, Yoshitomo",Iriyama Yoshitomo,https://art.thewalters.org/browse/creator/iriyama-yoshitomo,male,," (Japanese, active ca. 1700-1750)",30074
7841,"Isabey, Eugène",Eugène Isabey,https://art.thewalters.org/browse/creator/eugrne-isabey,male,," (French, 1803-1886)",19149|31308|30480|29547|8871
6958,"Isabey, Jean-Baptiste",Jean-Baptiste Isabey,https://art.thewalters.org/browse/creator/jean-baptiste-isabey,male,," (French, 1767-1855)",33059|34754|35046|29945|21321|175|36629
15630,"Isakov, Afonasii",Afonasii Isakov,https://art.thewalters.org/browse/creator/afonasii-isakov,,, (Russian),7922
14930,Ise-Kane,Ise-Kane,https://art.thewalters.org/browse/creator/ise-kane,,,,1603
14931,Isekane,Isekane,https://art.thewalters.org/browse/creator/isekane,,,,1611|37414
3830,"Isen'in, Hoin Eishin",Isen'in Hoin Eishin,https://art.thewalters.org/browse/creator/isenin-hoin-eishin,,," (Japanese, 1775-1828)",20052|5602|12457|38524|29302|27088|36598|12601|13772|25877|40045|27173|28979|17331|36025|6148|28118
14932,Iseshi,Iseshi,https://art.thewalters.org/browse/creator/iseshi,,,,15260
14934,Iseya Ichibei,Iseya Ichibei,https://art.thewalters.org/browse/creator/iseya-ichibei,,,,2912|7131|10594|11354
14935,Iseya Kanekichi,Iseya Kanekichi,https://art.thewalters.org/browse/creator/iseya-kanekichi,,,,37914|27329|32801
14936,Iseya Kanekichi of Akasaka,Iseya Kanekichi of Akasaka,https://art.thewalters.org/browse/creator/iseya-kanekichi-of-akasaka,,,,80566|80567
14937,Iseya Rihei,Iseya Rihei,https://art.thewalters.org/browse/creator/iseya-rihei,,,,37555|2334|4750|15055|21380
14933,Iseya chu[ ] of Shiba,Iseya chu[ ] of Shiba,https://art.thewalters.org/browse/creator/iseya-chu--of-shiba,,,,36512
18550,"Isfahani, Baba Shah ibn Sultan 'Ali",Baba Shah ibn Sultan 'Ali iIsfahani,https://art.thewalters.org/browse/creator/baba-shah-ibn-sultan-ali-iisfahani,,, (Iranian),36347|81412|81413|81414
5538,"Isfahani, Muhammad Isma'il",Muhammad Isma'il Isfahani,https://art.thewalters.org/browse/creator/muhammad-ismail-isfahani,male,," (Iranian, 1814-1892)",1699
15713,"Isfarayini, Khalil Allah",Khalil Allah Isfarayini,https://art.thewalters.org/browse/creator/khalil-allah-isfarayini,,,,14240|83462
5346,"Ishiguro, Koreyoshi",Ishiguro Koreyoshi,https://art.thewalters.org/browse/creator/ishiguro-koreyoshi,male,," (Japanese, active ca. 1832-ca. 1887)",19428|368|6169|10388|35931|25923|79540|79541|79545|79546|79638
3247,"Ishiguro, Masaaki",Ishiguro Masaaki,https://art.thewalters.org/browse/creator/ishiguro-masaaki,male,," (Japanese, 1813-1837)",21990|36434
7050,"Ishiguro, Masachika",Ishiguro Masachika,https://art.thewalters.org/browse/creator/ishiguro-masachika,male,," (Japanese, died ca. 1890)",10152|30090|10180|79602|79603|79617
6146,"Ishiguro, Masakatsu",Ishiguro Masakatsu,https://art.thewalters.org/browse/creator/ishiguro-masakatsu,male,," (Japanese, active mid 19th century)",5617|27865
2262,"Ishiguro, Masatsune",Ishiguro Masatsune,https://art.thewalters.org/browse/creator/ishiguro-masatsune,male,," (Japanese, 1760-1828)",23183|12707|38731|19734
3407,"Ishiguro, Masatsune II",Ishiguro Masatsune II,https://art.thewalters.org/browse/creator/ishiguro-masatsune-ii,male,," (Japanese, ca. 1800-1850)",24941|547|23127|35493|16608|16938|13695
2385,"Ishiguro, Masatsune III",Ishiguro Masatsune III,https://art.thewalters.org/browse/creator/ishiguro-masatsune-iii,male,," (Japanese, ca. 1866)",7053|79591|79592|79593|79594
6137,"Ishiguro, Masayasu",Ishiguro Masayasu,https://art.thewalters.org/browse/creator/ishiguro-masayasu,male,," (Japanese, active ca. 1825)",27249
4500,"Ishiguro, Masayoshi I",Ishiguro Masayoshi I,https://art.thewalters.org/browse/creator/ishiguro-masayoshi-i,male,," (Japanese, 1775-1862)",2269|36549|6581|33541|20484|5644|25923|7074|34333|35619|24729|79198
1967,"Ishiguro, Masayoshi II",Ishiguro Masayoshi II,https://art.thewalters.org/browse/creator/ishiguro-masayoshi-ii,male,," (Japanese, 19th century)",27274|466
4617,"Ishikawa, Hirosada",Ishikawa Hirosada,https://art.thewalters.org/browse/creator/ishikawa-hirosada,male,," (Japanese, active ca. early 19th century)",38698|17534
5268,"Ishikawa, Komei",Ishikawa Komei,https://art.thewalters.org/browse/creator/ishikawa-komei,male,," (Japanese, 1852-1913)",34659
14939,Ishiwa,Ishiwa,https://art.thewalters.org/browse/creator/ishiwa,,,,7405
34651,"Ishiwata, Koitsu",Ishiwata Koitsu,https://art.thewalters.org/browse/creator/ishiwata-koitsu,,," (Japanesse, 1897 - 1987)",99851
6768,Islamic,Islamic,https://art.thewalters.org/browse/creator/islamic,,,,24213|37121|7477|34957|40270|8940|1502|39663|30451|18711|25441|33115|20783|23665|40706|34607|25288|1524|38865|16953|21931|32899|15770|3372|1062|2891|31448|16683|4795|23521|26238|40861|10521|32583|27459|38716|2008|38612|38444|6109|10463|19871|24356|33574|35674|25983|32145|11218|1739|20012|2000|39081|17305|27846|24092|2765|39296|12763|34683|24088|29418|13354|16441|27888|21070|8637|1598|25159|8714|2344|35436|6066|3437|35120|14779|24532|36600|4985|11196|16218|21006|28627|833|846|1363|36950|28217|4213|38355|33136|4773|39842|18235|28628|39910|11417|30152|11967|3434|16136|7805|2848|4394|18615|25027|37584|9618|19907|29417|36201|31626|18972|17079|12493|39626|8006|34605|3329|34383|4852|19633|35549|25982|33764|16009|5045|31546|37947|28750|19671|19827|13131|28806|3582|20927|20742|8685|6553|442|40749|11209|16244|24947|13135|40343|23742|38376|24462|37272|4635|37304|8743|4732|19082|2879|9770|22400|36289|39860|9681|32969|15453|23619|29677|20543|28652|13222|76750|76751|76752|76753|76754|76755|76802|76803|78323|31211|79942|778
15705,"Isma'il, al-Hajj Ahmad",al-Hajj Ahmad Isma'il,https://art.thewalters.org/browse/creator/al-hajj-ahmad-ismail,,,,33358|81669|81671|81672|81673
35142,Isma‘il,Isma‘il,https://art.thewalters.org/browse/creator/ismaaoil,,, (18th century),22655
4147,"Israëls, Jozef",Jozef Israëls,https://art.thewalters.org/browse/creator/jozef-israls,male,," (Dutch, 1824-1911)",38728|20261
5155,Isshu,Isshu,https://art.thewalters.org/browse/creator/isshu,male,, (Japanese),10942
6175,"Isshu, Kawai",Kawai Isshu,https://art.thewalters.org/browse/creator/kawai-isshu,male,," (Japanese, 1910-; Born)",13801|16558
16466,Isshû,Isshû,https://art.thewalters.org/browse/creator/issh,,," (Japanese, active late 18th-19th century (?))",18269
33562,Italian,Italian,https://art.thewalters.org/browse/creator/italian,,,,20439|29687|20028|9998|33316|13947|32461|7222|32876|7216|35882|6614|23961|20681|27051|583|11530|11794|19655|5576|19954|13007|10464|13905|30181|28524|27582|12266|5249|39722|20222|22|39115|12873|39639|4948|33081|29775|8858|10140|7149|10067|28956|4962|5788|5807|733|17102|36720|1388|8166|2245|12578|26890|97122|30127|35502|21963|15268|25602|16552|6852|12772|22070|4094|38927|25023|26014|14999|12190|15486|32474|2770|34280|5068|32572|21408|26747|18716|17496|28409|18420|18895|20530|35269|37957|14854|37940|6040|3566|38513|2987|24953|30497|22387|26356|36992|37535|29714|35284|8705|11521|32365|31536|27498|30221|30606|2960|8627|30177|10265|38062|36597|28468|23899|28420|5400|35452|40522|916|23878|20486|33070|12644|11016|28046|9502|26567|12103|18579|25447|1910|15512|36323|25484|20967|23746|26350|18490|24368|7586|37878|6770|31225|38804|15020|21058|34691|1622|11127|32848|19567|6589|27333|4239|17120|18503|12518|38409|312|23237|35621|20909|26985|20427|4839|7610|30099|14617|28351|30907|10988|31849|14777|1888|32328|24689|40758|130
3705,Italic,Italic,https://art.thewalters.org/browse/creator/italic,,,,29405|7|37806|33742|1236|33214|31984|27907|25167|16164|25057|33958|10037|32088|22072|33288|25254|9167|18137|32786|11763|23408|32259|24739
5378,"Itaya, Hazan",Itaya Hazan,https://art.thewalters.org/browse/creator/itaya-hazan,male,," (Japanese, 1872-1963)",38482
6385,"Ito, Katsumi",Ito Katsumi,https://art.thewalters.org/browse/creator/ito-katsumi,male,," (Japanese, 1829-1910)",40688
14940,"Itoya Sankichi, Izutsuya","Itoya Sankichi, Izutsuya",https://art.thewalters.org/browse/creator/itoya-sankichi-izutsuya,,,,18638|1134
15544,Itur-ili,Itur-ili,https://art.thewalters.org/browse/creator/itur-ili,,, (Assyrian),2831
6133,"Itô, Akio",Itô Akio,https://art.thewalters.org/browse/creator/it-akio,male,," (Japanese, mid 19th century)",8493
2947,"Itô, Masatoshi",Itô Masatoshi,https://art.thewalters.org/browse/creator/it-masatoshi,male,," (Japanese, born 1845)",35221|15515|31439|79161|2413|79160
4995,"Itô, Nobutoshi",Itô Nobutoshi,https://art.thewalters.org/browse/creator/it-nobutoshi,male,," (Japanese, mid-19th century)",9686|79320
15456,"Ivanov, Egor",Egor Ivanov,https://art.thewalters.org/browse/creator/egor-ivanov,,," (Russian, 1752-1758)",23879
14941,Iwaiya,Iwaiya,https://art.thewalters.org/browse/creator/iwaiya,,,,9491
2596,"Iwama, Masayoshi",Iwama Masayoshi,https://art.thewalters.org/browse/creator/iwama-masayoshi,male,," (Japanese, 1764-1837)",1731|26774
6297,"Iwamoto, Kansai",Iwamoto Kansai,https://art.thewalters.org/browse/creator/iwamoto-kansai,male,," (Japanese, 1841-1918)",8492|37919|38829
4934,"Iwamoto, Konju",Iwamoto Konju,https://art.thewalters.org/browse/creator/iwamoto-konju,male,," (Japanese, died 1815)",35471
5392,"Iwamoto, Konkan",Iwamoto Konkan,https://art.thewalters.org/browse/creator/iwamoto-konkan,male,," (Japanese, 1744-1801)",23289|22412|11672|22512|5429|28344|39885|25631|14249|29889|5896|79331
2711,"Iwamoto, Sadanaka",Iwamoto Sadanaka,https://art.thewalters.org/browse/creator/iwamoto-sadanaka,male,," (Japanese, ca. 1725-1750)",25161
2095,"Iwazawa, Ryôi",Iwazawa Ryôi,https://art.thewalters.org/browse/creator/iwazawa-ryi,male,," (Japanese, active ca. 1850-1875)",31067
14943,"Iyoya Sankichi, Izutsuya","Iyoya Sankichi, Izutsuya",https://art.thewalters.org/browse/creator/iyoya-sankichi-izutsuya,,,,20722
16702,"Izmiri, Muhammad ibn Mustafa",Muhammad ibn Mustafa Izmiri,https://art.thewalters.org/browse/creator/muhammad-ibn-mustafa-izmiri,,, (Turkish),25764|79967|79968|79969|79970|82681
5558,"Izumi, Hidetoshi",Izumi Hidetoshi,https://art.thewalters.org/browse/creator/izumi-hidetoshi,male,," (Japanese, active ca. 1850)",16702
14944,Izumiya,Izumiya,https://art.thewalters.org/browse/creator/izumiya,,,,38267|491|7673
14945,Izumiya Ichibei,Izumiya Ichibei,https://art.thewalters.org/browse/creator/izumiya-ichibei,,,,22692|5428|10880|15904|26290|34089|9349|36942|28848|11682|6133
4852,"Izumiya, Tomotada",Izumiya Tomotada,https://art.thewalters.org/browse/creator/izumiya-tomotada,male,," (Japanese, active late 18th century)",19969
14947,Izutsuya,Izutsuya,https://art.thewalters.org/browse/creator/izutsuya,,,,6854|34651
14948,Izutsuya,Izutsuya,https://art.thewalters.org/browse/creator/izutsuya2,,,,17255
2756,J.E. Caldwell & Co.,J.E. Caldwell & Co.,https://art.thewalters.org/browse/creator/caldwell--company-inc,,," (American, 1839 - 2022)",103632
3706,"Jacque, Charles Émile",Charles Émile Jacque,https://art.thewalters.org/browse/creator/charles-amile-jacque,male,," (French, 1813-1894)",36270|38439|14567|24234
3324,"Jacquemart, Alfred",Alfred Jacquemart,https://art.thewalters.org/browse/creator/alfred-jacquemart,male,," (French, 1824-1896)",13462
5504,"Jacquemart, Jules-Ferdinand",Jules-Ferdinand Jacquemart,https://art.thewalters.org/browse/creator/jules-ferdinand-jacquemart,male,," (French, 1837-1880)",20506|25746|25878|28923|24446|36715|37079|9747
31583,"Jacques, de Vitry","Jacques, de Vitry",https://art.thewalters.org/browse/creator/jacques-de-vitry,,, (ca. 1170-1240),11976|88840|88841|88842|88843|88844
6849,"Jacquet, Gustave Jean",Gustave Jean Jacquet,https://art.thewalters.org/browse/creator/gustave-jean-jacquet,male,," (French, 1846-1909)",32914|10057
3488,"Jacquet, Mathieu",Mathieu Jacquet,https://art.thewalters.org/browse/creator/mathieu-jacquet,male,," (French, ca. 1545-after 1611)",9394|26123|8272
8679,Jagannath,Jagannath,https://art.thewalters.org/browse/creator/jagannath,,,,36975|7538
19386,"Jaghata'i, Nur al-Din Hilali",Nur al-Din Hilali Jaghata'i,https://art.thewalters.org/browse/creator/nur-al-din-hilali-jaghatai,,, (died 936 AH/AD 1529-1530),37779
36548,"Jahn, Ludwig Hartmann Adalbert",Ludwig Hartmann Adalbert Jahn,https://art.thewalters.org/browse/creator/ludwig-hartmann-adalbert-jahn,,," (German, 1839 - 1911)",103184|101098
16245,Jaikishen,Jaikishen,https://art.thewalters.org/browse/creator/jaikishen,,," (Indian, active 1750-59)",40654
4615,"Jalabert, Charles François",Charles François Jalabert,https://art.thewalters.org/browse/creator/charles-franbois-jalabert,male,," (French, 1819-1901)",13965|30756|9067|23814
15727,"Jalal al-Din Rumi, Maulana","Jalal al-Din Rumi, Maulana",https://art.thewalters.org/browse/creator/jalal-al-din-rumi-maulana,,," (Persian, 1207-1273)",22125|14438|80030|80031|80032|80033|80034|80035|77715|77716|77717|80036|80037|80038|80039|77718|77719|80040|80041|80042|80043|80044|80045|80046|80047|80048|83721|83722|83723|83724|83725|83726|83727|83728|83729|83730|83731|83732|83733|83734|83735|83736|83737|83738|83739|83740|83741|83742|83743|83744|83745|83746|83747|83748|83749|83750|83751|83752|83753|83754|83755|83756|83757|83758|83759|83760|83761|83762|83763|83764|83765|83766|83767|83768|83769|83770|83771|83772|83773|83774|83775|83776
8584,Jalisco,Jalisco,https://art.thewalters.org/browse/creator/jalisco,,,,6954|78412|78422|78439|80170|80178|80187|80327|80330|80335|80258|80298|80299|80303|80304
31450,Jama-Coaque,Jama-Coaque,https://art.thewalters.org/browse/creator/jama-coaque,,,,79440|80259|80281|80341
15674,"Jami, Nur al-Din `Abd al-Rahman ibn Ahmad",Nur al-Din `Abd al-Rahman ibn Ahmad Jami,https://art.thewalters.org/browse/creator/nur-al-din-abd-al-rahman-ibn-ahmad-jami,male,," (Persian, died 898 AH/AD 1492)",2644|18419|11787|80051|30608|80061|80062|80063|80064|6402|80969|80970|36347|81412|81413|81414|30265|81416|81417|81418|81419|81420|81421|81422|81423|81424|81425|81426|81427|81428|81429|81430|81431|81432|81433|81434|81435|81436|81437|81438|81439|81440|81441|81442|81443|81444|81445|81446|81447|81448|81449|81450|81451|81452|81453|81454|81455|81456|81457|81458|81459|81460|81461|81462|81463|38101|81475|81476|81480|81477|81481|81482|81483|81484|81485|81478|81488|82834|82840|26887|83819|83820|83821|83822|83823|18844|83825|83826|83827|83828|83829|83830|83831|83832|83833|83834|83835|83836|83837|83838|83839|83840|83841|83842|83843|83844|83845|83846|83847|83848|83849|83850|83851|83852|83853|83854|83855|83856|83857|83858|83859|35381|9485|84197|84198|84352|84353|84354|84355|84356|84357|84358|84359|84360|84361|90218
15829,"Jamnitzer, Hans II",Hans Jamnitzer II,https://art.thewalters.org/browse/creator/hans-jamnitzer-ii,male,," (German, 1539-1603)",11798
15431,"Jamnitzer, Wenzel I",Wenzel Jamnitzer I,https://art.thewalters.org/browse/creator/wenzel-jamnitzer-i,male,," (German, 1507/1508-1585)",31890
6194,Japanese,Japanese,https://art.thewalters.org/browse/creator/japanese,,,,25789|28004|7003|22241|40041|280|8053|30042|5108|22086|13645|1858|34263|4067|27338|12974|15489|30817|3145|15112|25654|14827|26795|38609|16006|26804|36533|15534|24845|14234|18979|11180|37532|25502|4265|5501|6886|24878|4383|39627|29350|4919|26297|12808|11239|27016|40738|20472|32179|9387|23660|32166|17335|32821|8861|12292|19497|30635|36689|32019|31221|24471|25174|10630|39039|22651|12502|140|29500|21503|34276|10542|7638|14684|15221|21862|18190|16179|15193|27683|40655|29214|4825|1990|26670|14631|28056|23395|37638|16529|25019|33853|10749|33917|20089|19548|34283|7153|27627|29717|10881|26669|35885|4963|16774|32705|10522|25098|36171|419|28631|38937|1207|13103|10098|30120|8244|23674|4162|26201|39927|20468|32011|6534|3811|37592|7208|9764|16787|34064|27771|7953|14104|35472|13986|21610|31084|12791|35628|25572|12933|22069|34053|20214|27992|22578|9089|28167|33325|32661|10740|25311|6335|21827|13937|34441|31554|8702|14963|33877|32508|38950|31352|37891|21815|35456|6628|25265|30423|37832|28290|37379|39616|34670|38760|23940|4042
36413,"Jarl, Otto",Otto Jarl,https://art.thewalters.org/browse/creator/otto-jarl,,," (Swedish, 1856 - 1915)",103198
2380,"Jarvis, John Wesley",John Wesley Jarvis,https://art.thewalters.org/browse/creator/john-wesley-jarvis,male,," (American, 1781-1840)",28606
15620,Javanese,Javanese,https://art.thewalters.org/browse/creator/javanese,,,,35047|15031|28928|29861|16393|13915
4944,"Jay, Jane Isabelle Lee",Jane Isabelle Lee Jay,https://art.thewalters.org/browse/creator/jane-isabelle-lee-jay,female,," (English, -1919; Died in 1919)",32005
8228,Jean de Saint-Priest,Jean de Saint-Priest,https://art.thewalters.org/browse/creator/jean-de-saint-priest,,," (French, active 1490-1516)",11865
34981,"Jeannest, Pierre-Emile",Pierre-Emile Jeannest,https://art.thewalters.org/browse/creator/pierre-emile-jeannest,,," (French, 1813 - 1857)",101085
3826,"Jeannot, Etienne",Etienne Jeannot,https://art.thewalters.org/browse/creator/etienne-jeannot,,," (French, active 1495-1498)",15918
6507,"Jenson, Nicolaus",Nicolaus Jenson,https://art.thewalters.org/browse/creator/nicolaus-jenson,,,,16492
7645,Jerome Saint,Saint Jerome,https://art.thewalters.org/browse/creator/saint-jerome,male,, (died 419/420),33766|19057|21091|20054|17275|14170|19935|34128|4677|24030|14598|17461|14356|8469|15616|39623|34365|15874|33953|31460|33686|732|26141|35282|82750
3353,Jewish,Jewish,https://art.thewalters.org/browse/creator/jewish,,,,33240|29930|102754|4202|22346
4719,"Jimbei, Kawashima II",Kawashima Jimbei II,https://art.thewalters.org/browse/creator/kawashima-jimbei-ii,,," (Japanese, 1853-1910)",12838
5687,"Jin, Liying",Jin Liying,https://art.thewalters.org/browse/creator/jin-liying,,," (Chinese, 1772-1807)",13418
3695,"Jitoku, Akatsuka",Akatsuka Jitoku,https://art.thewalters.org/browse/creator/akatsuka-jitoku,,," (Japanese, 1871-1936)",5940|6288
5703,"Jo-ch'eng, Chang",Chang Jo-ch'eng,https://art.thewalters.org/browse/creator/chang-jo-cheng,,," (Chinese, active 1745)",7952
8628,Johannes de Lende,Johannes de Lende,https://art.thewalters.org/browse/creator/johannes-de-lende,,,,33400
1861,"Johannot, Alfred",Alfred Johannot,https://art.thewalters.org/browse/creator/alfred-johannot,male,," (French, 1800-1837)",31747
3163,"Johannot, Tony",Tony Johannot,https://art.thewalters.org/browse/creator/tony-johannot,male,," (French, 1803-1852)",15018
12249,John,John Champion,https://art.thewalters.org/browse/creator/john-champion,,,,24351
33709,John Bliss & Co,John Bliss & Co,https://art.thewalters.org/browse/creator/john-bliss--co,,, (1857 - 1957),20358|16363
7351,John of Salisbury,John of Salisbury,https://art.thewalters.org/browse/creator/john-of-salisbury,,,,37616
5466,"Johnson, Cornelius",Cornelius Johnson,https://art.thewalters.org/browse/creator/cornelius-janssen-van-ceulen,male,," (English, 1593-1661)",18278
4652,"Johnson, Eastman",Eastman Johnson,https://art.thewalters.org/browse/creator/eastman-johnson,male,," (American, 1824-1906)",1755|1441|9211
35226,"Johnson, Joshua",Joshua Johnson,https://art.thewalters.org/browse/creator/joshua-johnson,,," (American, 1765 - 1825)",102577
2074,Joinville-Vignory Workshop,Joinville-Vignory Workshop,https://art.thewalters.org/browse/creator/joinville-vignory-workshop,,," (French, active 1393-1442)",1955|26155
6046,Jokasai,Jokasai,https://art.thewalters.org/browse/creator/jokasai,male,," (Japanese, 19th century)",33094
7037,"Jokasai, Yamada",Yamada Jokasai,https://art.thewalters.org/browse/creator/yamada-jokasai,male,," (Japanese, 1811-1879)",14352|33278
35324,Jokatsusai Yasukazu,Jokatsusai Yasukazu,https://art.thewalters.org/browse/creator/jokatsusai-yasukazu,,," (Japanese, act. 19th century)",31314
15359,"Jolly, Josias",Josias Jolly,https://art.thewalters.org/browse/creator/josias-jolly,male,, (French),433
32762,"Jones, Alfred",Alfred Jones,https://art.thewalters.org/browse/creator/alfred-jones,,, (1819-1900),9008|23626
6009,"Jones, George",George Jones,https://art.thewalters.org/browse/creator/george-jones,,,,101049|103676|103678|103763
6911,"Jones, Hugh Bolton",Hugh Bolton Jones,https://art.thewalters.org/browse/creator/hugh-bolton-jones,male,," (American, 1848-1927)",33352
2437,"Joni, Icilio Federico",Icilio Federico Joni,https://art.thewalters.org/browse/creator/icilio-federico-joni,male,," (Italian, 1866-1946)",10999
35366,"Joost Thooft & Labouchere, De Porceleyne Fles, Delft","Joost Thooft & Labouchere, De Porceleyne Fles, Delft",https://art.thewalters.org/browse/creator/joost-thooft--labouchere-de-porceleyne-fles-delft,,," (Netherlandish, 1672 - 1884)",14023|39069|3869|11756|29538|3826|39803
4216,"Jordaens, Jacob the elder",Jacob Jordaens the elder,https://art.thewalters.org/browse/creator/jacob-jordaens-the-elder,male,," (Flemish, 1593-1678)",15290|102933
35333,"Joshua, Nellie",Nellie Joshua,https://art.thewalters.org/browse/creator/nellie-joshua,,," (British, 1877 - 1960)",102895
14956,Joshuya Kinzo,Joshuya Kinzo,https://art.thewalters.org/browse/creator/joshuya-kinzo,,,,12334|13738
3106,Josiah Wedgwood and Sons,Josiah Wedgwood and Sons,https://art.thewalters.org/browse/creator/josiah-wedgwood-and-sons,,," (English, 1759-present)",15202|21720|18902|37795|2659|18921|5578|32078|17899|232|88832|101028|101116|103186|103194|103193|19662|103833|103834|103835
5637,"Juarez, Guilia",Guilia Juarez,https://art.thewalters.org/browse/creator/guilia-juarez,,,,24609
6481,"Jubei, Ando",Ando Jubei,https://art.thewalters.org/browse/creator/ando-jubei,male,, (Japanese),28144|12759|6108
5413,Jubert,Jubert,https://art.thewalters.org/browse/creator/jubert,,,,18260
5933,Jugyoku,Jugyoku,https://art.thewalters.org/browse/creator/jugyoku,male,," (Japanese, 19th century)",5717
2278,"Jukyu Jukan, Chin XII",Chin Jukan XII,https://art.thewalters.org/browse/creator/jukyu,,," (Japanese, 1835 - 1906)",40173
8011,"Justinian, Emperor of the East I",Emperor of the East Justinian I,https://art.thewalters.org/browse/creator/emperor-of-the-east-justinian-i,,, (483(?)-565),33938
15149,"Justinus, Marcus Junianus",Marcus Junianus Justinus,https://art.thewalters.org/browse/creator/marcus-junianus-justinus,,,,3140
8168,Juvenal,Juvenal,https://art.thewalters.org/browse/creator/juvenal,,, (active late 1st-early 2nd century),9146|29168|12743|4866|8483
8284,"Juvencus, Gaius Vettius Aquilinus",Gaius Vettius Aquilinus Juvencus,https://art.thewalters.org/browse/creator/gaius-vettius-aquilinus-juvencus,,,,4504
31454,K'iché (Maya),K'iché (Maya),https://art.thewalters.org/browse/creator/quichc,,,,80196|80196
4876,"K., P.",P.K.,https://art.thewalters.org/browse/creator/pk,,,,40263
15651,Kadamuraya Jinsuke,Kadamuraya Jinsuke,https://art.thewalters.org/browse/creator/kadamuraya-jinsuke,,,,1435|29539|20846|32707
4904,Kaga school,Kaga school,https://art.thewalters.org/browse/creator/kaga-school,,,,37831
14957,Kagaya Katsugoro of Hongo,Kagaya Katsugoro of Hongo,https://art.thewalters.org/browse/creator/kagaya-katsugoro-of-hongo,,,,23929|3939
14958,Kagaya Kichibei,Kagaya Kichibei,https://art.thewalters.org/browse/creator/kagaya-kichibei2,,,,8451
14959,Kagaya Kichibei (1810-50s),Kagaya Kichibei (1810-50s),https://art.thewalters.org/browse/creator/kagaya-kichibei-1810-50s,,,,14847
14960,Kagaya Kichibei of Ryogoku,Kagaya Kichibei of Ryogoku,https://art.thewalters.org/browse/creator/kagaya-kichibei-of-ryogoku,,,,13585|13093|79661|79662|79663
14961,Kagaya Kichibei of Ryogoku Hirokoji,Kagaya Kichibei,https://art.thewalters.org/browse/creator/kagaya-kichibei,,,,3008
14962,Kagaya Kichiemon,Kagaya Kichiemon,https://art.thewalters.org/browse/creator/kagaya-kichiemon,,,,6629|30347
14963,Kagayasu?,Kagayasu?,https://art.thewalters.org/browse/creator/kagayasu,,,,80564|80565
14964,Kageya Kichibei,Kageya Kichibei,https://art.thewalters.org/browse/creator/kageya-kichibei,,,,7401
15733,"Kahrs, Ditmar",Ditmar Kahrs,https://art.thewalters.org/browse/creator/ditmar-kahrs,,," (Norwegian, active ca. 1795)",21841
7063,"Kaigyokusai, Masatsugu",Kaigyokusai Masatsugu,https://art.thewalters.org/browse/creator/kaigyokusai-masatsugu,male,," (Japanese, 1813-1892)",1707
4033,"Kaioku, Nukina",Nukina Kaioku,https://art.thewalters.org/browse/creator/nukina-kaioku,,, (1778-1863),35570
3626,Kaishodo,Kaishodo,https://art.thewalters.org/browse/creator/kaishodo,male,, (Japanese),26945|15090
5347,Kajikawa,Kajikawa,https://art.thewalters.org/browse/creator/kajikawa,male,, (Japanese),9947|5160|21367
6094,"Kajima, Ikkoku",Kajima Ikkoku,https://art.thewalters.org/browse/creator/kajima-ikkoku,male,, (Japanese),79644
6104,"Kajita, Masaharu",Kajita Masaharu,https://art.thewalters.org/browse/creator/kajita-masaharu,male,," (Japanese, died 1887)",566|79334
4735,"Kakihan, Iwami",Iwami Kakihan,https://art.thewalters.org/browse/creator/iwami-kakihan,,,,25280
5585,Kamejo,Kamejo,https://art.thewalters.org/browse/creator/kamejo,male,," (Japanese, died 1772)",35991|21440
4456,"Kamiyama, Yoshimichi",Kamiyama Yoshimichi,https://art.thewalters.org/browse/creator/kamiyama-yoshimichi,male,," (Japanese, 1786-1857)",14780|79155
6306,"Kanasugi, Tomotoshi",Kanasugi Tomotoshi,https://art.thewalters.org/browse/creator/kanasugi-tomotoshi,male,," (Japanese, active ca. 1775-1800)",30155
4471,Kanehira,Kanehira,https://art.thewalters.org/browse/creator/kanehira,male,," (Japanese, Japanese)",30592
3206,Kanekado,Kanekado,https://art.thewalters.org/browse/creator/kanekado,male,," (Japanese, Japanese)",6847
5287,Kanemichi,Kanemichi,https://art.thewalters.org/browse/creator/kanemichi,male,," (Japanese, Japanese)",24698
2219,Kanemitsu,Kanemitsu,https://art.thewalters.org/browse/creator/kanemitsu,male,, (Japanese),3228|7949
2615,Kanenori,Kanenori,https://art.thewalters.org/browse/creator/kanenori,male,," (Japanese, Japanese)",12868
4913,Kanesaki,Kanesaki,https://art.thewalters.org/browse/creator/kanesaki,male,," (Japanese, Japanese)",16215
4921,Kanesumi,Kanesumi,https://art.thewalters.org/browse/creator/kanesumi,male,," (Japanese, Japanese)",2251
1906,Kanetsugu,Kanetsugu,https://art.thewalters.org/browse/creator/kanetsugu,male,," (Japanese, Japanese)",25502
5699,Kanetsune,Kanetsune,https://art.thewalters.org/browse/creator/kanetsune,male,, (Japanese),20836
4988,Kaneuji,Kaneuji,https://art.thewalters.org/browse/creator/kaneuji,male,, (Japanese),10152
3841,"Kano, Natsuo",Kano Natsuo,https://art.thewalters.org/browse/creator/kano-natsuo,male,," (Japanese, 1828-1898)",16097|13798|13611|8466|26577|33660|25712|21682|27271|39900|40373
2062,"Kano, Tsunenobu",Kano Tsunenobu,https://art.thewalters.org/browse/creator/kano-tsunenobu,male,," (Japanese, 1636-1713)",22731|33858|21123|40693
4097,Kanpo,Kanpo,https://art.thewalters.org/browse/creator/kanpo,male,, (Japanese),22240
5549,"Kansai, Mori",Mori Kansai,https://art.thewalters.org/browse/creator/mori-kansai,male,," (Japanese, 1814-1894)",35616|37000
3827,"Kansai, Shu",Shu Kansai,https://art.thewalters.org/browse/creator/shu-kansai,,," (Japanese, active early 19th century)",11832
8643,Kao Ch'i-pei,Gao Qipei,https://art.thewalters.org/browse/creator/gao-qipei,male,," (Chinese, 1660-1734)",13650|80536|80537|80538|80539|80540|80541|80542|80543|80544
15172,"Kasamatsu, Shiro",Shiro Kasamatsu,https://art.thewalters.org/browse/creator/shiro-kasamatsu,,," (Japanese, 1898 - 1991)",99848|99854
3421,Kashan,Kashan,https://art.thewalters.org/browse/creator/kashan,,,,29677|20543
19293,"Kashifi, Husayn Va'iz",Husayn Va'iz Kashifi,https://art.thewalters.org/browse/creator/husayn-vaiz-kashifi,,, (died 1504-1505),23448
14965,Kashimado,Kashimado,https://art.thewalters.org/browse/creator/kashimado,,,,10699|11701|27528|11834|32117|9941
6738,"Kashino, Naonobu",Kashino Naonobu,https://art.thewalters.org/browse/creator/kashino-naonobu,male,," (Japanese, active ca. 1850)",29804
6444,"Kashira, Yoshihide",Kashira Yoshihide,https://art.thewalters.org/browse/creator/kashira-yoshihide,male,," (Japanese, 1st half 19th century)",20848|38213|79200
18951,"Kasil, H",H Kasil,https://art.thewalters.org/browse/creator/h-kasil,,," (Yemeni, active ca. 1775-1809)",80930|80923
18964,"Kassar, Sulayman",Sulayman Kassar,https://art.thewalters.org/browse/creator/sulayman-kassar,,," (Yemeni, active ca. 1775)",80935
18965,"Kassar, Yahya",Yahya Kassar,https://art.thewalters.org/browse/creator/yahya-kassar,,," (Yemeni, active 2nd half 19th century)",80936
18963,"Kassar, Yo Ab",Yo Ab Kassar,https://art.thewalters.org/browse/creator/yo-ab-kassar,,," (Yemeni, active ca. 1727-1748)",80934
19304,Kassite,Kassite,https://art.thewalters.org/browse/creator/kassite,,,,2536|16313|5722
5457,Kassite,Kassite,https://art.thewalters.org/browse/creator/kassite2,,,,5676|16538|1986|4913|33874|7695
17752,"Katib al-Samarqandi, Muhammad ibn 'Ali",Muhammad ibn 'Ali Katib al-Samarqandi,https://art.thewalters.org/browse/creator/muhammad-ibn-ali-katib-al-samarqandi,,,,80979|80978|80977|80976|80975|80974|80973|35391
19383,"Katib, Mir `Abd Allah Katib",Mir `Abd Allah Katib Katib,https://art.thewalters.org/browse/creator/mir-abd-allah-katib-katib,,,,17490|77819|78102|78103|78104|19465|79070|13392
2435,"Kato, Gosuke IV",Kato Gosuke IV,https://art.thewalters.org/browse/creator/kato-gosuke-iv,male,," (Japanese, 1839-1905)",19877
6115,"Kato, Teruaki",Kato Teruaki,https://art.thewalters.org/browse/creator/kato-teruaki,male,," (Japanese, active ca. 1858-1861)",38385
14966,Katoya,Katoya,https://art.thewalters.org/browse/creator/katoya,,,,37852
6150,"Katsuhiro, Hagiya",Hagiya Katsuhiro,https://art.thewalters.org/browse/creator/hagiya-katsuhiro,male,," (Japanese, 1827-1886)",14683
6273,"Katsukawa, Shuntei",Katsukawa Shuntei,https://art.thewalters.org/browse/creator/katsukawa-shuntei,male,," (Japanese, 1770-1820)",25900|8273
16641,Katsumasa,Katsumasa,https://art.thewalters.org/browse/creator/katsumasa,male,," (Japanese, active ca. 1800)",25766|7364
2552,"Katsumoto, Ichiun",Katsumoto Ichiun,https://art.thewalters.org/browse/creator/katsumoto-ichiun,male,," (Japanese, active ca. 18th century)",6030
5798,Katsunaga,Katsunaga,https://art.thewalters.org/browse/creator/katsunaga,male,, (Japanese),4367|31942
6141,"Katsuo, Nagahide",Katsuo Nagahide,https://art.thewalters.org/browse/creator/katsuo-nagahide,male,," (Japanese, died 1856)",35758
2524,"Katsusada, Miyata Minamoto",Miyata Minamoto Katsusada of Hizen Province,https://art.thewalters.org/browse/creator/miyata-minamoto-katsusada-of-hizen-province,male,," (Japanese, 1653-1727)",24463
5093,Katsutoshi,Katsutoshi,https://art.thewalters.org/browse/creator/katsutoshi,male,, (Japanese),9333
3191,"Katô, Jûkashichi",Katô Jûkashichi,https://art.thewalters.org/browse/creator/kat-jkashichi,male,," (Japanese, 18th-19th century)",8945|40812|79340
2032,"Katô, Teruaki",Katô Teruaki,https://art.thewalters.org/browse/creator/kat-teruaki,male,," (Japanese, active 19th century)",15691|34118
14967,Kawaguchiya,Kawaguchiya,https://art.thewalters.org/browse/creator/kawaguchiya,,,,7559
14968,Kawaguchiya Shozo and Izumiya?,Kawaguchiya Shozo and Izumiya?,https://art.thewalters.org/browse/creator/kawaguchiya-shozo-and-izumiya,,,,34530
14969,Kawaguchiya Uhei,Kawaguchiya Uhei,https://art.thewalters.org/browse/creator/kawaguchiya-uhei,,,,22722
5500,"Kawaji, Tomotsugu",Kawaji Tomotsugu,https://art.thewalters.org/browse/creator/kawaji-tomotsugu,male,," (Japanese, 1669-1712)",22816
3737,"Kawamoto, Hansuke V",Kawamoto Hansuke V,https://art.thewalters.org/browse/creator/kawamoto-hansuke-v,male,," (Japanese, 1831-1907)",31761
5332,"Kawamura, Tsuneshige",Kawamura Tsuneshige,https://art.thewalters.org/browse/creator/kawamura-tsuneshige,male,," (Japanese, ca. 1775-1800)",34054|4125
4265,"Kawanabe, Gyosai",Kawanabe Gyosai,https://art.thewalters.org/browse/creator/kawanabe-gyosai,male,," (Japanese, 1831-1889)",9058|34543|39753|2247|38192|102868
14970,Kawaoto,Kawaoto,https://art.thewalters.org/browse/creator/kawaoto,,,,38364
5260,"Kawarabayashi, Hidekuni",Kawarabayashi Hidekuni,https://art.thewalters.org/browse/creator/kawarabayashi-hidekuni,male,," (Japanese, 1825-1891)",15886
34647,"Kawase, Hasui",Kawase Hasui,https://art.thewalters.org/browse/creator/kawase-hasui,,," (Japanese, 1883 - 1957)",99849|99853|99855
6138,"Kawashinokami, Kunisuke",Kawashinokami Kunisuke,https://art.thewalters.org/browse/creator/kawashinokami-kunisuke,male,," (Japanese, ca. 1700-1750)",6352
14971,Kawasho,Kawasho,https://art.thewalters.org/browse/creator/kawasho,,,,5590|2637
3033,"Kazuyoshi, Arakawa",Arakawa Kazuyoshi,https://art.thewalters.org/browse/creator/arakawa-kazuyoshi,male,, (Japanese),21602
4338,Keigetsu,Keigetsu,https://art.thewalters.org/browse/creator/keigetsu,male,, (Japanese),39350
17026,Keisai,Keisai,https://art.thewalters.org/browse/creator/keisai,,, (Japanese),19109
33650,"Keith, Dora Wheeler",Dora Wheeler Keith,https://art.thewalters.org/browse/creator/dora-wheeler-keith,,," (American, 1857 - 1940)",77116
5561,"Kellner, Hans",Hans Kellner,https://art.thewalters.org/browse/creator/hans-kellner,,," (German, 1553-1609)",18225
33405,Kelmscott Press,Kelmscott Press,https://art.thewalters.org/browse/creator/kelmscott-press,,, (1891 - 1898),87888
15706,Kemalpasazade,Kemalpasazade,https://art.thewalters.org/browse/creator/kemalpasazade,,, (died 940 AH/AD1533),2150|79979|79980|79981|82743
31813,"Kemper, Nikolai Fedorovich",Nikolai Fedorovich Kemper,https://art.thewalters.org/browse/creator/nikolai-fedorovich-kemper,,," (Russian, active 1892 - 1908)",82390
6882,"Kern, Leonhard",Leonhard Kern,https://art.thewalters.org/browse/creator/leonhard-kern2,male,," (German, 1588-1662)",18304
6883,"Kern, Leonhard",Leonhard Kern,https://art.thewalters.org/browse/creator/leonhard-kern,male,," (German, 1588-1662)",35447|26521
4660,"Kerver, Thielman",Thielman Kerver,https://art.thewalters.org/browse/creator/thielman-kerver,,,,1737
15510,"Kessel, Jan van, I",Jan van Kessel I,https://art.thewalters.org/browse/creator/jan-van-kessel-ii,male,," (Flemish, 1626-1679)",24343
6908,"Kett, Fr.",Fr. Kett,https://art.thewalters.org/browse/creator/fr-kett,,,,39589
4555,"Kettle, Tilly",Tilly Kettle,https://art.thewalters.org/browse/creator/tilly-kettle,male,," (English, 1735-1786)",19277
21049,"Keulen, Johannes van",Johannes van Keulen,https://art.thewalters.org/browse/creator/johannes-van-keulen,,, (1654-1715),85493
16858,"Khabushani, Muhammad Riza Naw'i",Muhammad Riza Naw'i Khabushani,https://art.thewalters.org/browse/creator/muhammad-riza-nawi-khabushani,,, (died 1019 AH/AD 1610),30391|80052|80053|80054|80055|80056|80057|80058|80059|80060|81144|82692|82693
4692,Khatchatur of Khizan,Khatchatur of Khizan,https://art.thewalters.org/browse/creator/khatchatur-of-khizan,male,," (Armenian, active 1455)",27956
4344,"Khlebnikov, Ivan",Ivan Khlebnikov,https://art.thewalters.org/browse/creator/ivan-khlebnikov,,," (Russian, active 1870-1917)",82257|82513|82418|82315|82432|82433|82436|82440|82471|82519|90633
7404,"Khusraw, Amir Dihlavi",Amir Khusraw Dihlavi,https://art.thewalters.org/browse/creator/amir-khusraw-dihlavi,,, (died ca. 729 AH/AD 1328),7538|78185|22205|78273|3375|78275|20234|78274|78277|19379|78276|78278|33108|78186|78280|20664|78279|78281|78100|31354|78101|78283|9407|78282|12554|78284|78286|18672|78285|78288|33758|78287|78290|29238|78289|78292|33204|78291|78295|239|78294|78187|15156|78188|78298|31811|78296|78302|31624|78299|78304|36975|78303|78306|22096|78305|78307|3234|78189|78309|753|78308|78310|33535|78312|29484|78311|78314|9111|78313|78316|14629|78315|78318|35208|78317|78320|31851|78319|78322|81387|81398|81399|30914|32032|11592|18740|17490|13392|81974|81975|81976|81977|81978|81979|81980|81981|81982|81983|81984|81985|81986|81987|81988|81989|81990|9940|83286|83287|83288|83289|83290|83291|83292|83293|83294|83295|83296|83297|83298|83299|83300|83301|83302|83303|83304|83305|83306|83307|83308|83309|83310|83311|83312|83313|83314|83315|83316|83317|83371|83669|83670|83673|83674|83675|83676|83677|83678|83679|83680|83681|83682|83683|83684|83685|83686|83687|83688|83689|83690|83691|83692|83693|83694|83695|83696|83697|83698|83699|83700|83701|83703|77
15628,Khvaramse Prince,Prince Khvaramse,https://art.thewalters.org/browse/creator/prince-khvaramse,,, (Georgian),32451
4116,Kiju,Kiju,https://art.thewalters.org/browse/creator/kiju,,, (Japanese),11678
16640,"Kikkawa, Mototaka",Kikkawa Mototaka,https://art.thewalters.org/browse/creator/kikkawa-mototaka,,," (Japanese, late 18th-early 19th century)",40618
5643,"Kikuchi, Tsunekatsu",Kikuchi Tsunekatsu,https://art.thewalters.org/browse/creator/kikuchi-tsunekatsu,male,," (Japanese, born 1704)",17243|9357
6039,"Kikugawa, Hisahide",Kikugawa Hisahide,https://art.thewalters.org/browse/creator/kikugawa-hisahide,male,," (Japanese, ca. 1781-1825)",8028|32849|35848|8147|29910|23268|24601|31203|33441|30940
5598,"Kikugawa, Yoshitsugu",Kikugawa Yoshitsugu,https://art.thewalters.org/browse/creator/kikugawa-yoshitsugu,male,," (Japanese, ca. 1st half 19th century)",22089|2251
6083,"Kikuichi, Higo",Higo Kikuichi,https://art.thewalters.org/browse/creator/higo-kikuichi,,,,11078
5296,Kikuoka School,Kikuoka School,https://art.thewalters.org/browse/creator/kikuoka-school,,," (Japanese, late 18th-19th century)",7480|11078|79567
6155,"Kikuoka, Mitsunori",Kikuoka Mitsunori,https://art.thewalters.org/browse/creator/kikuoka-mitsunori,male,," (Japanese, active ca. 1829)",2436|23934
6576,"Kikuoka, Mitsutoshi",Kikuoka Mitsutoshi,https://art.thewalters.org/browse/creator/kikuoka-mitsutoshi,male,," (Japanese, died 1863)",35375|8790|39315
5239,"Kimura, Tomonaga",Kimura Tomonaga,https://art.thewalters.org/browse/creator/kimura-tomonaga,male,," (Japanese, active ca. 1850)",12200|1981
2134,"Kinable, Dieudonné",Dieudonné Kinable,https://art.thewalters.org/browse/creator/dieudonnc-kinable,,,,7287
2680,"Kindler, Albrecht",Albrecht Kindler,https://art.thewalters.org/browse/creator/albrecht-kindler,male,," (German, 1833-1876)",30257
14972,Kinkado,Kinkado,https://art.thewalters.org/browse/creator/kinkado,,,,2373|19138|20566|26903
2769,"Kinkozan, Sobei VII",Sobei Kinkozan VII,https://art.thewalters.org/browse/creator/sobei-kinkozan-vii,male,," (Japanese, 1868-1927)",30119
4420,Kinmichi II,Kinmichi II,https://art.thewalters.org/browse/creator/kinmichi-ii,male,, (Japanese),38213|39534
4529,"Kinoshita, Yoshikatsu",Kinoshita Yoshikatsu,https://art.thewalters.org/browse/creator/kinoshita-yoshikatsu,male,," (Japanese, 1754-ca. 1825)",34798|19433
6139,"Kinryûshi, Kunisuke",Kinryûshi Kunisuke,https://art.thewalters.org/browse/creator/kinryshi-kunisuke,male,," (Japanese, 19th century)",14696
14973,Kinseido (Ibaya Kyubei),Kinseido (Ibaya Kyubei),https://art.thewalters.org/browse/creator/kinseido-ibaya-kyubei,,,,21176|34637
1983,Kinsui,Kinsui,https://art.thewalters.org/browse/creator/kinsui,male,," (Japanese, Japanese)",30119
6567,"Kippell, Niclauss",Niclauss Kippell,https://art.thewalters.org/browse/creator/niclauss-kippell,male,, (German),20481|26008|77750|81155|90810|92619
19254,"Kirmani, Shams al-Din",Shams al-Din Kirmani,https://art.thewalters.org/browse/creator/shams-al-din-kirmani,,,,10473|83378|83379|83380|83381|83382|83383|83384|83385|83386|83387|83388|83389|83390|83391|83392|83393|83394|83395|83396|83397|83398|83399|83400|83401|83402|83403|83404|83405|83406|83408
6565,"Kitagawa, Soten",Kitagawa Soten,https://art.thewalters.org/browse/creator/kitagawa-soten,male,," (Japanese, active 1st half 18th century)",29573|2398|39419
3952,"Kitani, Masachika",Kitani Masachika,https://art.thewalters.org/browse/creator/kitani-masachika,male,," (Japanese, 1746-ca. 1797)",39559
15679,"Kitbugha, Zayn al-Din",Zayn al-Din Kitbugha,https://art.thewalters.org/browse/creator/zayn-al-din-kitbugha,,," (Egyptian, reigned 1294-1296)",15804
14974,Kiyo,Kiyo,https://art.thewalters.org/browse/creator/kiyo,,,,7612
4270,Kiyochika,Kiyochika,https://art.thewalters.org/browse/creator/kiyochika,male,," (Japanese, 1847-1915)",22185|24498|39799|12734|31915|34553|25394|5155|10288
4290,Kiyomaro,Kiyomaro,https://art.thewalters.org/browse/creator/kiyomaro,male,," (Japanese, 1813 (?)-1854 (?))",24344
16456,Kiyomasa,Kiyomasa,https://art.thewalters.org/browse/creator/kiyomasa,,," (Japanese, ca. 1800-1850)",23871
3238,Kiyomitsu,Kiyomitsu,https://art.thewalters.org/browse/creator/kiyomitsu,male,," (Japanese, Japanese)",18352|40227
7043,Kiyoshige,Kiyoshige,https://art.thewalters.org/browse/creator/kiyoshige,male,, (Japanese),17555
3497,"Kiyotaka, Inoue",Inoue Kiyotaka,https://art.thewalters.org/browse/creator/inoue-kiyotaka,male,," (Japanese, active 1790-1840)",23087
3945,Kiyotatsu,Kiyotatsu,https://art.thewalters.org/browse/creator/kiyotatsu,male,," (Japanese, active late 18th century)",2692
16517,Kiyotsugu,Kiyotsugu,https://art.thewalters.org/browse/creator/kiyotsugu,male,," (Japanese, active 19th century)",9106
16522,Kiyotsugu,Kiyotsugu,https://art.thewalters.org/browse/creator/kiyotsugu2,male,," (Japanese, active 19th century)",24677|79579
5628,"Kiyotsugu, Maeda",Maeda Kiyotsugu,https://art.thewalters.org/browse/creator/maeda-kiyotsugu,male,," (Japanese, Japanese)",21770
33493,"Klauber, Johann Baptist",Johann Baptist Klauber,https://art.thewalters.org/browse/creator/johann-baptist-klauber,,," (German, 1712 - 1787)",27594
33494,"Klauber, Joseph Sebastian",Joseph Sebastian Klauber,https://art.thewalters.org/browse/creator/joseph-sebastian-klauber,,," (German, ca. 1700 - 1768)",27594
2494,"Klebnikov, Firm of",Firm of Klebnikov,https://art.thewalters.org/browse/creator/firm-of-klebnikov,,,,14426
3152,"Klein, Johann Adam",Johann Adam Klein,https://art.thewalters.org/browse/creator/johann-adam-klein,male,," (German, 1792-1875)",10548
8360,"Klontzas, Georgios painter",Georgios Klontzas,https://art.thewalters.org/browse/creator/georgios-klontzas,male,," (Greek, active 1603)",35213
5046,"Knaus, Ludwig",Ludwig Knaus,https://art.thewalters.org/browse/creator/ludwig-knaus,male,," (German, 1829-1910)",8101|254|17414|21763
6818,"Knoblochtzer, Heinrich",Heinrich Knoblochtzer,https://art.thewalters.org/browse/creator/heinrich-knoblochtzer,,,,29598
1996,Ko Nio school,Ko Nio school,https://art.thewalters.org/browse/creator/ko-nio-school,,,,11078
2382,Ko-Mihara school,Ko-Mihara school,https://art.thewalters.org/browse/creator/ko-mihara-school,,," (Japanese, Japanese)",9240
8544,Koban,Koban,https://art.thewalters.org/browse/creator/koban,,,,24449|378
14977,Kobayashi Sojiro,Kobayashi Sojiro,https://art.thewalters.org/browse/creator/kobayashi-sojiro,,,,20700
14978,Kobayashi Tetsujiro,Kobayashi Tetsujiro,https://art.thewalters.org/browse/creator/kobayashi-tetsujiro,,, (Japanese),493|7404|18611|6450
5353,"Kobayashi, Chinju",Kobayashi Chinju,https://art.thewalters.org/browse/creator/kobayashi-chinju,male,," (Japanese, 19th century)",29841|29658
6017,"Kobayashi, Kiyochika",Kobayashi Kiyochika,https://art.thewalters.org/browse/creator/kobayashi-kiyochika,male,," (Japanese, 1847-1915)",79689|79690|79691|79698|79699|79700
3059,"Koberger, Anton",Anton Koberger,https://art.thewalters.org/browse/creator/anton-koberger,,," (German, late 15th century)",10361|13698|4405|31699|83142|83143
14979,Kogaya,Kogaya,https://art.thewalters.org/browse/creator/kogaya,,,,3433
14980,Kogaya Katsugoro,Kogaya Katsugoro,https://art.thewalters.org/browse/creator/kogaya-katsugoro,,,,1545
14981,Kogaya Katsugoro of Hongo,Kogaya Katsugoro of Hongo,https://art.thewalters.org/browse/creator/kogaya-katsugoro-of-hongo,,,,9536
18961,"Kohen, Yosef",Yosef Kohen,https://art.thewalters.org/browse/creator/yosef-kohen,,," (Yemeni, active ca. 1775-1809)",80927
33045,"Koike, Shoko",Koike Shoko,https://art.thewalters.org/browse/creator/koike-shoko,,,,90709
2448,"Koizumi, Katsuchika",Koizumi Katsuchika,https://art.thewalters.org/browse/creator/koizumi-katsuchika,male,," (Japanese, 1843/4-1916)",19732
14982,Kojima of Horiecho,Kojima of Horiecho,https://art.thewalters.org/browse/creator/kojima-of-horiecho,,,,23640|11711|4116|514|7162|23262|34518
15119,"Kok, Jurriaan Jurriaan",Jurriaan Jurriaan Kok,https://art.thewalters.org/browse/creator/jurriaan-jurriaan-kok,male,," (Dutch, 1861-1919)",7061
15233,"Kokan, Honami",Honami Kokan,https://art.thewalters.org/browse/creator/honami-kokan,,," (Japanese, active 1840-1849)",21069|31439
15577,"Kolbe, Friedrich Joseph",Friedrich Joseph Kolbe,https://art.thewalters.org/browse/creator/friedrich-joseph-kolbe,,," (German, active late 18th-mid 19th century)",9860
7090,Komai Workshop,Komai Workshop,https://art.thewalters.org/browse/creator/komai-workshop,,, (Japanese),9499
4151,Komarujo of Mikawachi,Komarujo of Mikawachi,https://art.thewalters.org/browse/creator/komarujo-of-mikawachi,female,, (Japanese),35642
2452,Komin,Komin,https://art.thewalters.org/browse/creator/komin,male,," (Japanese, 19th century)",17199
6080,"Komin, Nakayama",Nakayama Komin,https://art.thewalters.org/browse/creator/nakayama-komin,male,," (Japanese, 1808-1870)",19873
5013,"Kommerer, F.",F. Kommerer,https://art.thewalters.org/browse/creator/f-kommerer,,,,288
6103,"Komori, Harutoshi",Komori Harutoshi,https://art.thewalters.org/browse/creator/komori-harutoshi,male,," (Japanese, active ca. 1700)",2661|13250|31156|9002|79140
6406,"Konishi, Hirosada",Konishi Hirosada,https://art.thewalters.org/browse/creator/konishi-hirosada,male,," (Japanese, 1810-1864)",24743|19345|14984|26192|2373|24450|7585|15793|28896|33961|37730|10699|32116|36795|19138|9076|20566|26903|35536|23015|26551|37178|9768|38364|27528|7073|11834|14583|30405|18820|31267|6011|9941|30728|14750|21934|1977
6767,Konobu,Konobu,https://art.thewalters.org/browse/creator/konobu,male,, (Japanese),33546
2851,Korean,Korean,https://art.thewalters.org/browse/creator/korean,,,,30125|33771|21561|32046|32632|21734|18011|14962|4176|26604|10477|23527|38023|38501|18994|25524|11780|10121|27291|10135|20767|38468|12906|32140|10847|28554|33014|32233|24988|12550|485|3878|7746|18163|38108|40741|26427|40284
1890,Koretomo,Koretomo,https://art.thewalters.org/browse/creator/koretomo,male,," (Japanese, active ca. 1850)",35386|467|79551
6068,"Korin, Ogata",Ogata Korin,https://art.thewalters.org/browse/creator/ogata-korin,male,," (Japanese, 1658-1716)",39210
6055,Koryu,Koryu,https://art.thewalters.org/browse/creator/koryu,male,," (Japanese, Japanese)",9597
14983,Koshiheiya Heisuke,Koshiheiya Heisuke,https://art.thewalters.org/browse/creator/koshiheiya-heisuke,,,,36310
14984,Koshiki,Koshiki,https://art.thewalters.org/browse/creator/koshiki,,,,3838
36528,"Kosrof, Wosene Woke",Wosene Worke Kosrof,https://art.thewalters.org/browse/creator/wosene-worke-kosrof,,," (Ethiopian, born 1950)",103751
14985,Koyama Hangoro,Koyama Hangoro,https://art.thewalters.org/browse/creator/koyama-hangoro,,,,25900|8273
2866,"Kozan, Miyagawa",Miyagawa Kozan,https://art.thewalters.org/browse/creator/miyagawa-kozan,male,," (Japanese, 1842-1916)",6259|15457|26550|16302|35923|2332|12722
2163,"Krafft, Johann Peter",Johann Peter Krafft,https://art.thewalters.org/browse/creator/johann-peter-krafft,male,," (Austrian, 1780-1856)",36349
3235,"Kramer, Reuben Robert",Reuben Robert Kramer,https://art.thewalters.org/browse/creator/reuben-robert-kramer,male,," (American, 1909-1999)",9315|5039
15539,"Kreischmann, Fredolin",Fredolin Kreischmann,https://art.thewalters.org/browse/creator/fredolin-kreischmann,,," (French, active ca. 1895)",20081
2583,"Kreiser, Conrad",Conrad Kreiser,https://art.thewalters.org/browse/creator/conrad-kreiser,,,,984
8394,"Kreizer, Conrad",Conrad Kreizer,https://art.thewalters.org/browse/creator/conrad-kreizer,,,,31806
3287,Kremlin Armory Workshops,Kremlin Armory Workshops,https://art.thewalters.org/browse/creator/kremlin-armory-workshops,,, (Russian),33503|38332
6953,Kresilas,Kresilas,https://art.thewalters.org/browse/creator/kresilas,male,," (Greek, active ca. 450 BC-420 BC)",90259
31617,"Krestos, Mätre",Mätre Krestos,https://art.thewalters.org/browse/creator/mtre-krestos,,,,31912|27629|25517|24635|36576|17326|37710|39932|4181|37171|5568|7717|24468|34050|8691|34575|16845|12303|33952
6687,"Kreutzinger, Joseph",Joseph Kreutzinger,https://art.thewalters.org/browse/creator/joseph-kreutzinger,male,," (German, 1757-1829)",4809
5240,"Kronnowetter, Carl",Carl Kronnowetter,https://art.thewalters.org/browse/creator/carl-kronnowetter,male,," (German, 1795-1837)",21636
2377,Krys,Krys,https://art.thewalters.org/browse/creator/krys,,,,31806
18993,"Krüger, Franz",Franz Krüger,https://art.thewalters.org/browse/creator/franz-krger,male,," (German, 1797-1857)",82310
18246,Kuan-pao,Kuan-pao,https://art.thewalters.org/browse/creator/kuan-pao,,," (Chinese, died 1776)",6721
5115,"Kuehn, Joseph",Joseph Kuehn,https://art.thewalters.org/browse/creator/joseph-kuehn,,,,23391
2532,Kuisada III,Kunisada III,https://art.thewalters.org/browse/creator/kunisada-iii,male,," (Japanese, 1848-1920)",493|7404|18611|6450
15557,"Kulmbach, Hans von",Hans von Kulmbach,https://art.thewalters.org/browse/creator/hans-von-kulmbach,male,," (German, ca. 1485-1522)",30908|23436
34674,"Kunckel, Johann",Johann Kunckel,https://art.thewalters.org/browse/creator/johann-knuckle,,," (German, ca. 1637 - 1703)",6604
6110,"Kunihiro, Horikawa",Horikawa Kunihiro,https://art.thewalters.org/browse/creator/horikawa-kunihiro,male,, (Japanese),32888
4946,Kunihisa,Kunihisa,https://art.thewalters.org/browse/creator/kunihisa,male,," (Japanese, 1832-1891)",3838|2657
2930,Kunikane,Kunikane,https://art.thewalters.org/browse/creator/kunikane,male,, (Japanese),368|28344
2920,Kunikane school,Kunikane school,https://art.thewalters.org/browse/creator/kunikane-school,,,,32181
3707,Kunikazu,Kunikazu,https://art.thewalters.org/browse/creator/kunikazu,male,," (Japanese, active 1849-1867)",10406|16511|9369|8867
7618,Kunimasa,Kunimasa,https://art.thewalters.org/browse/creator/kunimasa,,,,14657|31864|79152
5412,Kunimitsu,Kunimitsu,https://art.thewalters.org/browse/creator/kunimitsu,male,, (Japanese),4803|79196
6111,"Kunimitsu, Sagami",Sagami Kunimitsu,https://art.thewalters.org/browse/creator/sagami-kunimitsu,male,," (Japanese, Japanese)",2311
4367,Kunimori,Kunimori,https://art.thewalters.org/browse/creator/kunimori,male,," (Japanese, Japanese)",8114|79532
6445,"Kunimune, Uda III",Uda Kunimune III,https://art.thewalters.org/browse/creator/uda-kunimune-iii,male,," (Japanese, Japanese)",14848
8302,"Kunisada, Utagawa",Utagawa Kunisada,https://art.thewalters.org/browse/creator/utagawa-kunisada2,male,," (Japanese, 1786-1864)",22722
16416,Kunisato,Kunisato,https://art.thewalters.org/browse/creator/kunisato,,," (Japanese, died 1858)",21735
2052,Kunishige,Kunishige,https://art.thewalters.org/browse/creator/kunishige,male,," (Japanese, 1803-1853)",6090
6153,Kunishige (s),Kunishige (s),https://art.thewalters.org/browse/creator/kunishige-s,male,," (Japanese, Japanese)",40640
6152,"Kunishige, Hasebe",Hasebe Kunishige,https://art.thewalters.org/browse/creator/hasebe-kunishige,male,," (Japanese, Japanese)",24733
6773,"Kunitoshi, Rai",Rai Kunitoshi,https://art.thewalters.org/browse/creator/rai-kunitoshi,male,," (Japanese, Japanese)",26196
5186,Kunitsuna,Kunitsuna,https://art.thewalters.org/browse/creator/kunitsuna,male,," (Japanese, 1805-1868)",20121
4568,Kuniyasu,Kuniyasu,https://art.thewalters.org/browse/creator/kuniyasu,male,," (Japanese, 1794-1832)",11463|26373|5425
2280,"Kuniyasu, Utagawa",Utagawa Kuniyasu,https://art.thewalters.org/browse/creator/utagawa-kuniyasu,male,," (Japanese, 1794-1832)",32994
3718,"Kuniyoshi, Utagawa",Utagawa Kuniyoshi,https://art.thewalters.org/browse/creator/utagawa-kuniyoshi2,male,," (Japanese, 1798-1861)",36006|102866
7572,"Kunkin, Vasilli Matveev",Vasilli Matveev Kunkin,https://art.thewalters.org/browse/creator/vasilli-matveev-kunkin,,," (Russian, 1726-1761)",31094
5959,"Kuo-tsung, Ho",Ho Kuo-tsung,https://art.thewalters.org/browse/creator/ho-kuo-tsung,,," (Chinese, died 1776)",24136
31573,"Kurliukov, Orest Fedorovich",Orest Fedorovich Kurliukov,https://art.thewalters.org/browse/creator/orest-fedorovich-kurliukov,,," (Russian, fl. 1884-1918)",82389|82402|82403|82473|82492|82508|82411|82460
6675,"Kuroda, Koryo",Kuroda Koryo,https://art.thewalters.org/browse/creator/kuroda-koryo,female,," (Japanese, 1822-1894)",18131
3659,"Kurowa, Katsubumi",Kurowa Katsubumi,https://art.thewalters.org/browse/creator/kurowa-katsubumi,male,," (Japanese, 1845-after 1926)",17182|20957|79672
2327,"Kurowa, Katsutoshi",Kurowa Katsutoshi,https://art.thewalters.org/browse/creator/kurowa-katsutoshi,male,," (Japanese, active ca. 1750)",443
4576,"Kurzbauer, Eduard",Eduard Kurzbauer,https://art.thewalters.org/browse/creator/eduard-kurzbauer,male,," (German, 1840-1879)",13931
6157,"Kusakabe, Takanobu",Kusakabe Takanobu,https://art.thewalters.org/browse/creator/kusakabe-takanobu,male,," (Japanese, active ca. 1800-1825)",40493
1985,"Kusakari, Kiyosada I",Kusakari Kiyosada I,https://art.thewalters.org/browse/creator/kusakari-kiyosada-i,male,," (Japanese, ca. 1742-1785)",36108
6217,"Kusakari, Kiyosada II",Kusakari Kiyosada II,https://art.thewalters.org/browse/creator/kusakari-kiyosada-ii,male,," (Japanese, 1805-1832)",36108
2776,Kutani,Kutani,https://art.thewalters.org/browse/creator/kutani,,,,33330|25691|4025|39517|29365|1623|33117|10064|1586|12544
14986,Kuwamasa(?),Kuwamasa(?),https://art.thewalters.org/browse/creator/kuwamasa,,,,80573|80574
2979,"Kuzmichev, Antip Ivanovich",Antip Ivanovich Kuzmichev,https://art.thewalters.org/browse/creator/antip-ivanovich-kuzmichev,male,," (Russian, active ca. 1893-1917)",82505|82500|82463|82514|82517|82352|82342|82507|82516
4542,"Kyoju, Baitaden",Baitaden Kyoju,https://art.thewalters.org/browse/creator/baitaden-kyoju,,," (Japanese, active ca. early 19th century)",28086
6067,"Kyuhaku, Koma",Koma Kyuhaku,https://art.thewalters.org/browse/creator/koma-kyuhaku,male,, (Japanese),24493
3944,Kyukoku,Kyukoku,https://art.thewalters.org/browse/creator/kyukoku,male,," (Japanese, active early 19th century)",2485
3327,Kyôrin,Kyôrin,https://art.thewalters.org/browse/creator/kyrin,male,," (Japanese, 19th century)",6068
2136,"Kändler, Johann Joachim",Johann Joachim Kändler,https://art.thewalters.org/browse/creator/johann-joachim-kndler,male,," (German, 1706-1775)",25756|28739|12133|10875|6559
4557,"Kôno, Haruaki",Kôno Haruaki,https://art.thewalters.org/browse/creator/kno-haruaki,male,," (Japanese, 1787-1857)",31537|864|15688|25471|26755
6128,"Kôno, Toyotoshi",Kôno Toyotoshi,https://art.thewalters.org/browse/creator/kno-toyotoshi,male,," (Japanese, ca. 1850)",27641
4496,"L'Epine, Jean-Louis",Jean-Louis L'Epine,https://art.thewalters.org/browse/creator/jean-louis-lepine,,," (French, 1720-1814)",37742
7118,"La Farge, John",John La Farge,https://art.thewalters.org/browse/creator/john-la-farge,male,," (American, 1835-1910)",30083|12936|36507
5422,"La Hyre, Laurent de",Laurent de La Hyre,https://art.thewalters.org/browse/creator/laurent-de-la-hyre,male,," (French, 1606-1656)",31752|19242
7225,"La Touche, Gaston",Gaston La Touche,https://art.thewalters.org/browse/creator/gaston-la-touche,male,," (French, 1854-1913)",24883
21301,"La Tour du Pin, Patrice de",Patrice de La Tour du Pin,https://art.thewalters.org/browse/creator/patrice-de-la-tour-du-pin,,," (French, 1911 - 1975)",87716
3696,"Labenwolf, Pankraz",Pankraz Labenwolf,https://art.thewalters.org/browse/creator/pankraz-labenwolf,male,," (German, 1492-1563)",18923
2086,"Labrouste, Henri",Henri Labrouste,https://art.thewalters.org/browse/creator/henri-labrouste,male,," (French, 1801-1875)",27063
8451,"Lacroix, Charles François",Charles François Lacroix,https://art.thewalters.org/browse/creator/charles-franbois-lacroix,,,,27604
5545,"Laertius, Diogenes",Diogenes Laertius,https://art.thewalters.org/browse/creator/diogenes-laertius,male,," (Greek, -225-)",12883
15471,"Lafeuille, Jacques de",Jacques de Lafeuille,https://art.thewalters.org/browse/creator/jacques-de-lafeuille,,, (French),39385
8671,Lal,Lal,https://art.thewalters.org/browse/creator/lal-lal,,," (Indian, active ca. 1570-ca. 1604)",19379|15156|7538
2972,"Lalique, René",René Lalique,https://art.thewalters.org/browse/creator/renc-lalique,male,," (French, 1860-1945)",5299|12197|1693|14327|964|39518|22964|32771|23250|29747|9054|26096|6401|1997|23431|8031
31446,Lambayeque (Sicán),Lambayeque (Sicán),https://art.thewalters.org/browse/creator/lambayeque-sicn,,,,79367|14246|80447
5702,"Lambdin, James Reid",James Reid Lambdin,https://art.thewalters.org/browse/creator/james-reid-lambdin,male,," (American, 1807-1889)",17213|18323
4537,"Lambert, Henri-Lucien",Henri-Lucien Lambert,https://art.thewalters.org/browse/creator/henri-lucien-lambert,male,," (French, French)",21053|31044
34169,"Lamelin, Jean",Jean Lamelin,https://art.thewalters.org/browse/creator/jean-lamelin,,,,14643
2917,"Lami, Eugène Louis",Eugène Louis Lami,https://art.thewalters.org/browse/creator/eugrne-louis-lami,male,," (French, 1800-1890)",22331|79178
5147,"Landelle, Charles",Charles Landelle,https://art.thewalters.org/browse/creator/charles-landelle,male,," (French, 1821-1908)",30955
15364,"Landre, J.",J. Landre,https://art.thewalters.org/browse/creator/j-landre,,, (Dutch),19802
20944,"Lane, John",John Lane,https://art.thewalters.org/browse/creator/john-lane,,," (English, 1854 - 1925)",85421
5021,"Lanfranco, Girolamo the elder",Girolamo Lanfranco the elder,https://art.thewalters.org/browse/creator/girolamo-lanfranco-the-elder,male,," (Italian, active 1540-ca. 1560)",8033
15502,"Langenhove, Elisabeth van",Elisabeth van Langenhove,https://art.thewalters.org/browse/creator/elisabeth-van-langenhove,,,,18300
7359,Langobardic,Langobardic,https://art.thewalters.org/browse/creator/langobardic,,,,4235|3956|20023|32966|8699|8633|10246|3966|23314|9956|28117|40115|28360|39342|27217
6813,"Lanman, Charles",Charles Lanman,https://art.thewalters.org/browse/creator/charles-lanman,,," (American, 1819–1895)",22910|27111|23379|4411|10887|11459|20541|9129|27497
3510,"Lansere, Yevgeny",Yevgeny Lansere,https://art.thewalters.org/browse/creator/yevgeny-lansere,male,," (Russian, 1848-1886)",37190
8357,Laotian,Laotian,https://art.thewalters.org/browse/creator/laotian,,,,20000
3538,"Larue, André-Léon",André-Léon Larue,https://art.thewalters.org/browse/creator/andrc-lcon-larue,male,," (French, 1785-ca.1834)",14232
1856,"Lastricati, Zanobi",Zanobi Lastricati,https://art.thewalters.org/browse/creator/zanobi-lastricati,male,," (Italian, 1508-1590)",5206
34220,"Lathem, Lieven van",Lieven van Lathem,https://art.thewalters.org/browse/creator/lieven-van-lathem,,," (Netherlandish, active 1454 - 1493)",39699
3796,"Laudin, Jacques I",Jacques Laudin I,https://art.thewalters.org/browse/creator/jacques-laudin-i,male,," (French, ca. 1627-1695)",760|33540|77473
2426,"Laudin, Jacques II",Jacques Laudin II,https://art.thewalters.org/browse/creator/jacques-laudin-ii,,," (French, active 1663-1729)",24989
3501,"Laurana, Francesco",Francesco Laurana,https://art.thewalters.org/browse/creator/francesco-laurana,male,," (Italian, ca. 1420-1502)",1669
2709,"Laurentii, Nicolaus",Nicolaus Laurentii,https://art.thewalters.org/browse/creator/nicolaus-laurentii,,,,8640|90309|90310
4295,"Lawrence, Thomas P. R. A. Sir","Sir Thomas Lawrence, P. R. A.",https://art.thewalters.org/browse/creator/sir-thomas-lawrence-p-r-a,male,," (British, 1769-1830)",12523
5681,"Le Brun, Charles",Charles Le Brun,https://art.thewalters.org/browse/creator/charles-le-brun,male,," (French, 1619-1690)",31004
15464,"Le Faucheur, Alexandre",Alexandre Le Faucheur,https://art.thewalters.org/browse/creator/alexandre-le-faucheur,,, (French),39881
5949,"Le Gregoire, Jean-Louis",Jean-Louis Le Gregoire,https://art.thewalters.org/browse/creator/jean-louis-le-gregoire,,," (French, 1840-1890)",12418
5946,"Le Lorrain, Robert",Robert Le Lorrain,https://art.thewalters.org/browse/creator/robert-le-lorrain,male,," (French, 1666-1743)",19575|23982
15319,"Le Marchand, David",David Le Marchand,https://art.thewalters.org/browse/creator/david-le-marchand,male,," (French, 1674-1726)",899
6866,"Le Paon, Jean Baptiste",Jean Baptiste Le Paon,https://art.thewalters.org/browse/creator/jean-baptiste-le-paon,male,," (French, 1738-1785)",21793
32780,"Le Riche, Josse-François-Joseph",Josse-François-Joseph Le Riche,https://art.thewalters.org/browse/creator/josse-franbois-joseph-le-riche,,," (French, 1738 or 1741-1812)",32307
7383,"Le Roy, Basile Charles",Basile Charles Le Roy,https://art.thewalters.org/browse/creator/bc-le-roy,,," (French, 1765 - 1839)",30420
7360,"Le Roy, Julien",Julien Le Roy,https://art.thewalters.org/browse/creator/julien-le-roy,male,," (French, 1686-1759)",21387|22336|10425|20169
4540,"LeGuay, Étienne-Henri",Étienne-Henri LeGuay,https://art.thewalters.org/browse/creator/atienne-henri-leguay,male,," (French, 1719-ca. 1799)",21080|27523|34223|77457
15116,Leafless Group,Leafless Group,https://art.thewalters.org/browse/creator/leafless-group,,," (Greek, active 5th century BCE)",18719
21277,"Lebedkin, Ivan",Ivan Lebedkin,https://art.thewalters.org/browse/creator/ivan-lebedkin,,,,82506
8229,"Leclerc, Nicholas",Nicholas Leclerc,https://art.thewalters.org/browse/creator/nicholas-leclerc,male,," (French, active 1487-1507)",11865
6889,"Lecomte, Félix",Félix Lecomte,https://art.thewalters.org/browse/creator/fclix-lecomte,male,," (French, 1737-1817)",35563
18030,"Lee, Frederick Richard R. A.","Frederick Richard Lee, R. A.",https://art.thewalters.org/browse/creator/frederick-richard-lee-r-a,male,," (British, 1798-1879)",5210
4614,"Leel, Adolf",Adolf Leel,https://art.thewalters.org/browse/creator/adolf-leel,,," (German, 19th century)",10569
4603,"Lefevre, Adolphe-René",Adolphe-René Lefevre,https://art.thewalters.org/browse/creator/adolphe-renc-lefevre,male,," (French, 1834-1868)",19370
31558,"Lefèvre, Raoul",Raoul Lefèvre,https://art.thewalters.org/browse/creator/raoul-lefrvre,,," (French, fl.1460)",87888
8378,"Legnani, Stefano Maria",Stefano Maria Legnani,https://art.thewalters.org/browse/creator/stefano-maria-legnani,male,," (Italian, 1660-1715)",2296
5012,"Legrand, Pierre Nicolas",Pierre Nicolas Legrand,https://art.thewalters.org/browse/creator/pierre-nicolas-legrand,male,," (French, 1758-1829)",8461
2157,"Leigeb, Gottfried",Gottfried Leigeb,https://art.thewalters.org/browse/creator/gottfried-leigeb,male,," (German, 1630-1682)",13203
36467,"Leighton, Frederic",Frederic Leighton,https://art.thewalters.org/browse/creator/frederic-leighton,,," (British, 1830 - 1896)",103543
31977,"Leinberger, Hans",Hans Leinberger,https://art.thewalters.org/browse/creator/hans-leinberger,,," (German, active 1511 - 1530)",27282
3527,"Lejeune, Henry A.R.A.",Henry Lejeune,https://art.thewalters.org/browse/creator/henry-lejeune,male,," (English, 1820-1904)",39782
36488,"Leloy, Jean-Charles-François",Jean-Charles-François Leloy,https://art.thewalters.org/browse/creator/jean-charles-franois-leloy,,," (French, 1774 - 1846)",36491
2299,"Lely, Peter",Peter Lely,https://art.thewalters.org/browse/creator/peter-lely,male,," (Dutch, 1618-1680)",15817|6571|3342|6571
4048,"Lemaire, Jean-Michel",Jean-Michel Lemaire,https://art.thewalters.org/browse/creator/jean-michel-lemaire,,," (French, active 1721)",18401
21279,Lemercier & Cie,Lemercier & Cie,https://art.thewalters.org/browse/creator/lemercier--cie,,," (French (Paris), 19th century)",37147
6414,"Lemmens, Théophile-Victor-Emile",Théophile-Victor-Émile Lemmens,https://art.thewalters.org/browse/creator/thcophile-victor-amile-lemmens,male,," (French, 1821-1867)",27757|11774|36329|33562
3912,"Lemoine-Benoit, Victor-Philippe François",Victor-Philippe François Lemoine-Benoit,https://art.thewalters.org/browse/creator/victor-philippe-franbois-lemoine-benoit,male,," (French, active 1831-1850)",12787
5898,"Lemoyne, Jean-Baptiste the younger","Jean-Baptiste Lemoyne, the younger",https://art.thewalters.org/browse/creator/jean-baptiste-lemoyne-the-younger,male,," (French, 1704-1778)",15617
1901,"Lenckhardt, Adam",Adam Lenckhardt,https://art.thewalters.org/browse/creator/adam-lenckhardt,male,," (German, 1610-1661)",35053
6381,"Leng, Mei",Leng Mei,https://art.thewalters.org/browse/creator/leng-mei,,," (Chinese, active 1677-1742)",21428
4021,"Lenhendrick, Louis-Joseph",Louis-Joseph Lenhendrick,https://art.thewalters.org/browse/creator/louis-joseph-lenhendrick,male,," (French, died 1783)",77425
4256,"Leoni, Leone",Leone Leoni,https://art.thewalters.org/browse/creator/leone-leoni,male,," (Italian, ca. 1509-1590)",6965|39228|26478|35249
15609,"Lepaute, Jean-André",Jean-André Lepaute,https://art.thewalters.org/browse/creator/jean-andrc-lepaute,,," (French, 1709-1789)",4526
2275,"Leprince, Robert Léopold",Robert Léopold Leprince,https://art.thewalters.org/browse/creator/robert-lcopold-leprince,male,," (French, 1800-1847)",20308
15476,"Leroux, John",John Leroux,https://art.thewalters.org/browse/creator/john-leroux,,, (active ca. 1750-1800),36428
33264,Les Amis des Livres,Les Amis des Livres,https://art.thewalters.org/browse/creator/les-amis-des-livres,,,,88124
4736,"Lesaint, Charles Louis",Charles Louis Lesaint,https://art.thewalters.org/browse/creator/charles-louis-lesaint,male,," (French, 1795-after 1843)",7721
2423,"Leslie, Charles Robert",Charles Robert Leslie,https://art.thewalters.org/browse/creator/charles-robert-leslie,male,," (English, 1794-1859)",12357|20425
7640,"Leutze, Emanuel Gottlieb",Emanuel Leutze,https://art.thewalters.org/browse/creator/emanuel-leutze,male,," (German, 1816-1868)",40001
15540,Levantine,Levantine,https://art.thewalters.org/browse/creator/levantine,,,,13913|26490|10770|22346|27843|5987|33808
6919,"Leveque, Edmond",Edmond Leveque,https://art.thewalters.org/browse/creator/edmond-leveque,,, (1814-1875),34768|15548
8550,"Lewis, Edmonia",Edmonia Lewis,https://art.thewalters.org/browse/creator/edmonia-lewis,female,"Edmonia Lewis, the first African-American sculptor to receive national recognition, was born in the village of Greenbush, near Albany, New York. Her father was Haitian, and her mother was partly Native American, of the Chippewa tribe, and partly African American. Lewis attended Oberlin College in Ohio and in 1863 moved to Boston, where she received instruction from the sculptor Edward Brackett. Two years later, she left the United States for Rome. She adopted the prevailing neoclassical style of sculpture, as seen in this nude bust, but softened it with a degree of naturalism, as reflected in the rendering of the facial features. Most sculptors relied on the local craftsmen actually to carve their works, but Lewis, sensitive to speculation that she was not responsible for her sculptures, carved them personally. She had a successful career, specializing in biblical subjects, themes recalling her Native American and African ancestry, and portrait busts. Her sculpture ""The Death of Cleopatra"" was favorably received when it was shown at the Philadelphia Centennial Exhibition in 1876."," (American, 1844-1907)",6301
1942,"Leyniers, Daniel, II",Daniel Leyniers II,https://art.thewalters.org/browse/creator/daniel-leyniers-ii,male,," (Belgian, 1669-1728)",12196
8331,"Leys, Jean August Hendrik",Jean August Hendrik Leys,https://art.thewalters.org/browse/creator/jean-august-hendrik-leys,male,," (Belgian, 1815-1869)",7985|39975
18148,"Li, Anzhong",Li Anzhong,https://art.thewalters.org/browse/creator/li-anzhong,,," (Chinese, active 12th century)",38524
2269,"Li, Cheng",Li Cheng,https://art.thewalters.org/browse/creator/li-cheng,,," (Chinese, 919-967)",17704
18003,"Li, Gonglin",Li Gonglin,https://art.thewalters.org/browse/creator/li-gonglin,,," (Chinese, 1040-1106)",468|31051|25877
17954,"Li, Shan",Li Shan,https://art.thewalters.org/browse/creator/li-shan,,,,1463
17986,"Li, Shida",Li Shida,https://art.thewalters.org/browse/creator/li-shida,male,," (Chinese, active ca. 1580-1620)",22811
18145,"Liang, Kai",Liang Kai,https://art.thewalters.org/browse/creator/liang-kai,,," (Chinese, active 13th century)",17331
6777,"Lieferinxe, Josse",Josse Lieferinxe,https://art.thewalters.org/browse/creator/josse-lieferinxe,male,," (French, active 1493-1505)",6193
3071,"Lieutaud, B.",B. Lieutaud,https://art.thewalters.org/browse/creator/b-lieutaud,,,,12839
3456,"Lievensz., Jan",Jan Lievensz.,https://art.thewalters.org/browse/creator/jan-lievensz,male,," (Dutch, 1607-1674)",30268
31474,Limbourg Brothers,Limbourg Brothers,https://art.thewalters.org/browse/creator/limbourg-brothers,,," (North Netherlandish, active 1400 - 1416)",23655
3473,"Limosin, François I",François Limosin I,https://art.thewalters.org/browse/creator/franbois-limosin-i,male,," (French, ca. late 16th century)",20359
5070,"Limosin, François III",François Limosin III,https://art.thewalters.org/browse/creator/franbois-limosin-iii,,," (French, active mid 17th century)",10277
15374,"Limosin, Jean I",Jean Limosin I,https://art.thewalters.org/browse/creator/jean-limosin-i,male,," (French, active 1597-1619)",38273|28164|31105|31749|25558|80154
17007,"Limosin, Jean II",Jean Limosin II,https://art.thewalters.org/browse/creator/jean-limosin-ii,,," (French, active ca. early 17th century)",31105|26631|17564|11704|25558|20135
6425,"Limosin, Joseph",Joseph Limosin,https://art.thewalters.org/browse/creator/joseph-limosin,male,," (French, c. 1595 - c. 1636)",21618|80108|77474
4231,"Limosin, Léonard",Léonard Limosin,https://art.thewalters.org/browse/creator/lconard-limosin,male,," (French, ca. 1505-ca. 1575)",7454|27645|38537|31139|3913|9655|11910|40627|28312|32218|341|28332|40269|22024|37949
3954,"Limosin, Léonard II",Léonard Limosin II,https://art.thewalters.org/browse/creator/lconard-limosin-ii,male,," (French, active ca. early 17th century)",23700|30396
36502,Linthorpe Art Pottery,Linthorpe Art Pottery,https://art.thewalters.org/browse/creator/linthorpe-art-pottery,,,,103646|103668
6707,"Lippi, Filippo",Filippo Lippi,https://art.thewalters.org/browse/creator/filippo-lippi,male,," (Italian, ca. 1406-1469)",22808|22808
3222,"Liu, T'ung hsun",Liu T'ung hsun,https://art.thewalters.org/browse/creator/liu-tung-hsun,,,,11060
2895,"Liu, Tu",Liu Tu,https://art.thewalters.org/browse/creator/liu-tu,,,,29548
4354,"Liubavin, Alexander Benedictovich",Alexander Benedictovich Liubavin,https://art.thewalters.org/browse/creator/alexander-benedictovich-liubavin,,,,82256
7270,"Livius, Titus",Titus Livius,https://art.thewalters.org/browse/creator/titus-livius,,," (Roman, 59 BC-AD 17)",23530
21278,"Liédet, Loyset",Loyset Liédet,https://art.thewalters.org/browse/creator/loyset-licdet,,," (Netherlandish, ca. 1420-1479)",25361|31383
8058,"Lodi, Giovanni Agostino da",Giovanni Agostino da Lodi,https://art.thewalters.org/browse/creator/giovanni-agostino-da-lodi,male,," (Italian, active ca. 1467-ca. 1524)",3229
2022,Loetz,Loetz,https://art.thewalters.org/browse/creator/loetz,,,,30138
1883,"Loire, Léon Henri Antoine",Léon Henri Antoine Loire,https://art.thewalters.org/browse/creator/lcon-henri-antoine-loire,male,," (French, 1821-1898)",24967|26258|38008|36105|14418
7163,Lombard,Lombard,https://art.thewalters.org/browse/creator/lombard,,,,28957|26330|24425|34620
7716,"Lombard, Peter",Peter Lombard,https://art.thewalters.org/browse/creator/peter-lombard,,,,23903|11515|22176|29482|21372|16949
4685,"Lombardo, Pietro",Pietro Lombardo,https://art.thewalters.org/browse/creator/pietro-lombardo,male,," (Italian,  ca. 1435-1515)",30565
2362,Lombardy,Lombardy,https://art.thewalters.org/browse/creator/lombardy,,, (Italian),14707|4272|2120|15990
18869,"London B495, Class of",Class of London B495,https://art.thewalters.org/browse/creator/class-of-london-b495,,," (Greek, 6th-5th century BC)",18553
6754,"London D 12, Painter of",Painter of London D 12,https://art.thewalters.org/browse/creator/painter-of-london-d-12,,," (Greek, active ca. 480-450 BCE)",19953
5527,"London E 342, Painter of",Painter of London E 342,https://art.thewalters.org/browse/creator/painter-of-london-e-342,,," (Greek, active ca. 475-450 BCE)",30004
3159,"London F 1, Painter of",Painter of London F 1,https://art.thewalters.org/browse/creator/painter-of-london-f-1,,," (Greek, active ca. 400-366 BCE)",306
3784,"Long, Robert Cary Jr.","Robert Cary Long, Jr.",https://art.thewalters.org/browse/creator/robert-cary-long-jr,,," (American, ca. 1810-1849)",21198|17267
5338,"Longhi, Barbara",Barbara Longhi,https://art.thewalters.org/browse/creator/barbara-longhi,female,," (Italian, 1552-ca. 1638)",11457
6208,"Longhi, Pietro",Pietro Longhi,https://art.thewalters.org/browse/creator/pietro-longhi,male,," (Italian, ca. 1701-1785)",24621|8243
18200,"Lonsdale, James",James Lonsdale,https://art.thewalters.org/browse/creator/james-lonsdale,male,," (English, 1777-1839)",7907
7092,"Loo, Carle van",Carle van Loo,https://art.thewalters.org/browse/creator/carle-van-loo,male,," (French, 1705-1765)",26408|24490
6854,"Lorenzetti, Pietro",Pietro Lorenzetti,https://art.thewalters.org/browse/creator/pietro-lorenzetti,male,," (Italian, active by 1306-ca. 1348)",6422
2606,"Lotto, Lorenzo",Lorenzo Lotto,https://art.thewalters.org/browse/creator/lorenzo-lotto,male,," (Italian, ca. 1480-1556)",4837
15466,"Lou, Guillaume",Guillaume Lou,https://art.thewalters.org/browse/creator/guillaume-lou,,, (French),14103
2589,Louis-Philippe,Louis-Philippe,https://art.thewalters.org/browse/creator/louis-philippe,,," (French, King of France 1830-1848)",5585|29167|4528|24027|13533|21590|37419
31562,"Louÿs, Pierre",Pierre Louÿs,https://art.thewalters.org/browse/creator/pierre-louos,,," (French, 1870 - 1925)",87901
31771,"Lu, Yingxiang",Lu Yingxiang,https://art.thewalters.org/browse/creator/lu-yingxiang,,," (Chinese, active 19th century)",78026
17481,"Lubin, Edward R.",Edward R. Lubin,https://art.thewalters.org/browse/creator/edward-r-lubin,,,,15513
3843,Luca Antonio Buscatti,Luca Antonio Buscatti,https://art.thewalters.org/browse/creator/master-of-the-incredulity-of-saint-thomas,,," (Italian, documented 1514 - 1516)",26947
7984,"Lucas y Padilla, Eugenio the elder",Eugenio Lucas y Padilla,https://art.thewalters.org/browse/creator/eugenio-lucas-y-padilla,male,," (Spanish, 1817-1870)",4185
16330,"Luce, Jean",Jean Luce,https://art.thewalters.org/browse/creator/jean-luce,,," (French, 1895 - 1964)",32000
5011,"Lucenti, Ambrogio",Ambrogio Lucenti,https://art.thewalters.org/browse/creator/ambrogio-lucenti,male,," (Italian, died 1656)",4826
8417,Lucretius,Lucretius,https://art.thewalters.org/browse/creator/lucretius,,,,11296
15546,Lugal-dugedu,Lugal-dugedu,https://art.thewalters.org/browse/creator/lugal-dugedu,,,,38073
34652,"Lugo, Roberto",Roberto Lugo,https://art.thewalters.org/browse/creator/roberto-lugo,,,,100552|100561|100563|100720|100721|100722|100723|100724|100796
2233,"Luini, Bernardino",Bernardino Luini,https://art.thewalters.org/browse/creator/bernardino-luini,male,," (Italian, ca. 1480-ca. 1532)",8453|37520
31598,Lukas of Cyprus,Lukas of Cyprus,https://art.thewalters.org/browse/creator/lukas-of-cyprus,,,,39452|18700|17176|6165|36163|36879|6065|20461|38306|11082|38221|14408|35157|25210|37721|21587|15069|35454|17324|8607|25253|6486|22739|17691|7852|16735|28677|32984|11951|31404|7736|30242|17754|31742|8262|30639|20256|34729|10374|14671|38154|5106|17777|13397|20822|11356|10713|6247|19619|40035|35147|20122|22178|27494|32447|31013|29137|29535|37871|3049|39558|25206|87620|87621|87622|79089|79090
5539,"Luther, Martin",Martin Luther,https://art.thewalters.org/browse/creator/martin-luther,,,,29855|84567|84733
5040,"Lutma, Janus the elder",Janus Lutma the elder,https://art.thewalters.org/browse/creator/janus-lutma-the-elder,male,," (Dutch, 1584-1669)",13233
6323,"Lutzelburger, Hans",Hans Lützelburger,https://art.thewalters.org/browse/creator/hans-ltzelburger,,," (German, died before 1526)",3217
36431,"Luyckx, Carstian",Carstian Luyckx,https://art.thewalters.org/browse/creator/carstian-luyckx,,," (Flemish, 1623 - ca. 1653)",16995
2127,Lysippides-Andokides Group,Lysippides-Andokides Group,https://art.thewalters.org/browse/creator/lysippides-andokides-group,,," (Greek, active ca. 520 BC)",38985
15393,Lysippos,Lysippos,https://art.thewalters.org/browse/creator/lysippos,male,," (Greek, active ca.370-ca. 300 BC)",19489|15138|20681
33137,Léon Carré,Léon Carré,https://art.thewalters.org/browse/creator/lcon-carrc,,,,87700
8194,"Léonard, Agathon",Agathon Léonard,https://art.thewalters.org/browse/creator/agathon-lconard,male,," (French, 1841-1923)",27666|40277
6251,"Lépine, Stanislas",Stanislas Lépine,https://art.thewalters.org/browse/creator/stanislas-lcpine,male,," (French, 1835-1892)",30282|29890
15469,"M., J. T.",J. T. M.,https://art.thewalters.org/browse/creator/j-t-m,,,,36596
34802,MATILDA CHARSLEY,Matilda Charsley,https://art.thewalters.org/browse/creator/matilda-charsley,,,,101107
31367,"MOLINA, ALONSO DE",Alonso de Molina,https://art.thewalters.org/browse/creator/alonso-de-molina,,,,87291
17945,"Ma, Yuan",Ma Yuan,https://art.thewalters.org/browse/creator/ma-yuan,,," (Chinese, 1160/1165-1225)",40147|28979
36503,"MacDowell, Patrick",Patrick MacDowell,https://art.thewalters.org/browse/creator/patrick-macdowell,,," (Irish, 1799 - 1970)",103649
5489,"MacKillop, William",William MacKillop,https://art.thewalters.org/browse/creator/william-mackillop,,," (American, 1878 - 1937)",6913
3775,"MacKubin, Florence",Florence MacKubin,https://art.thewalters.org/browse/creator/florence-mackubin,female,," (American, 1861-1918)",6802
4481,Macdonald,Macdonald,https://art.thewalters.org/browse/creator/macdonald,,,,80021
7555,"Macrobius, Ambrosius Aurelius Theodosius",Ambrosius Aurelius Theodosius Macrobius,https://art.thewalters.org/browse/creator/ambrosius-aurelius-theodosius-macrobius,male,, (active ca. 395–423),28877|12612|31388|30877|20339|23820|31534|10764|90819|92596|92597|92598|92599|92600
4001,"Maderna, Stefano",Stefano Maderno,https://art.thewalters.org/browse/creator/stefano-maderno,male,," (Italian, 1576-1636)",11368
5127,"Madou, Jean Baptiste",Jean Baptiste Madou,https://art.thewalters.org/browse/creator/jean-baptiste-madou,male,," (Belgian, 1796-1877)",33428
6403,"Madrazo y Garreta, Raimundo de",Raimundo de Madrazo y Garreta,https://art.thewalters.org/browse/creator/raimundo-de-madrazo-y-garreta,male,," (Spanish, 1841-1920)",5667
33658,"Maes, Nicolaes",Nicolaes Maes,https://art.thewalters.org/browse/creator/nicolaes-maes,,," (Dutch, 1634 - 1693)",38291
6812,"Magee, John L.",John L. Magee,https://art.thewalters.org/browse/creator/john-l-magee,,,,37678
35146,"Magnus, Olaus",Olaus Magnus,https://art.thewalters.org/browse/creator/olaus-magnus,,," (Swedish, 1490 - 1557)",102095
35140,"Mahmud I, Sultan",Sultan Mahmud I,https://art.thewalters.org/browse/creator/sultan-mahmud-i,,," (Turkish, 1696 - 1754)",22655
6746,"Mahmud, Qanbar ibn",Qanbar ibn Mahmud,https://art.thewalters.org/browse/creator/qanbar-ibn-mahmud,,, (Iranian),24342
19361,"Mahmud, Shah",Shah Mahmud,https://art.thewalters.org/browse/creator/shah-mahmud,,,,36069
5874,"Maindron, Etienne Hippolyte",Etienne Hippolyte Maindron,https://art.thewalters.org/browse/creator/etienne-hippolyte-maindron,male,," (French, 1801-1884)",22762
8347,"Majorana, Cristoforo",Cristoforo Majorana,https://art.thewalters.org/browse/creator/cristoforo-majorana,male,," (Italian, active ca. 1480-1494)",37299|36048|9208|21330|35012|32501|31081|38623|33314|40703|7524|16775|15242|1508|3559|19692|22770|19719|32499|15275|3344|39227|77292
4543,"Majorelle, Louis",Louis Majorelle,https://art.thewalters.org/browse/creator/louis-majorelle,male,," (French, 1859-1926)",1629
6011,"Makeig-Jones, Daisy",Daisy Makeig-Jones,https://art.thewalters.org/browse/creator/daisy-makeig-jones,female,," (English, 1881-1945)",2659
5945,"Makino, Haruchika",Makino Haruchika,https://art.thewalters.org/browse/creator/makino-haruchika,male,," (Japanese, ca. 1850)",9410|79654
6129,"Makino, Haruchika",Makino Haruchika,https://art.thewalters.org/browse/creator/makino-haruchika2,male,," (Japanese, active mid 19th century)",11072
35181,"Makonnen, Tsedaye",Tsedaye Makonnen,https://art.thewalters.org/browse/creator/tsedaye-makonnen,,,,103475|103476
18991,"Makovskii, Konstantin",Konstantin Makovskii,https://art.thewalters.org/browse/creator/konstantin-makovskii,male,," (Russian, 1839-1915)",82274|82285
3802,"Malbone, Edward Greene",Edward Greene Malbone,https://art.thewalters.org/browse/creator/edward-greene-malbone,male,," (American, 1777-1807)",30793|34458|25150|169
7853,"Malborch, Johannes de",Johannes de Malborch,https://art.thewalters.org/browse/creator/johannes-de-malborch,,,,31207|88856|37216|35821|14290|3970|19155|40766|5266|35186|24623|1445|21935|23038|19312|6314|19901|15552|9308
2530,"Malombra, Pietro",Pietro Malombra,https://art.thewalters.org/browse/creator/pietro-malombra,male,," (Italian, 1556-1618)",36328
6384,"Manara, Baldassare",Baldassare Manara,https://art.thewalters.org/browse/creator/baldassare-manara,male,," (Italian, active ca. 1526-1547)",36602
3019,"Mancini, Giacomo",Giacomo Mancini,https://art.thewalters.org/browse/creator/giacomo-mancini,male,," (Italian, active ca. 1540-1560)",14434
8111,"Manet, Edouard",Edouard Manet,https://art.thewalters.org/browse/creator/edouard-manet,male,," (French, 1832-1883)",16473
8169,"Manley, Henry",Henry Manley,https://art.thewalters.org/browse/creator/henry-manley,,,,10072
8305,"Mansel, Mansel",Jean Mansel,https://art.thewalters.org/browse/creator/jean-mansel,,,,914
4512,"Mansson, Théodore Henri",Théodore Henri Mansson,https://art.thewalters.org/browse/creator/thcodore-henri-mansson,male,," (French, 1811-1850)",12110|2746
16707,"Mansur, `Uthman ibn",`Uthman ibn Mansur,https://art.thewalters.org/browse/creator/uthman-ibn-mansur,,,,2150|79979|79980|79981|82743
8555,Manteño,Manteño,https://art.thewalters.org/browse/creator/manteo,,,,80334
36569,Manuel Mafra Factory,Manuel Mafra Factory,https://art.thewalters.org/browse/creator/manuel-mafra-factory,,," (Portuguese, 1854 - 1890)",103664
4748,Manuhar,Manuhar,https://art.thewalters.org/browse/creator/manuhar,,,,7538|31354|25935|88789
4910,"Manutius, Aldus",Aldus Manutius,https://art.thewalters.org/browse/creator/aldus-manutius,,," (Italian, 1449-1515)",8472|11599|19029|4845|122
4527,"Manuzio, Paulo",Paulo Manuzio,https://art.thewalters.org/browse/creator/paulo-manuzio,,,,19029
14989,Manya Sonbei,Manya Sonbei,https://art.thewalters.org/browse/creator/manya-sonbei,,,,33675|6167
4491,"Manzini, Andrea di Giusto",Andrea di Giusto Manzini,https://art.thewalters.org/browse/creator/andrea-di-giusto-manzini,male,," (Italian, active 1424-1455)",21512
31766,"Mao, Xiangling",Mao Xiangling,https://art.thewalters.org/browse/creator/mao-xiangling,,, (active 19th century),78021
18150,"Mao, Yi",Mao Yi,https://art.thewalters.org/browse/creator/mao-yi,,," (Chinese, active 12th century)",36598
17646,"Maratti, Carlo",Carlo Maratti,https://art.thewalters.org/browse/creator/carlo-maratti,male,," (Italian, 1625-1713)",34691
6012,"Marc, Jean Auguste",Jean Auguste Marc,https://art.thewalters.org/browse/creator/jean-auguste-marc,male,," (French, 1818-1886)",23866
4937,"Marchant, Edward Dalton",Edward Dalton Marchant,https://art.thewalters.org/browse/creator/edward-dalton-marchant,,," (American, 1806-1887)",26513
6288,"Marchant, Nathaniel",Nathaniel Marchant,https://art.thewalters.org/browse/creator/nathaniel-marchant,male,," (English, 1739-1816)",18029|2242
6625,"Marchesi, Girolamo",Girolamo Marchesi,https://art.thewalters.org/browse/creator/girolamo-marchesi,male,," (Italian, 1471 (?) 1481 (?)-1540 (?) 1550 (?))",8257
34857,Marchigian,Marchigian,https://art.thewalters.org/browse/creator/marchigian,,, (Italian),18060
4689,"Marcke de Lummen, Emile van",Emile van Marcke de Lummen,https://art.thewalters.org/browse/creator/emile-van-marcke-de-lummen,male,," (French, 1827-1890)",31764|29389|11513
20999,"Marcolini, Francesco",Francesco Marcolini,https://art.thewalters.org/browse/creator/francesco-marcolini,,, (ca. 1500-ca. 1559),79126|85335
16055,Marcus & Co.,Marcus & Co.,https://art.thewalters.org/browse/creator/marcus--co,,,,77169
5454,"Maricot, Jeanne Alexandre",Jeanne Alexandre Maricot,https://art.thewalters.org/browse/creator/jeanne-alexandre-maricot,male,," (French, 1789-1848)",18792
31364,"Mariette, Pierre-Jean",Pierre-Jean Mariette,https://art.thewalters.org/browse/creator/pierre-jean-mariette,,," (French, 1694 - 1774)",95425|95426
2924,"Maril, Herman",Herman Maril,https://art.thewalters.org/browse/creator/herman-maril,male,," (American, 1908-1986)",36177|79201
5112,"Marilhat, Prosper",Prosper Marilhat,https://art.thewalters.org/browse/creator/prosper-marilhat,male,," (French, 1811-1847)",3111
6456,"Marin, Joseph-Charles",Joseph-Charles Marin,https://art.thewalters.org/browse/creator/joseph-charles-marin,male,," (French, 1759-1834)",29789
2465,"Maris, Jacobus Hendricus",Jacobus Hendricus Maris,https://art.thewalters.org/browse/creator/jacobus-hendricus-maris,male,," (Dutch, 1837-1899)",33452
4112,"Markham, Marwick",Marwick Markham,https://art.thewalters.org/browse/creator/marwick-markham,,,,28861
31593,"Marmion, Simon",Simon Marmion,https://art.thewalters.org/browse/creator/simon-marmion,,," (French, ca. 1425-1489)",38246
7576,"Marmitta, Francesco",Francesco Marmitta,https://art.thewalters.org/browse/creator/francesco-marmitta,male,," (Italian, born ca. 1460)",16832|406|3188|38196|22000|37324|14155|34703
6058,"Marochetti, Carlo Baron",Baron Carlo Marochetti,https://art.thewalters.org/browse/creator/baron-carlo-marochetti,male,," (French, 1805-1867)",28003
5721,"Marohn, Ferdinand",Ferdinand Marohn,https://art.thewalters.org/browse/creator/ferdinand-marohn,,,,1956|2515
5370,"Marqueste, Laurent-Honoré",Laurent-Honoré Marqueste,https://art.thewalters.org/browse/creator/laurent-honorc-marqueste,male,," (French, 1848-1920)",1587
31640,"Marshak, Joseph Abramovich",Joseph Abramovich Marshak,https://art.thewalters.org/browse/creator/joseph-abramovich-marshak,,,,82309|82301|82277
34813,"Marshall, Mark Valsler",Mark Valsler Marshall,https://art.thewalters.org/browse/creator/mark-villers-marshall-1843-1912,,," (English, 1842 - 1912)",101183
4942,"Marsigli, Carlo",Carlo Marsigli,https://art.thewalters.org/browse/creator/carlo-marsigli,,," (Italian, active 1773-1778)",4731
4807,Marson,Marson,https://art.thewalters.org/browse/creator/marson,,,,19505
16819,"Marsy, Gaspard II",Gaspard Marsy II,https://art.thewalters.org/browse/creator/gaspard-marsy-ii,male,," (French, 1624-1681)",29625
3991,"Marteau, François Joseph",François Joseph Marteau,https://art.thewalters.org/browse/creator/franbois-joseph-marteau,,," (French, active 1720-1759)",1945
2358,"Marti, Francesco",Francesco Marti,https://art.thewalters.org/browse/creator/francesco-marti,male,," (Italian, active 1479-1521)",18918
7103,Martial,Martial,https://art.thewalters.org/browse/creator/martial,male,," (Roman, 40-104)",21116
15155,"Martin, Archbishop of Braga","Martin, Archbishop of Braga",https://art.thewalters.org/browse/creator/martin-archbishop-of-braga,,,,16027
15441,"Martin, David",David Martin,https://art.thewalters.org/browse/creator/david-martin,male,," (Scottish, 1737-1798)",37734
8232,"Martineau, Joseph the elder",Joseph Martineau the elder,https://art.thewalters.org/browse/creator/joseph-martineau-the-elder,,,,29940
7159,"Martini, Francesco di Giorgio",Francesco di Giorgio Martini,https://art.thewalters.org/browse/creator/francesco-di-giorgio-martini,male,," (Italian, 1439-1501)",18685
16395,"Marukawa, Hiroyoshi",Marukawa Hiroyoshi,https://art.thewalters.org/browse/creator/marukawa-hiroyoshi,male,," (Japanese, active ca. 1841)",11387|40636
14991,Maruya Jimpachi,Maruya Jimpachi,https://art.thewalters.org/browse/creator/maruya-jimpachi,,,,27880|39175|39812|97038|97039
14993,Maruya Jinpachi (Enjudo),Maruya Jinpachi (Enjudo),https://art.thewalters.org/browse/creator/maruya-jinpachi-enjudo,,,,35083
31602,"Maryam, Takla",Täklä Maryam,https://art.thewalters.org/browse/creator/tkl-maryam,,,,22752|87630|6811|21324|87631|87629
2343,Masaharu,Masaharu,https://art.thewalters.org/browse/creator/masaharu,male,," (Japanese, active 1st half 19th century)",36729|26691|14300
3212,"Masahide, Kawabe, II",Kawabe Masahide II,https://art.thewalters.org/browse/creator/kawabe-masahide-ii,male,," (Japanese, 1750-1825)",25108
2029,Masahiro,Masahiro,https://art.thewalters.org/browse/creator/masahiro,male,," (Japanese, Japanese)",21770
5836,"Masahiro, Fujiwara",Fujiwara Masahiro,https://art.thewalters.org/browse/creator/fujiwara-masahiro,male,," (Japanese, Japanese)",32066
6661,"Masakatsu, Chomonken",Chomonken Masakatsu,https://art.thewalters.org/browse/creator/chomonken-masakatsu,male,, (Japanese),31698
3308,Masakazu,Masakazu,https://art.thewalters.org/browse/creator/masakazu,male,," (Japanese, active ca. mid 19th century)",6126
5096,"Masaki, Sozaburo",Masaki Sozaburo,https://art.thewalters.org/browse/creator/masaki-sozaburo,male,," (Japanese, active 1st half 19th century)",32375
6087,Masakuni,Masakuni,https://art.thewalters.org/browse/creator/masakuni,male,, (Japanese),24698|14329
6043,"Masamitsu, Shomosai",Shomosai Masamitsu,https://art.thewalters.org/browse/creator/shomosai-masamitsu,male,, (Japanese),9006|34739
4472,Masanaga,Masanaga,https://art.thewalters.org/browse/creator/masanaga,male,, (Japanese),23990
6148,Masanaga (a),Masanaga (a),https://art.thewalters.org/browse/creator/masanaga-a,male,, (Japanese),31301
5102,Masanao,Masanao,https://art.thewalters.org/browse/creator/masanao,male,, (Japanese),13711|18259
5802,Masanobu,Masanobu,https://art.thewalters.org/browse/creator/masanobu,male,," (Japanese, 1686-1764)",28349|24374
3074,Masatami,Masatami,https://art.thewalters.org/browse/creator/masatami,male,," (Japanese, mid 19th century)",4118
16329,Masatoshi,Masatoshi,https://art.thewalters.org/browse/creator/masatoshi,male,, (Japanese),14713
16518,Masatoshi,Masatoshi,https://art.thewalters.org/browse/creator/masatoshi2,,," (Japanese, ca. 1800)",79589|3450|79655
5644,"Masatoshi, Miyake",Miyake Masatoshi,https://art.thewalters.org/browse/creator/miyake-masatoshi,male,," (Japanese, active 1825-1875)",38569
2346,Masatsugu,Masatsugu,https://art.thewalters.org/browse/creator/masatsugu,male,," (Japanese, Japanese)",5429
3746,Masatsune,Masatsune,https://art.thewalters.org/browse/creator/masatsune,male,," (Japanese, Japanese)",25940
6636,Masayasu,Masayasu,https://art.thewalters.org/browse/creator/masayasu,male,," (Japanese, Japanese)",30119
16629,Masayoshi,Masayoshi,https://art.thewalters.org/browse/creator/masayoshi,,," (Japanese, 19th century)",16350
3842,"Masayoshi, Suzuki",Suzuki Masayoshi,https://art.thewalters.org/browse/creator/suzuki-masayoshi,male,," (Japanese, born 1844)",15381
16860,"Mashhadi, Muhammad `Ali Naqqash",Muhammad `Ali Naqqash Mashhadi,https://art.thewalters.org/browse/creator/muhammad-ali-naqqash-mashhadi,,,,30391|80052|80053|80054|80055|80056|80057|80058|80059|80060|81144|82692|82693
15513,"Masnago, Allessandro",Allessandro Masnago,https://art.thewalters.org/browse/creator/allessandro-masnago,,," (Italian, ca. 1575-1612)",23266
6228,"Massard, Jean Marie Raphael Léopold",Jean Marie Raphael Léopold Massard,https://art.thewalters.org/browse/creator/jean-marie-raphael-lcopold-massard,male,," (French, 1812-1889)",22013
3509,"Masse, Pierre",Pierre Masse,https://art.thewalters.org/browse/creator/pierre-masse,,,,24751|25400
34653,"Massie, Herbert",Herbert Massie,https://art.thewalters.org/browse/creator/herbert-massie,,,,102773
8342,Masson-Debonnelle,Masson-Debonnelle,https://art.thewalters.org/browse/creator/masson-debonnelle,,,,31383
34560,"Massy, Madame",Madame Massy,https://art.thewalters.org/browse/creator/madame-massy,,," (French, active 1790 - 1794)",24568
15468,"Massé, Jean-Baptiste",Jean-Baptiste Massé,https://art.thewalters.org/browse/creator/jean-baptiste-massc,male,," (French, 1687-1767)",36596
16304,Master AD,Master AD,https://art.thewalters.org/browse/creator/master-ad,,, (Russian),8780
2677,Master Francois with Master Chantilly,Master Francois with Master Chantilly,https://art.thewalters.org/browse/creator/master-francois-with-master-chantilly,,,,5724
3635,Master H. S. R.,Master H. S. R.,https://art.thewalters.org/browse/creator/master-h-s-r,,,,36452
15499,Master I A K,Master I A K,https://art.thewalters.org/browse/creator/master-i-a-k,,, (German),31242
2398,Master Jean de Mauléon,Master Jean de Mauléon,https://art.thewalters.org/browse/creator/master-jean-de-maulcon,male,," (French, active ca. 1525)",11571|13014|78204|78095|78205|78206|78096|77734|78230|78374|77756|77757|78242|78253|77758|77759|77760|77761|77762
5908,Master KIP,Master KIP,https://art.thewalters.org/browse/creator/master-kip,,," (French, ca. 1537-1559)",7865|33008|11932|18950|18287|15850|32014|23400|9644
15226,Master L. M.,Master L. M.,https://art.thewalters.org/browse/creator/master-l-m,,,,32090
15462,Master R. C.,Master R. C.,https://art.thewalters.org/browse/creator/master-r-c,,," (English, active 1674-1675)",10090
16470,Master of Anne de Bretagne,Master of Anne de Bretagne,https://art.thewalters.org/browse/creator/master-of-anne-de-bretagne,,," (French, active ca. 1480-1510)",1737|36267|15918
15860,Master of Anthony of Burgundy,Master of Anthony of Burgundy,https://art.thewalters.org/browse/creator/master-of-anthony-of-burgundy,,," (Flemish, active 1460-1490)",21031
31594,Master of Antoine Rolin,Master of Antoine Rolin,https://art.thewalters.org/browse/creator/master-of-antoine-rolin,,," (Flemish, active 2nd half 15th century)",38246
5697,Master of Arguis,Master of Arguis,https://art.thewalters.org/browse/creator/master-of-arguis,,," (Spanish, active ca. 1450)",34852
34372,Master of Bolea,Master of Bolea,https://art.thewalters.org/browse/creator/master-of-bolea,,," (Spanish, active ca. 1499-1515)",32480
7230,Master of Catherine of Cleves,Master of Catherine of Cleves,https://art.thewalters.org/browse/creator/master-of-catherine-of-cleves,,," (Netherlandish, ca. 1435-1460)",8054|4017|40605|26189
34576,Master of Charles V,Master of Charles V,https://art.thewalters.org/browse/creator/master-of-charles-v,,," (Flemish, ca.1500 - 1520)",31305
4412,Master of Coetivy,Master of Coetivy,https://art.thewalters.org/browse/creator/master-of-coetivy,,, (1450-1460),18027|19506
34140,Master of Edward IV,Master of Edward IV,https://art.thewalters.org/browse/creator/master-of-edward-iv,,," (Flemish, active ca. 1479)",20202|81324|81321
6467,Master of Frankfurt,Master of Frankfurt,https://art.thewalters.org/browse/creator/master-of-frankfurt,male,," (South Netherlandish, 1460-ca. 1533)",35969
5622,Master of Guillebert de Mets,Master of Guillebert de Mets,https://art.thewalters.org/browse/creator/master-of-guillebert-de-mets,,," (Flemish, active 1415-1460)",31025|78474|81318|78081|78080|38593
8667,Master of Isabella di Chiaromonte,Master of Isabella di Chiaromonte,https://art.thewalters.org/browse/creator/master-of-isabella-di-chiaromonte,,, (1455-1469),15876|25319|2001|20206|13839|23552|3108|35855|21542|24796|27927|4701|16822|77289
7245,Master of Jean Rolin II,Master of Jean Rolin II,https://art.thewalters.org/browse/creator/master-of-jean-rolin-ii,,,,19300
6530,Master of Monte Oliveto,Master of Monte Oliveto,https://art.thewalters.org/browse/creator/master-of-monte-oliveto,male,," (Italian, active ca. 1305-ca. 1330)",30727
2388,Master of Pozuelo,Master of Pozuelo,https://art.thewalters.org/browse/creator/master-of-pozuelo,,," (Spanish, active ca. 1522-ca. 1543)",32480
2621,Master of Saint Verdiana,Master of Saint Verdiana,https://art.thewalters.org/browse/creator/master-of-saint-verdiana,,," (Italian, active ca. 1380-ca. 1420)",37741
7854,Master of Walters 185,Master of Walters 185,https://art.thewalters.org/browse/creator/master-of-walters-185,,,,31207|37216|35821|14290|3970|19155|40766|5266|35186|24623|1445|23038|6314|15552|21935|19312|19901|9308|88856
8346,Master of Walters 323,Master of Walters 323,https://art.thewalters.org/browse/creator/master-of-walters-323,,,,33418|3462|3542|25437|5998|24196|39267|23846|1268|36348|15790|24529|4992|29397|6302|22584|6498|35040
7231,Master of Zweder van Culemborg,Master of Zweder van Culemborg,https://art.thewalters.org/browse/creator/master-of-zweder-van-culemborg,,,,8054|3915|3465|24986|27045|13091|17676|17851|33110|18722|40089|7207|11940|20067|20939|611|25215|2851|88533|24448|88621|88622|88623|88624|88625|88626|88627|88628|88635|88629|88630|88631|88632|88633
3932,Master of the Aeneid Legend,Master of the Aeneid Legend,https://art.thewalters.org/browse/creator/master-of-the-aeneid-legend,male,," (French, active 1530)",30151|29249|14179|15337|40667|31131|38058
2460,Master of the Agrafe Forgeries,Master of the Agrafe Forgeries,https://art.thewalters.org/browse/creator/master-of-the-agrafe-forgeries,,,,3041|21594
15211,Master of the Animal Head Vines,Master of the Animal Head Vines,https://art.thewalters.org/browse/creator/master-of-the-animal-head-vines,male,," (Bohemian, active 16th century)",77417
6515,Master of the Apollo and Daphne Legend,Master of the Apollo and Daphne Legend,https://art.thewalters.org/browse/creator/master-of-the-apollo-and-daphne-legend,,," (Italian, active ca. 1480-1510)",4865|16375|8530
6704,Master of the Arcetri Altarpiece,Master of the Arcetri Altarpiece,https://art.thewalters.org/browse/creator/master-of-the-arcetri-altarpiece,male,," (Italian, active 3rd quarter of the 15th century)",15132
34149,Master of the Beady Eyes,Master of the Beady Eyes,https://art.thewalters.org/browse/creator/master-of-the-beady-eyes,,, (Flemish),27297
2903,Master of the Bearded Men Forgeries,Master of the Bearded Men Forgeries,https://art.thewalters.org/browse/creator/master-of-the-bearded-men-forgeries,,,,36382
34250,Master of the Black Prayerbook,Master of the Black Prayerbook,https://art.thewalters.org/browse/creator/master-of-the-black-prayerbook,,,,24127|10715
4817,Master of the Boucicaut Hours,Master of the Boucicaut Hours,https://art.thewalters.org/browse/creator/master-of-the-boucicaut-hours,male,," (French, active ca. 1390-1430)",22818
15615,Master of the Brussels Initial,Master of the Brussels Initial,https://art.thewalters.org/browse/creator/master-of-the-brussels-initial,,,,40875
34364,Master of the Burgundian Prelates,Master of the Burgundian Prelates,https://art.thewalters.org/browse/creator/master-of-the-burgundian-prelates,,," (French, active ca. 1470 - 1490)",215
3647,Master of the Castello Nativity,Master of the Castello Nativity,https://art.thewalters.org/browse/creator/master-of-the-castello-nativity,male,," (Italian, active 2nd half 15th century)",19669|13046
15204,Master of the Castles,Master of the Castles,https://art.thewalters.org/browse/creator/master-of-the-castles,,, (German),6015
2693,Master of the Dark Eyes,Master of the Dark Eyes,https://art.thewalters.org/browse/creator/master-of-the-dark-eyes,,, (active ca. 1494-1514),39283
34731,Master of the Fiesole Epiphany,Master of the Fiesole Epiphany,https://art.thewalters.org/browse/creator/master-of-the-fiesole-epiphany,,," (Italian, active 1475 - 1500)",34680
15385,Master of the Furies,Master of the Furies,https://art.thewalters.org/browse/creator/master-of-the-furies,,, (south German or Austrian),17346|27590
7136,Master of the Geneva Latini,Master of the Geneva Latini,https://art.thewalters.org/browse/creator/master-of-the-geneva-latini,,," (French, French)",16127
34861,Master of the Greenville Tondo,Master of the Greenville Tondo,https://art.thewalters.org/browse/creator/master-of-the-greenville-tondo,,," (Italian, active 1480 - 1520)",30991
6325,Master of the Harvard Hannibal,Master of the Harvard Hannibal,https://art.thewalters.org/browse/creator/master-of-the-harvard-hannibal,,," (French, active ca. 1410-1430)",15371|13507|14202
8528,Master of the Harvard Hannibal and Associates,Master of the Harvard Hannibal and Associates,https://art.thewalters.org/browse/creator/master-of-the-harvard-hannibal-and-associates,,,,30249
5135,Master of the Joseph Sequence,Master of the Joseph Sequence,https://art.thewalters.org/browse/creator/master-of-the-joseph-sequence,,," (South Netherlandish, active ca. 1495-1500)",1564|25493
2498,Master of the Kremsmünster Diptych,Master of the Kremsmünster Diptych,https://art.thewalters.org/browse/creator/master-of-the-kremsmnster-diptych,,,,29848|101335|101336
6745,Master of the Large Foreheads,Master of the Large Foreheads,https://art.thewalters.org/browse/creator/master-of-the-large-foreheads,,," (French, 16th century)",24461|18646
3853,Master of the Liverpool Madonna,Master of the Liverpool Madonna,https://art.thewalters.org/browse/creator/master-of-the-liverpool-madonna,male,," (Italian, active 15th and early 16th century)",19835
2024,Master of the Louis XII Triptych,Master of the Louis XII Triptych,https://art.thewalters.org/browse/creator/master-of-the-louis-xii-triptych,,," (French, active late 15th-16th century)",21769|11452|8249|38390|5771
18715,Master of the Magdalen Legend,Master of the Magdalen Legend,https://art.thewalters.org/browse/creator/master-of-the-magdalen-legend,,," (Flemish, active ca. 1483-ca. 1530)",35645
5726,Master of the Mansi Magdalen,Master of the Mansi Magdalen,https://art.thewalters.org/browse/creator/master-of-the-mansi-magdalen,male,," (Netherlandish, active 1510-1525)",238
3095,Master of the Mars and Venus Plaque,Master of the Mars and Venus Plaque,https://art.thewalters.org/browse/creator/master-of-the-mars-and-venus-plaque,,, (French),32963|39193|5112|25114|23114
7693,Master of the Maximilian Schoolbooks,Master of the Maximilian Schoolbooks,https://art.thewalters.org/browse/creator/master-of-the-maximilian-schoolbooks,,, (active ca. 1445-1475),20952|16026|27118|21228
5660,Master of the Munich Golden Legend,Master of the Munich Golden Legend,https://art.thewalters.org/browse/creator/master-of-the-munich-golden-legend,,," (French, active ca. 1430-1440)",780|31545|25205
7281,Master of the Older Prayerbook of Maximilian I,Master of the Older Prayerbook of Maximilian I,https://art.thewalters.org/browse/creator/master-of-the-older-prayerbook-of-maximilian-i,,," (South Netherlandish, active ca. 1480-1515)",3104
2057,Master of the Orléans Triptych,Master of the Orléans Triptych,https://art.thewalters.org/browse/creator/master-of-the-orlcans-triptych,male,," (French, active late 15th-early 16th century)",36140|14513|26044|16114|15158
2801,Master of the Pala Sforzesca,Master of the Pala Sforzesca,https://art.thewalters.org/browse/creator/master-of-the-pala-sforzesca,,," (Italian, active 1480 - 1500)",25228
5680,Master of the Panzano Triptych,Master of the Panzano Triptych,https://art.thewalters.org/browse/creator/master-of-the-panzano-triptych,,," (Italian, active 14th century)",8187|16766
4546,Master of the Passion,Master of the Passion,https://art.thewalters.org/browse/creator/master-of-the-passion,male,," (French, active ca. 1530-1535)",36045
34168,Master of the Prayerbooks of ca. 1500,Master of the Prayerbooks of ca. 1500,https://art.thewalters.org/browse/creator/master-of-the-prayerbooks-of-ca-1500,,," (South Netherlandish, active ca. 1500)",8276|6000
34213,Master of the Privileges of Ghent and Flanders,Master of the Privileges of Ghent and Flanders,https://art.thewalters.org/browse/creator/master-of-the-privileges-of-ghent-and-flanders,,," (Netherlandish, active ca. 1440 - 1460)",7099|33924
2040,Master of the Ranghiasci Polyptych,Master of the Ranghiasci Polyptych,https://art.thewalters.org/browse/creator/maestro-di-polittico-di-ranghiasci,,," (Italian, active 2nd quarter of the 15th century)",10141|32479
7289,Master of the Revelations of Saint Bridget of Siena,Master of the Revelations of Saint Bridget of Siena,https://art.thewalters.org/browse/creator/master-of-the-revelations-of-saint-bridget-of-siena,,,,17553|9603|90565
5164,Master of the Rimini Crucifixion,Master of the Rimini Crucifixion,https://art.thewalters.org/browse/creator/master-of-the-rimini-crucifixion,,," (Flemish (?), active 15th century)",3621
5091,Master of the Straus Madonna,Master of the Straus Madonna,https://art.thewalters.org/browse/creator/master-of-the-straus-madonna,,," (Italian, active late 14th-early 15th century)",34105
5924,Master of the Virgo inter Virgines,Master of the Virgo inter Virgines,https://art.thewalters.org/browse/creator/master-of-the-virgo-inter-virgines,,," (North Netherlandish, active ca. 1483-1498)",12388|33395
4650,Master of the Vitae Imperatorum,Master of the Vitae Imperatorum,https://art.thewalters.org/browse/creator/master-of-the-vitae-imperatorum,,," (Italian, active 1431-1459)",13390|40016|29250|10909|38763|3291|18434|39784|10815|30952|26048|13889|38245|2578|31796|21731|28006|28863|7905|36237|32751|3045|23405|28603|12941|41|34243|26031|29145|10349|39962|10153|13457|35813|33093|22381|36487|32413|23024|4337|28239|17540|10093|27419|11598|14032|26952|33280|4769|16786|6767|23111|3857|20446|2114|28260|24445|39539|9109|28109|11804|5277|40354|8023|22660|30326|24958|10218|4069|30352|39340|20047|11985|17853|19337|12664|31114|24730
2240,"Master, Argonaut",Argonaut Master,https://art.thewalters.org/browse/creator/argonaut-master,,," (Italian, active 1450 - 1475)",31902
6378,"Master, Bedford",Bedford Master,https://art.thewalters.org/browse/creator/bedford-master,,, (fl. 1405-1465),9905|17377|21163
6320,"Master, Boucicaut",Boucicaut Master,https://art.thewalters.org/browse/creator/boucicaut-master,male,," (French, active ca. 1390-1430)",24754|79060|22818
16769,"Master, Cartagena",Cartagena Master,https://art.thewalters.org/browse/creator/cartagena-master,,,,29348
16474,"Master, Gotha",Gotha Master,https://art.thewalters.org/browse/creator/gotha-master,,,,25539
15199,"Master, Goulandris",Goulandris Master,https://art.thewalters.org/browse/creator/goulandris-master,,," (Greek, active ca. 2500-2400 BC)",31097
8321,"Master, Hungarian",Hungarian Master,https://art.thewalters.org/browse/creator/hungarian-master,,,,11729
8656,"Master, Kokkinobaphos",Kokkinobaphos Master,https://art.thewalters.org/browse/creator/kokkinobaphos-master,,,,27347|26399
7798,"Master, Luçon",Luçon Master,https://art.thewalters.org/browse/creator/lubon-master,,," (French, active ca. 1390-1417)",15455|24738|18640|12982
5291,"Master, Monvaerni",Monvaerni Master,https://art.thewalters.org/browse/creator/monvaerni-master,,," (French, late 15th century)",37175|31743
4739,Masters of the Delft Grisailles,Masters of the Delft Grisailles,https://art.thewalters.org/browse/creator/masters-of-the-delft-grisailles,,,,40216|22513|13112|37469|19022|573|40402|27477|12497|28811|11233|6487|33578|18333|1147|27259|22887|30961|11269
31618,Masters of the Zwolle Bible,Masters of the Zwolle Bible,https://art.thewalters.org/browse/creator/masters-of-the-zwolle-bible,,,,33460|88692|88693|88694|88695|88696|88697|88698|88699|88700|88701
2502,"Masucci, Agostino",Agostino Masucci,https://art.thewalters.org/browse/creator/agostino-masucci,male,," (Italian, 1691-1758)",12165|24442
18947,"Maswari, Sulayman",Sulayman Maswari,https://art.thewalters.org/browse/creator/sulayman-maswari,,," (Yemeni, active ca. 1762)",80931
14996,Matsuke Heikichi,Matsuke Heikichi,https://art.thewalters.org/browse/creator/matsuke-heikichi,,, (Japanese),24740|1876|18557|7592|40651|39418|22185|27511|2390|24498|39799|11518|32570|1530|21136|1885|12734|28752|11966|8904|918|34948|18458|6995|40258|35605|11108|26750|28284|1471|32622|23818|25306|6993|24945|25003|16335|40119|31915|34553|36559|25743|25109|30746|21396|5815|25394|32799|5155|2018|11746|6756|2020|10163|2421|30676|8354|29448|20295|4433|35824|16058|27179|4814|39065|20598|34966|1740|10288|79698|79699|79700|79701|79702|79703
7128,"Matsumoto, Kotaro",Kotaro Matsumoto,https://art.thewalters.org/browse/creator/kotaro-matsumoto,,,,29505
15000,Matsumura Yahei (1791-1810),Matsumura Yahei (1791-1810),https://art.thewalters.org/browse/creator/matsumura-yahei-1791-1810,,,,24763
15522,Matsushige,Matsushige,https://art.thewalters.org/browse/creator/matsushige,,, (Japanese),38067
2200,"Matteo, Michele di",Michele di Matteo,https://art.thewalters.org/browse/creator/michele-di-matteo,male,," (Italian, active 1416-1469)",17745|19262
32203,"Matthews, William",William Matthews,https://art.thewalters.org/browse/creator/william-matthews,,, (1942 - 1997),89840
3989,"Matthias, Joh.",Joh. Matthias,https://art.thewalters.org/browse/creator/joh-matthias,,,,21711
20911,"Matthieu, Pierre",Pierre Matthieu,https://art.thewalters.org/browse/creator/pierre-matthieu,,,,85346
5976,"Mattioli, Pietro Andrea",Pietro Andrea Mattioli,https://art.thewalters.org/browse/creator/pietro-andrea-mattioli,,, (1500-1577),21814|82753
5765,"Mauch, Daniel",Daniel Mauch,https://art.thewalters.org/browse/creator/daniel-mauch,male,," (German, 1477-1540)",27341
3719,"Maucher, Johann Michael",Johann Michael Maucher,https://art.thewalters.org/browse/creator/johann-michael-maucher,male,," (German, 1645-1700)",16617
5488,"Mauve, Anton",Anton Mauve,https://art.thewalters.org/browse/creator/anton-mauve,male,," (Dutch, 1838-1888)",38497
2310,"Max, Gabriel",Gabriel Max,https://art.thewalters.org/browse/creator/gabriel-max,male,," (German, 1840-1915)",35058
6477,"Maximus, Valerius",Valerius Maximus,https://art.thewalters.org/browse/creator/valerius-maximus,male,," (Roman, Roman)",24620|25475|23002
4619,Maya,Maya,https://art.thewalters.org/browse/creator/maya,,,,80201|80449|80450|80161|80163|80418|80387|80419|80189|80186|80268|80388|80406|80212|80413|80452|80426|80358|80302|80511|80512|80181|80185|80191|80193|26594|3481|28061|20005|76591|78400|78401|78404|78419|78431|78397|78418|80194|80376|80332|80347|85405|85406|80348|80351|80429
2956,"Mayer, Frank Blackwell",Frank Blackwell Mayer,https://art.thewalters.org/browse/creator/frank-blackwell-mayer,male,," (American, 1827-1899)",28168|12113|26792
7122,Maynard,Maynard,https://art.thewalters.org/browse/creator/maynard,,,,34481
5041,"Mazziere, Agnolo di Domenico del",Agnolo di Domenico del Mazziere,https://art.thewalters.org/browse/creator/master-of-s-spirito,male,," (Italian, 1466 - 1513)",33090|2518
6272,"Mazzola, Filippo",Filippo Mazzola,https://art.thewalters.org/browse/creator/filippo-mazzola,male,," (Italian, ca. 1460-1505)",28265
2260,"Mazzolini, Giuseppe",Giuseppe Mazzolini,https://art.thewalters.org/browse/creator/giuseppe-mazzolini,male,," (Italian, active ca. 1862)",39625
7097,"McDowell, Edward G.",Edward G. McDowell,https://art.thewalters.org/browse/creator/edward-g-mcdowell,male,," (American, 1837-1913)",25549
4284,"McLenan, John",John McLenan,https://art.thewalters.org/browse/creator/john-mclenan,male,," (American, 1827-1865)",29310|32075|29166|10380|91919|91920|91921|91922|91923|91924|91925|91926|91927|91928|91929|91930|91931|91932|91933|91934|91935|91936|91937|91938|91939|91940|91941|91942|91943|91944|91945|91946
7974,Mediavilla,"Mediavilla, Ricardus de",https://art.thewalters.org/browse/creator/mediavilla-ricardus-de,,,,22043
15624,Mediterranean,Mediterranean,https://art.thewalters.org/browse/creator/mediterranean,,,,31833
6979,"Mee, Anne Foldsone",Anne Foldsone Mee,https://art.thewalters.org/browse/creator/anne-foldsone-mee,female,," (British, 1775-1851)",14701
3013,"Mehrer, Johan Ferdinand",Johan Ferdinand Mehrer,https://art.thewalters.org/browse/creator/johan-ferdinand-mehrer,,,,10497|18059
7209,Meigh Pottery,Meigh Pottery,https://art.thewalters.org/browse/creator/meigh-pottery,,, (English ceramics manufactory 1805 - 1902),6102
15002,Meikiodo,Meikiodo,https://art.thewalters.org/browse/creator/meikiodo,,,,33961
15003,Meikodo,Meikodo,https://art.thewalters.org/browse/creator/meikodo,,,,6011
33159,"Meilhac, Henri",Henri Meilhac,https://art.thewalters.org/browse/creator/henri-meilhac,,," (French, 1831 - 1897)",88124
5624,Meisho,Meisho,https://art.thewalters.org/browse/creator/meisho,male,," (Japanese, 1825-1875)",19880
3100,Meissen Porcelain Manufactory,Meissen Porcelain Manufactory,https://art.thewalters.org/browse/creator/meissen-porcelain-manufactory,,," (German, active 1710-present)",34664|31666|24573|28739|10875|25756|6559|12133|31544|25064|40161|35860|35037|1797|8155|35579|18288|27040|34175|27717
4228,"Meissonier, Jean Louis Ernest",Jean Louis Ernest Meissonier,https://art.thewalters.org/browse/creator/jean-louis-ernest-meissionier,male,," (French, 1815 - 1891)",36503|20251|5421|21652|37992|26934|2359|35603|79182|82310
7868,"Mela, Pomponius",Pomponius Mela,https://art.thewalters.org/browse/creator/pomponius-mela,,,,1970
15346,"Melanchthon, Philipp",Philipp Melanchthon,https://art.thewalters.org/browse/creator/philipp-melanchthon,,," (German, 1497-1560)",27471
5055,"Melillo, Giacinto",Giacinto Melillo,https://art.thewalters.org/browse/creator/giacinto-melillo,male,," (Italian, 1846-1915)",3818|10602|4539|35225|34622|7184
2981,Melioli,Melioli,https://art.thewalters.org/browse/creator/melioli,,,,14079
33498,Melk'on,Melk'on,https://art.thewalters.org/browse/creator/melkon,,, (Armenian),26743
3256,"Melling, Josef",Josef Melling,https://art.thewalters.org/browse/creator/josef-melling,male,," (German, 1724-1796)",8661
5872,"Mengelberg, Otto",Otto Mengelberg,https://art.thewalters.org/browse/creator/otto-mengelberg,male,," (German, 1818-1890)",9238
5160,"Mengs, Anton Raphael",Anton Raphael Mengs,https://art.thewalters.org/browse/creator/anton-raphael-mengs,male,," (German, 1728-1779)",10487|31435|31435
17087,"Mera, Pietro",Pietro Mera,https://art.thewalters.org/browse/creator/pietro-mera,male,," (Flemish, active ca. 1571-ca. 1611)",32681
21047,"Mercator, Gerardus",Gerardus Mercator,https://art.thewalters.org/browse/creator/gerardus-mercator,,," (Flemish, 1512 - 1594)",85488|19307
34322,"Mercator, Rumold",Rumold Mercator,https://art.thewalters.org/browse/creator/rumold-mercator,,," (Flemish, ca. 1545 - 1599)",19307
5771,"Merchi, Gaetano",Gaetano Merchi,https://art.thewalters.org/browse/creator/gaetano-merchi,male,," (Italian, 1747-1823)",14584
33160,"Mercier, Victor",Victor Mercier,https://art.thewalters.org/browse/creator/victor-mercier,,,,88124
6858,"Mercié, Antonin",Antonin Mercié,https://art.thewalters.org/browse/creator/antonin-mercic,male,," (French, 1845-1916)",6150
35391,"Merino, Eugenio",Eugenio Merino,https://art.thewalters.org/browse/creator/eugenio-merino,,," (Spanish, born 1975)",103063
3864,"Merle, Hugues",Hugues Merle,https://art.thewalters.org/browse/creator/hugues-merle,male,," (French, 1823-1881)",8662|25737
19133,Meroitic,Meroitic,https://art.thewalters.org/browse/creator/meroitic,,,,11681|28665
7191,Merovingian,Merovingian,https://art.thewalters.org/browse/creator/merovingian,,,,21266|35117
6353,Mesopotamian,Mesopotamian,https://art.thewalters.org/browse/creator/mesopotamian,,,,17796|33674|12306|21357|7154|7122|32543|39826|24675|3938|27541|9396|14523|29192|20515|77427|77428|33928|22838|33397|9033|36044|15253|20982|13793|22679|39377|2910
15781,"Metellino, Giovanni Battista",Giovanni Battista Metellino,https://art.thewalters.org/browse/creator/giovanni-battista-metellino,,, (Italian),16931|20694
31984,"Metropolitan of Myra, Matthew","Matthew, Metropolitan of Myra",https://art.thewalters.org/browse/creator/matthew-metropolitan-of-myra,,,,35291
4213,"Metsu, Gabriel",Gabriel Metsu,https://art.thewalters.org/browse/creator/gabriel-metsu,male,," (Dutch, 1629-1667)",2074
31596,"Metulin, Jean-Vincent",Jean-Vincent Metulin,https://art.thewalters.org/browse/creator/jean-vincent-metulin,,,,3821|91096|91097|91098|91099|91100|91101|91102|91103|91104|91105|91106|91107|91108|91109|91110|91111|91112|91113
20957,"Meunier, Charles",Charles Meunier,https://art.thewalters.org/browse/creator/charles-meunier,,," (French, 1865 - 1940)",88137|84550|89776|77366|89937
15517,Mexican,Mexican,https://art.thewalters.org/browse/creator/mexican,,,,11827|6211|26685|80174|80182|80198|80202|80203|80205|80207|80253|80254|80269|80274|80279|80282|80284|80287|80288|80289|80290|80310|80312|80314|80315|80338|80339|80346|80353|80355|80371|80377|80380|80384|80386|80395|80402|80409|80414|80431|80442|80510|80445|80446|80454|80455|80285|80408|80280|82864|80407|40404
2961,"Meydenbach, Jacob",Jacob Meydenbach,https://art.thewalters.org/browse/creator/jacob-meydenbach,,,,10356
8022,"Meyer, Alfred-Bernard",Alfred-Bernard Meyer,https://art.thewalters.org/browse/creator/alfred-bernard-meyer,,,,33555
3383,"Meyer, Jeremiah",Jeremiah Meyer,https://art.thewalters.org/browse/creator/jeremiah-meyer,male,," (English, 1735-1789)",39436|39525|30874
8563,Mezcala,Mezcala,https://art.thewalters.org/browse/creator/mezcala,,,,80159
35404,"Micas, Nathalie",Nathalie Micas,https://art.thewalters.org/browse/creator/nathalie-micas,,," (French, 1824 - 1889)",36320
7105,Michau,Michau,https://art.thewalters.org/browse/creator/michau,,,,22051|35422
3500,"Michel, Georges",Georges Michel,https://art.thewalters.org/browse/creator/georges-michel,male,," (French, 1763-1843)",22085
16367,Michoacan,Michoacan,https://art.thewalters.org/browse/creator/michoacan,,,,80286
2522,"Midy, Emmanuel-Adolphe",Emmanuel-Adolphe Midy,https://art.thewalters.org/browse/creator/emmanuel-adolphe-midy,male,," (French, 1797-1874)",39876
7036,"Miette, Jean",Jean Miette,https://art.thewalters.org/browse/creator/jean-miette,,," (French, active 2nd half 16th century)",23698|2979|8660
21265,"Migeot, Gaspard",Gaspard Migeot,https://art.thewalters.org/browse/creator/gaspard-migeot,,,,84600
3162,"Mignard, Pierre I",Pierre Mignard I,https://art.thewalters.org/browse/creator/pierre-mignard-i,male,," (French, 1612-1695)",22742
31634,"Mikhaël, Ephraïm",Ephraïm Mikhaël,https://art.thewalters.org/browse/creator/ephraom-mikhal,,," (French, 1866 - 1890)",87930
13428,Milanese,Milanese,https://art.thewalters.org/browse/creator/milanese,,,,26372|11531|10459
2869,"Miles, Edward",Edward Miles,https://art.thewalters.org/browse/creator/edward-miles,,," (British, 1752-1828)",20433
6502,"Millais, John Everett",John Everett Millais,https://art.thewalters.org/browse/creator/john-everett-millais,male,," (English, 1829-1896)",9417
4486,"Miller, Alfred Jacob",Alfred Jacob Miller,https://art.thewalters.org/browse/creator/alfred-jacob-miller,male,," (American, 1810-1874)",1727|37403|1242|16930|22873|22165|26122|39361|28044|13636|12096|10145|34880|6380|23227|15408|27493|30317|155|5002|28614|27807|21327|6413|19434|16002|716|7415|37876|20645|11975|20533|17797|6181|34381|512|2859|36251|22148|1260|23709|6801|12124|431|35774|15362|12364|11113|36752|39143|20556|6063|2477|31276|12845|1082|12104|38743|15598|34203|13253|2250|13017|29924|1815|12521|39887|33666|25992|37989|24190|17917|8845|2968|8559|34600|31932|20504|24572|33248|17997|1882|21430|9637|25005|24977|1848|6967|1522|24951|22342|22415|32639|6496|17961|382|22877|5240|14850|20926|9517|12930|26809|607|8892|33932|8813|32595|26801|804|26131|26268|19824|27380|10577|29024|38523|26710|13431|31458|9114|17440|10150|16892|10092|3884|18345|26269|27024|32214|27778|11845|7247|37873|20884|36126|36443|38374|4278|3635|11713|39461|30440|39256|40360|19811|26320|17831|7975|11514|25156|4122|1193|37825|27565|17966|26637|12449|21306|35142|35067|29823|2077|14828|40256|3078|37618|27357|13780|15605|17918|32961|40454|4380|38625|28701|27763|28546|37525|396
5920,"Miller, Joseph Maxwell",Joseph Maxwell Miller,https://art.thewalters.org/browse/creator/joseph-maxwell-miller,,," (American, 1877-1933)",30316
6410,"Millet, Jean-François",Jean-François Millet,https://art.thewalters.org/browse/creator/jean-franbois-millet,male,"Millet was a central figure in the Barbizon School, although he concentrated on figure painting to a greater extent than his landscapist colleagues. He came from a well-to-do peasant family based in the French province of Normandy. In his early 20s, Millet moved to Paris, where he worked in the studio of Paul Delaroche (1797-1856) before unsuccessfully competing for the privilege of studying in Rome. Although Millet initially focused on portraiture, he first enjoyed major success as a painter of peasant life following his 1849 move to the village of Barbizon to the southeast of Paris. His monumental peasant images of the 1850s, such as ""The Sower,"" attracted controversy when shown at the Paris Salon not only because of their gestural technique but also because they confronted the public with France's largely neglected underclass. The humanitarian social creed of Millet's work later inspired the Dutch painter Vincent van Gogh (1853-90), who made several copies after the older painter's work."
"
"
"
During the 1860s, Millet increasingly focused on landscape painting. Around the same time, he began to produce a large number of pastels, and these have often been seen as the most innovative aspect of his art. Millet effectively fused color and line by intermingling hatched passages of black chalk and richly colored pastel. His methods influenced the later impressionists, such as Edgar Degas (1834-1917) and Camille Pissarro (1831-1903)."
"
"
"
Millet used repetition as a means of rehearsing formal problems and treated the same subjects repeatedly over a period of decades. He explored repetition in a variety of media, including paintings, pastels, and lithographs."," (French, 1814-1875)",22652|21057|31158|10990|23217|11004|38102|24760
2854,"Minayama, Masaoki",Minayama Masaoki,https://art.thewalters.org/browse/creator/minayama-masaoki,male,," (Japanese, 19th century)",9841|326|79337|79338|79336
3384,Minkoku II,Minkoku II,https://art.thewalters.org/browse/creator/minkoku-ii,male,," (Japanese, active ca. early 19th century)",18908
1972,Minoan,Minoan,https://art.thewalters.org/browse/creator/minoan,,,,38074|40836|15262|25734|8416|30404|7094|31656
2944,Minton Ceramics Manufactory,Minton Ceramics Manufactory,https://art.thewalters.org/browse/creator/minton-ceramics-manufactory,,," (English, 1796 - 2005)",11760|36401|92413|92414|92415|92416|99828|99829|100974|100992|101016|101030|101034|101045|101085|101086|101098|101100|101103|101105|101107|101339|11614|103184|103187|103196|103199|103200|103201|103207|31101|33594|103660|103661|103663|103665|103674|103675|103677|103630|103631|103642|103643|103650|103760|103667
19359,"Mirza Muhammad 'Ali, Muhammad Sadiq ibn Navvab",Muhammad Sadiq ibn Navvab Mirza Muhammad 'Ali,https://art.thewalters.org/browse/creator/muhammad-sadiq-ibn-navvab-mirza-muhammad-ali,,,,36069
15382,"Miseroni, Dionisio",Dionisio Miseroni,https://art.thewalters.org/browse/creator/dionisio-miseroni,male,," (Italian, ca. 1607-1661)",36204
6185,"Miseroni, Ferdinand Eusebius",Ferdinand Eusebius Miseroni,https://art.thewalters.org/browse/creator/ferdinand-eusebius-miseroni,,," (Italian, died 1694)",26618
18422,Miskina,Miskina,https://art.thewalters.org/browse/creator/miskina,,,,7538|9111
15225,"Missaglia, Antonio",Antonio Missaglia,https://art.thewalters.org/browse/creator/antonio-missaglia,,,,40677
1908,"Mitamura, Motoshige",Mitamura Motoshige,https://art.thewalters.org/browse/creator/mitamura-motoshige,male,," (Japanese, ca. 1825)",9614
3271,Mitannian,Mitannian,https://art.thewalters.org/browse/creator/mitannian,,,,36626|17970|24866|16216|13104|5384|9720|27876|25492|2773|27897|4225|16640|11758
15005,Mitaya Kihachi,Mitaya Kihachi,https://art.thewalters.org/browse/creator/mitaya-kihachi,,,,31163
34656,"Mitchell, Elizabeth Byrd",Elizabeth Byrd Mitchell,https://art.thewalters.org/browse/creator/elizabeth-byrd-mitchell,female,," (American, 1929 - 2002)",39107
4079,Mitsuharu,Mitsuharu,https://art.thewalters.org/browse/creator/mitsuharu,male,," (Japanese, 18th century)",7263
5394,"Mitsuhiro, Ohara",Ohara Mitsuhiro,https://art.thewalters.org/browse/creator/ohara-mitsuhiro,male,," (Japanese, 1810-1875)",11052|36961|18025|2756
1989,"Mitsumasa, Tosensai",Tosensai Mitsumasa,https://art.thewalters.org/browse/creator/tosensai-mitsumasa,male,, (Japanese),25904
3634,"Mitsuohi, Tosa",Tosa Mitsuohi,https://art.thewalters.org/browse/creator/tosa-mitsuohi,,,,4721
6774,"Mitsutomo, Kikuoka",Kikuoka Mitsutomo,https://art.thewalters.org/browse/creator/kikuoka-mitsutomo,male,," (Japanese, 1775-1813)",37865
4057,"Mitsutoshi, Yamamoto",Yamamoto Mitsutoshi,https://art.thewalters.org/browse/creator/yamamoto-mitsutoshi,male,," (Japanese, 19th century)",14308|37674|39061
4889,"Mitsuyoshi, Eijudo",Eijudo Mitsuyoshi,https://art.thewalters.org/browse/creator/eijudo-mitsuyoshi,male,, (Japanese),14128
6034,"Mitsuyoshi, Teijo",Teijo Mitsuyoshi,https://art.thewalters.org/browse/creator/teijo-mitsuyoshi,male,, (Japanese),1307
31444,Mixtec,Mixtec,https://art.thewalters.org/browse/creator/mixtec,,,,78433|78436|78434|78435
8568,Mixteca-Puebla,Mixteca-Puebla,https://art.thewalters.org/browse/creator/mixteca-puebla,,,,80343|80352|80394
15007,Miyake Hanshiro,Miyake Hanshiro,https://art.thewalters.org/browse/creator/miyake-hanshiro,,,,4665|79292|79293|79294
16508,"Miyata, Katsunao",Miyata Katsunao,https://art.thewalters.org/browse/creator/miyata-katsunao,male,," (Japanese, active ca. 1800)",14586|13226
6987,"Miyata, Nobukiyo",Miyata Nobukiyo,https://art.thewalters.org/browse/creator/miyata-nobukiyo,male,," (Japanese, 1817-1884)",21571|32894
7638,"Mocenigo, Alvise I Doge",Doge Alvise Mocenigo I,https://art.thewalters.org/browse/creator/doge-alvise-mocenigo-i,,," (Italian, 1507-1577)",2874|18967|7863|33525
8562,Moche,Moche,https://art.thewalters.org/browse/creator/moche,,,,79368|79369|79381|79385|79387|79390|79376|80158|80220|80311|80410|80427|80226|80270|80271|80416
19071,"Mochi, Orazio",Orazio Mochi,https://art.thewalters.org/browse/creator/orazio-mochi,male,," (Italian, 1571-1625)",82754
5125,"Modena, Tommaso da",Tommaso da Modena,https://art.thewalters.org/browse/creator/tommaso-da-modena,male,," (Italian, 1325/9-before 1379)",1458
2914,Moderno,Moderno,https://art.thewalters.org/browse/creator/moderno,male,," (Italian, 1467-1528)",16438|14079
16799,"Moitte, Jean Guillaume",Jean Guillaume Moitte,https://art.thewalters.org/browse/creator/jean-guillaume-moitte,male,," (French, 1746-1810)",22299
1934,"Mokubei, Aoki",Aoki Mokubei,https://art.thewalters.org/browse/creator/aoki-mokubei,male,," (Japanese, 1767-1833)",91850|91950
15387,Molini family,Molini family,https://art.thewalters.org/browse/creator/molini-family,,,,8532
8217,"Molitoris, Ulricus",Ulricus Molitoris,https://art.thewalters.org/browse/creator/ulricus-molitoris,,,,17651
6645,"Momper, Joos de the younger",Joos de Momper the younger,https://art.thewalters.org/browse/creator/joos-de-momper-the-younger,male,," (Flemish, 1564-1635)",22565|11912|17708
4455,"Monaco, Lorenzo",Lorenzo Monaco,https://art.thewalters.org/browse/creator/lorenzo-monaco,male,," (Italian, ca. 1370-1425)",37408|7395
2351,"Monaldi, Paolo",Paolo Monaldi,https://art.thewalters.org/browse/creator/paolo-monaldi,male,," (Italian, active 1750-1800)",18026|10127
33531,"Moncey, Thérèse",Thérèse Moncey,https://art.thewalters.org/browse/creator/thcrrse-moncey,,," (French, active 1945 - 1965)",87716
20440,"Moncornet, B.",B. Moncornet,https://art.thewalters.org/browse/creator/b-moncornet,,,,36069
15780,"Mondali, Paolo",Paolo Mondali,https://art.thewalters.org/browse/creator/paolo-mondali,,,,24681
7674,"Monet, Claude",Claude Monet,https://art.thewalters.org/browse/creator/claude-monet,male,"Today, Monet is regarded throughout the world as one of the most beloved painters of his generation. His art is thought of as synonymous with the aesthetic aims of the impressionist movement. The impressionists shocked the art world by their blatant disregard for conventional painting technique in favor of an unblended juxtaposition of often stridently clashing strokes of color, rather than a seamless gradation of tone from light to dark. Under the influence of his teacher, the seascape specialist Eugène Boudin (1824-98), the young Monet painted outdoors in order to record as faithfully as possible the landscape as actually perceived in changing conditions of light and climate. Monet met many of his fellow impressionists, such as Frédéric Bazille (1841-70), Pierre-Auguste Renoir (1841-1919), and Alfred Sisley (1839-99), while studying in the studio of Charles Gleyre (1806-74). In 1869, Monet painted outdoors, side by side with his friend Renoir, each delighting in the other's unique but still recognizable rendition of ""La Grenouillière,"" a popular recreational destination along the Seine River, just outside Paris. Such scenes of urban middle-class leisure became one of the staple subjects of the impressionist group."
"
"
"
Starting in the 1890s, Monet began to produce multiple canvases based on a single motif in what would become his favored format: the painted series. In 1891, he exhibited 15 ""Grainstack"" paintings in the commercial gallery of the Paris-based dealer Paul Durand-Ruel. The show was a critical and commercial success, and from that point on, painting in series became Monet's preferred approach. He would eventually go on to explore figureless, non-narrative subjects, such as the cliffs at Pourville in Normandy (exhibited 1898), views of the Thames River in London (exhibited 1904), or the water lilies in his garden at Giverny outside of Paris (exhibited 1909). The motivation behind Monet's series is typically presumed to rest on the artist's compulsion to record the flux of perception, moving from canvas to canvas in an effort to capture the ever-changing conditions of light and climate. However, while Monet often began canvases outdoors, he often retouched and completed the same canvases in the studio."," (French, 1840-1926)",31455|10078
6345,"Monginot, Charles",Charles Monginot,https://art.thewalters.org/browse/creator/charles-monginot,male,," (French, 1825-1900)",14776
8298,Mongolian,Mongolian,https://art.thewalters.org/browse/creator/mongolian,,,,9365|21538|13820|29183|30310
5969,"Montagna, Bartolomeo",Bartolomeo Montagna,https://art.thewalters.org/browse/creator/bartolomeo-montagna,male,," (Italian, ca. 1450-1523)",1742
6373,"Montauban, Pierre-André",Pierre-André Montauban,https://art.thewalters.org/browse/creator/pierre-andrc-montauban,,,,33260
3774,"Monticelli, Adolphe",Adolphe Monticelli,https://art.thewalters.org/browse/creator/adolphe-monticelli,male,," (French, 1824-1886)",10404
31635,"Montorgueil, Geroges",Geroges Montorgueil,https://art.thewalters.org/browse/creator/geroges-montorgueil,,," (French, 1857 - 1933)",87933
3056,"Moore, Nina",Nina Moore,https://art.thewalters.org/browse/creator/nina-moore,,, (active 1857 - 1875),35539
2718,"Morandini, Francesco",Francesco Morandini,https://art.thewalters.org/browse/creator/francesco-morandini,male,," (Italian, 1544-1597)",2872|12898
2822,"Moreau-Vauthier, Augustin Jean",Augustin Jean Moreau-Vauthier,https://art.thewalters.org/browse/creator/augustin-jean-moreau-vauthier,male,," (French, 1831-1893)",33055|1960|12797|27429|36222|21386
21257,"Moretus, Balthasar",Balthasar Moretus,https://art.thewalters.org/browse/creator/balthasar-moretus,,, (1574 - 1641),84557
31497,"Moretus, Joannes",Joannes Moretus,https://art.thewalters.org/browse/creator/joannes-moretus,,,,84557
4935,"Mori, Ippo",Mori Ippo,https://art.thewalters.org/browse/creator/mori-ippo,male,," (Japanese, 1798-1871)",78072|78129
2750,"Mori, Yuzan",Mori Yuzan,https://art.thewalters.org/browse/creator/mori-yuzan,,,,6014
1928,Morichika,Morichika,https://art.thewalters.org/browse/creator/morichika,male,, (Japanese),18742
2391,"Morichika, Maejima",Maejima Morichika,https://art.thewalters.org/browse/creator/maejima-morichika,male,," (Japanese, d. 1888)",8068
6922,"Morikane, Maejima",Maejima Morikane,https://art.thewalters.org/browse/creator/maejima-morikane,male,," (Japanese, b. 1843)",79320
3662,"Morikawa, Toshikage",Morikawa Toshikage,https://art.thewalters.org/browse/creator/morikawa-toshikage,male,," (Japanese, born 1839)",20775|20682|29005|31259|79450|79451
4263,"Morimiya, Toshinori",Morimiya Toshinori,https://art.thewalters.org/browse/creator/morimiya-toshinori,male,," (Japanese, 1830-1897)",19056|79267|79266|79268
15008,Morimoto Junsaburo,Morimoto Junsaburo,https://art.thewalters.org/browse/creator/morimoto-junsaburo,,,,3240|79287|79288|79289
6097,"Morimoto, Shigeaki",Morimoto Shigeaki,https://art.thewalters.org/browse/creator/morimoto-shigeaki,male,," (Japanese, ca. 1875)",163|79642
2454,"Morimura, Atsutaka",Morimura Atsutaka,https://art.thewalters.org/browse/creator/morimura-atsutaka,male,," (Japanese, active ca. 1845)",8898|15374|22417|7228
2392,"Morimura, Takanori",Morimura Takanori,https://art.thewalters.org/browse/creator/morimura-takanori,male,," (Japanese, active late 19th century)",37254
1915,"Morin, Jean-Louis",Jean-Louis Morin,https://art.thewalters.org/browse/creator/jean-louis-morin,male,," (French, 1732-1787)",23864|18063|12454|6202|5237|17150|34301|25959|24204|36528|77460|77461|5239|2666|13317
6677,"Moriot, Nicolas-Marie",Nicolas-Marie Moriot,https://art.thewalters.org/browse/creator/nicolas-marie-moriot,male,," (French, active 1828-1848)",18829|1294
5417,Morishige,Morishige,https://art.thewalters.org/browse/creator/morishige,male,," (Japanese, Japanese)",2269
15009,Moritaya Hanzo,Moritaya Hanzo,https://art.thewalters.org/browse/creator/moritaya-hanzo,,,,33140
15010,Moriya Jihei,Moriya Jihei,https://art.thewalters.org/browse/creator/moriya-jihei,,,,21735
15011,Moriya Jihei (Kinshindo),Moriya Jihei (Kinshindo),https://art.thewalters.org/browse/creator/moriya-jihei-kinshindo,,,,23685
15012,Moriya Kihei,Moriya Kihei,https://art.thewalters.org/browse/creator/moriya-kihei,,,,22082
2264,Moriyoshi,Moriyoshi,https://art.thewalters.org/browse/creator/moriyoshi,male,, (Japanese),26900
18482,"Morizot, Libraire-Éditeur","Morizot, Libraire-Éditeur",https://art.thewalters.org/browse/creator/morizot-libraire-aditeur,,,,81396
15681,"Morizumo, Yugyo",Morizumo Yugyo,https://art.thewalters.org/browse/creator/morizumo-yugyo,,," (Japanese, 1854-1927)",12838
5061,"Moroni, Giovanni Battista",Giovanni Battista Moroni,https://art.thewalters.org/browse/creator/giovanni-battista-moroni,,,,2706
7104,"Morse, Samuel Finley Breese",Samuel Finley Breese Morse,https://art.thewalters.org/browse/creator/samuel-finley-breese-morse,male,," (American, 1791-1872)",9628
15378,Mosan,Mosan,https://art.thewalters.org/browse/creator/mosan,,,,26562|4357|25021|1754
6498,Mosan Workshop,Mosan Workshop,https://art.thewalters.org/browse/creator/mosan-workshop,,,,14177|28366|15558|20281|5868|1927|27619|21139|77442
6653,"Mosca, Giovanni Maria",Giovanni Maria Mosca,https://art.thewalters.org/browse/creator/giovanni-maria-mosca,male,," (Italian, 1493-ca.1573)",16198
4929,"Moser, George Michael",George Michael Moser,https://art.thewalters.org/browse/creator/george-michael-moser,male,," (English, 1704-1783)",36428
5522,Motohiro,Motohiro,https://art.thewalters.org/browse/creator/motohiro,male,, (Japanese),13036|10897
5100,Motonaga,Motonaga,https://art.thewalters.org/browse/creator/motonaga,male,, (Japanese),12265|8810
3451,Motoshige,Motoshige,https://art.thewalters.org/browse/creator/motoshige,male,, (Japanese),11053|29753
5693,"Moulin, Hippolyte Alexandre Julien",Hippolyte Alexandre Julien Moulin,https://art.thewalters.org/browse/creator/hippolyte-alexandre-julien-moulin,male,," (French, 1832-1884)",8771
2105,"Moulinet, Antoine Édouard Joseph",Antoine Édouard Joseph Moulinet,https://art.thewalters.org/browse/creator/antoine-adouard-joseph-moulinet,male,," (French, 1833-1891)",34086
5755,Mu'izz,Mu'izz,https://art.thewalters.org/browse/creator/muizz,,,,4784
19281,"Mubarak, Abu al-Fazl ibn",Abu al-Fazl ibn Mubarak,https://art.thewalters.org/browse/creator/abu-al-fazl-ibn-mubarak,,, (1551-1602),77509|77508|83671|83672|32482|84215|84216|9478|83800|83801
34670,"Mucha, Alphonse",Alphonse Mucha,https://art.thewalters.org/browse/creator/alphonse-mucha,,,,87709
2119,"Mucke, Heinrich",Heinrich Mucke,https://art.thewalters.org/browse/creator/heinrich-mucke,male,," (German, 1806-1891)",36288
19306,Muhammad Mirak,Muhammad Mirak,https://art.thewalters.org/browse/creator/muhammad-mirak,,,,18844|83825|83826|83827|83828|83829|83830|83831|83832|83833|83834|83835|83836|83837|83838|83839|83840|83841|83842|83843|83844|83845|83846|83847|83848|83849|83850|83851|83852|83853|83854|83855|83856|83857|83858|83859
7994,"Muhammad al-Husayni al-Ustadi, Muhammad Mirak ibn Mir",Muhammad Mirak ibn Mir Muhammad al-Husayni al-Ustadi,https://art.thewalters.org/browse/creator/muhammad-mirak-ibn-mir-muhammad-al-husayni-al-ustadi,,,,7066|39598|25171|1489|16989|9659|2901|3860|32408|1230|37361|33104|10986|25457|33863|32979|4925|7842|36678|21039|12920|35368|38717|7597|6781|26406|21784|35766|7848|35783|8924|4287|24843|16790|37514|38602|11997|37946|19766|9152|32302|4323|18842|34056|11125|17000|38922|39791|11398|19976|4503|8110|36109|3192|22691|3704|2970|35637|24130|18874|19347|33354|3640|8634|10051|40746|39718|18680|5589|37202|37313|7253|30412|987|34627|37003|10461|20112|78|27401|34874|22615|83510|83511|83512|83513|83514|83515
16539,"Muhammad, Habib Allah ibn Dust al-Khuwarizmi",Habib Allah ibn Dust Muhammad al-Khuwarizmi,https://art.thewalters.org/browse/creator/habib-allah-ibn-dust-muhammad-al-khuwarizmi,,,,23935|79633|79634|79973|87606|87607
15708,"Muhammad, Mustafá ibn al-Hajj",Mustafá ibn al-Hajj Muhammad,https://art.thewalters.org/browse/creator/mustaf-ibn-al-hajj-muhammad,,,,7580|79983|79984
17753,"Muhammed, 'Abdülkerim bin",'Abdülkerim bin Muhammed,https://art.thewalters.org/browse/creator/abdlkerim-bin-muhammed,,,,35391|80973|80974|80975|80976|80977|80978|80979
19240,"Muhammed, Saker",Saker Muhammed,https://art.thewalters.org/browse/creator/saker-muhammed,,, (active 1271 AH/AD 1854-1855),35005|83273|83274|83275|83276|83277|83278|83279|83280|83281|83282|83283|83284
8573,Muisca,Muisca,https://art.thewalters.org/browse/creator/muisca,,,,15663
8670,Mukund,Mukund,https://art.thewalters.org/browse/creator/mukund,,,,7538|35208
5896,"Muller, Jan",Jan Muller,https://art.thewalters.org/browse/creator/jan-muller,,,,27514|11573
2746,"Mulready, William R.A.",William Mulready,https://art.thewalters.org/browse/creator/william-mulready,male,," (Irish, 1786-1863)",9022
3868,"Multscher, Hans",Hans Multscher,https://art.thewalters.org/browse/creator/hans-multscher,male,," (German, ca.1400-1467)",14446
4712,"Munechika, Myochin",Myochin Munechika,https://art.thewalters.org/browse/creator/myochin-munechika,male,," (Japanese, active 1770-1779)",5088|98997|98998|98999|99000|99001|99002|99003
6107,"Munechika, Sanjo Kokasi",Sanjo Kokaji Munechika,https://art.thewalters.org/browse/creator/sanjo-kokaji-munechika,male,, (Japanese),8128|79534|79535
4905,"Munefusa, Myochin",Myochin Munefusa,https://art.thewalters.org/browse/creator/myochin-munefusa,male,," (Japanese, 1732-1806)",9443
3850,"Muneharu, Myochin",Myochin Muneharu,https://art.thewalters.org/browse/creator/myochin-muneharu,male,," (Japanese, Japanese)",15970
5140,"Muneie, Myochin",Myochin Muneie,https://art.thewalters.org/browse/creator/myochin-muneie,male,," (Japanese, 1573-1623)",18406
6678,Munemichi,Munemichi,https://art.thewalters.org/browse/creator/munemichi,male,, (Japanese),5433
5161,Munenaga,Munenaga,https://art.thewalters.org/browse/creator/munenaga,male,," (Japanese, Japanese)",33720
6105,Munenori,Munenori,https://art.thewalters.org/browse/creator/munenori,male,," (Japanese, Japanese)",10388
2165,"Muneret, G.",G. Muneret,https://art.thewalters.org/browse/creator/g-muneret,,,,3739
2534,Munetsugu,Munetsugu,https://art.thewalters.org/browse/creator/munetsugu,male,," (Japanese, Japanese)",2661
3422,"Muneyoshi, Umetada",Umetada Muneyoshi,https://art.thewalters.org/browse/creator/umetada-muneyoshi,male,," (Japanese, b. 1600)",5601
2449,"Munich 2335, Painter of",Painter of Munich 2335,https://art.thewalters.org/browse/creator/painter-of-munich-2335,,," (Greek, active ca. 450-420 BCE)",38736
5775,"Munkácsy, Mihály",Mihály Munkácsy,https://art.thewalters.org/browse/creator/mihly-munkcsy,male,," (Hungarian, 1844-1900)",18329
16393,"Murakoshi, Shigeyuki",Murakoshi Shigeyuki,https://art.thewalters.org/browse/creator/murakoshi-shigeyuki,male,," (Japanese, active ca. 1800)",40531|17925
6119,"Murasakibara, Toshiyoshi",Murasakibara Toshiyoshi,https://art.thewalters.org/browse/creator/murasakibara-toshiyoshi,male,," (Japanese, 1829-ca.1890)",19188|18051|17164|32680
3972,"Murata, Seimin",Murata Seimin,https://art.thewalters.org/browse/creator/murata-seimin,male,," (Japanese, 1761-1837)",15215|36774|37228|10624|25432|6244
8003,"Murillo, Bartolomé Estebán",Bartolomé Estebán Murillo,https://art.thewalters.org/browse/creator/bartolomc-estebn-murillo,male,," (Spanish, 1618-1682)",2840
19365,"Musavvir, Riza",Riza Musavvir,https://art.thewalters.org/browse/creator/riza-musavvir,,,,36069
5318,"Musawwir, Mu'in",Mu'in Musawwir,https://art.thewalters.org/browse/creator/muin-musawwir,,, (active 1044-1109 AH/AD 1635-1697),37186
3800,"Musikiiskii, Grigorii Semenovich",Grigorii Semenovich Musikiiskii,https://art.thewalters.org/browse/creator/grigorii-semenovich-musikiiskii,,," (Russian, 1670/1-after 1739)",21423
31649,"Musset, Alfred de",Alfred de Musset,https://art.thewalters.org/browse/creator/alfred-de-musset,,," (French, 1810 - 1857)",87815
31648,"Musset, Paul de",Paul de Musset,https://art.thewalters.org/browse/creator/paul-de-musset,,," (French, 1804 - 1880)",87815
4078,Mycenaean,Mycenaean,https://art.thewalters.org/browse/creator/mycenaean,,,,10420|20770|12807|3589
2222,Myochin,Myochin,https://art.thewalters.org/browse/creator/myochin,,,,33679|25711|26954|101350
3769,"Myochin, Yoshiomi",Myochin Yoshiomi,https://art.thewalters.org/browse/creator/myochin-yoshiomi,male,, (Japanese),6976
2017,"Myôchin, Munesada",Myôchin Munesada,https://art.thewalters.org/browse/creator/mychin-munesada,male,," (Japanese, active ca. 1725-1750)",39971
15565,"Méreaud, Charles-Louis le jeune","Charles-Louis Méreaud, le jeune",https://art.thewalters.org/browse/creator/charles-louis-mcreaud-le-jeune,male,," (French, ca. 1735-1780)",77460
16439,"Mérimée, Prosper",Prosper Mérimée,https://art.thewalters.org/browse/creator/prosper-mcrimce,male,," (French, 1803-1870)",79168|79169|79170|79171|79172|79175
5047,"Mêne, Pierre Jules",Pierre Jules Mêne,https://art.thewalters.org/browse/creator/pierre-jules-mne,male,," (French, 1810-1879)",21776
4149,"Müller, Andreas Johann Jacob",Andreas Johann Jacob Müller,https://art.thewalters.org/browse/creator/andreas-johann-jacob-mller,male,," (German, 1811-1890)",25563
5841,"Müller, Charles Louis Lucien",Charles Louis Lucien Müller,https://art.thewalters.org/browse/creator/charles-louis-lucien-mller,male,," (French, 1815-1892)",28325
5799,"Müller, Leopold Carl",Leopold Carl Müller,https://art.thewalters.org/browse/creator/leopold-carl-mller,male,," (Austrian, 1834-1892)",9080|25642
3576,"Müller, William James",William James Müller,https://art.thewalters.org/browse/creator/william-james-mller,male,," (English, 1812-1845)",8538
20332,"Nadal, Gerónimo",Gerónimo Nadal,https://art.thewalters.org/browse/creator/gernimo-nadal,,," (Spainish, 1507-1580)",84611
2942,"Nagahama, Yoshinobu",Nagahama Yoshinobu,https://art.thewalters.org/browse/creator/nagahama-yoshinobu,male,," (Japanese, 1842-1887)",18435|79321
5325,Nagamitsu,Nagamitsu,https://art.thewalters.org/browse/creator/nagamitsu,male,, (Japanese),19941|6168
2374,"Nagasawa, Rosetsu",Nagasawa Rosetsu,https://art.thewalters.org/browse/creator/nagasawa-rosetsu,male,," (Japanese, 1754 - 1799)",10017|2691|2953
34646,"Nagashima, Michio",Nagashima Michio,https://art.thewalters.org/browse/creator/nagashima-michio,,, (Japanese),99848|99852|99854
1947,"Nagata, Naohiro",Nagata Naohiro,https://art.thewalters.org/browse/creator/nagata-naohiro,male,," (Japanese, 1st half 19th century)",11158
5543,Nagayoshi,Nagayoshi,https://art.thewalters.org/browse/creator/nagayoshi,male,," (Japanese, Japanese)",35221
2171,"Nagoshi, Masataka",Nagoshi Masataka,https://art.thewalters.org/browse/creator/nagoshi-masataka,male,, (Japanese),29253
6177,"Nagoshi, Shoko",Nagoshi Shoko,https://art.thewalters.org/browse/creator/nagoshi-shoko,male,," (Japanese, 1778-1851)",29253
7057,"Nakabayashi, Chikuto",Nakabayashi Chikuto,https://art.thewalters.org/browse/creator/nakabayashi-chikuto,male,," (Japanese, 1776-1853)",35770|18795
4924,"Nakagami, Motohiro",Nakagami Motohiro,https://art.thewalters.org/browse/creator/nakagami-motohiro,male,," (Japanese, late 18th-early 19th century)",5684|37941|5502|40362|79239
5344,"Nakagawa, Isshô",Nakagawa Isshô,https://art.thewalters.org/browse/creator/nakagawa-issh,male,," (Japanese, 1829-1876)",2269|13060|26865|35444|32767
4875,"Nakajima, Sadataka",Nakajima Sadataka,https://art.thewalters.org/browse/creator/nakajima-sadataka,male,," (Japanese, active ca. 1800)",4500
6411,"Nakamura, Chikayori",Nakamura Chikayori,https://art.thewalters.org/browse/creator/nakamura-chikayori,male,," (Japanese, mid-late 19th century)",11621
15014,Nakani of Terifuricho,Nakani of Terifuricho,https://art.thewalters.org/browse/creator/nakani-of-terifuricho,,,,27022
7411,"Naldi, Naldo",Naldo Naldi,https://art.thewalters.org/browse/creator/naldo-naldi,,, (1439-ca. 1520),8816|12586|15376
16227,"Namgyal, Tsapa",Tsapa Namgyal,https://art.thewalters.org/browse/creator/tsapa-namgyal,,," (Tibetan, active 17th century)",29013
5333,"Namikawa, Sosuke",Namikawa Sosuke,https://art.thewalters.org/browse/creator/namikawa-sosuke,male,," (Japanese, 1847-1910)",28464|6125|29146
15015,Nanden ni Sanshoban,Nanden ni Sanshoban,https://art.thewalters.org/browse/creator/nanden-ni-sanshoban,,,,4651
2587,Nanha,Nanha,https://art.thewalters.org/browse/creator/nanha,,,,6633|7782|13392|17490
2320,Nanking School,Nanking School,https://art.thewalters.org/browse/creator/nanking-school,,,,18607
3597,"Nanteuil, Célestin François",Célestin François Nanteuil,https://art.thewalters.org/browse/creator/cclestin-franbois-nanteuil,male,," (French, 1813-1873)",3317
16455,Naoharu,Naoharu,https://art.thewalters.org/browse/creator/naoharu,,," (Japanese, ca. 1800-1850)",23871
5705,Naohiro,Naohiro,https://art.thewalters.org/browse/creator/naohiro,male,, (Japanese),26538
5712,"Naomasa, Kogetsusai",Kogetsusai Naomasa,https://art.thewalters.org/browse/creator/kogetsusai-naomasa,male,," (Japanese, Japanese)",33734
16476,Naotaka,Naotaka,https://art.thewalters.org/browse/creator/naotaka,,," (Japanese, 18th century)",39443
4912,"Naotane, Shoji",Shoji Naotane,https://art.thewalters.org/browse/creator/shoji-naotane,male,," (Japanese, 1778-1857)",14657
6916,"Naotane, Taikei",Taikei Naotane,https://art.thewalters.org/browse/creator/taikei-naotane,male,," (Japanese, 1779-1857)",40408
6164,Naotoshi,Naotoshi,https://art.thewalters.org/browse/creator/naotoshi,male,, (Japanese),24193
4565,Naoyoshi,Naoyoshi,https://art.thewalters.org/browse/creator/naoyoshi,male,, (Japanese),31110|11500|33880|28829
18416,"Naqqash, Husayn",Husayn Naqqash,https://art.thewalters.org/browse/creator/husayn-naqqash,,,,20664|29484|88788|88791|88792|88793|88795|88796|88797|88798|88799|88800|88801|88802|88803|88804|88805|88806|88807|88808|88809|88810|88811
18414,"Naqqash, Mansur",Mansur Naqqash,https://art.thewalters.org/browse/creator/mansur-naqqash,,,,7538|22205
3079,Nara,Nara,https://art.thewalters.org/browse/creator/nara,male,," (Japanese, 1800-1867)",37061
6123,"Nara, Haruchika",Nara Haruchika,https://art.thewalters.org/browse/creator/nara-haruchika,male,," (Japanese, active ca. 1850)",34210
6512,"Nara, Jôi",Nara Jôi,https://art.thewalters.org/browse/creator/nara-ji,male,," (Japanese, 1701-1761)",3251
5950,"Nara, Kigan",Nara Kigan,https://art.thewalters.org/browse/creator/nara-kigan,male,," (Japanese, ca. 1750-1775)",7764
16344,"Nara, Tatsumasa",Nara Tatsumasa,https://art.thewalters.org/browse/creator/nara-tatsumasa,male,," (Japanese, ca. 1725-1750)",18184
4108,"Nara, Toshinaga",Nara Toshinaga I,https://art.thewalters.org/browse/creator/nara-toshinaga-i,male,," (Japanese, 1667-1736)",991|7956|34261|37045|11164
2777,"Narikawa, Motohiro",Narikawa Motohiro,https://art.thewalters.org/browse/creator/narikawa-motohiro,male,," (Japanese, active ca. 1800)",31516
2943,"Narita, Eizui",Narita Eizui,https://art.thewalters.org/browse/creator/narita-eizui,male,," (Japanese, active ca. 1800)",17973|17555|79670|79671|79669
31463,Nariño-Carchí,Nariño-Carchí,https://art.thewalters.org/browse/creator/nario,,,,80432|80255|80433|80434|80435|80436
18421,Narsing,Narsing,https://art.thewalters.org/browse/creator/narsing,,,,7538|31624
6349,"Nasmyth, Patrick",Patrick Nasmyth,https://art.thewalters.org/browse/creator/patrick-nasmyth,male,," (British, 1787-1831)",27957
5632,"Nason, Pieter",Pieter Nason,https://art.thewalters.org/browse/creator/pieter-nason,male,," (Dutch, ca. 1612-1688/1690)",28995
4771,"Nassaro, Matteo del",Matteo del Nassaro,https://art.thewalters.org/browse/creator/matteo-del-nassaro,,," (Italian, died 1547/1548)",6276
15368,"Nathan, Jeremiah",Jeremiah Nathan,https://art.thewalters.org/browse/creator/jeremiah-nathan,,," (German, 1610-1623)",1681
19322,"Nathani, Muhammad ibn Muhammad Shakir Ruzmah-'i",Muhammad ibn Muhammad Shakir Ruzmah-'i Nathani,https://art.thewalters.org/browse/creator/muhammad-ibn-muhammad-shakir-ruzmah-i-nathani,,,,3488|83920|83921|83923|83924|83925|83926|83927|83928|83929|83930|83931|83932|83933|83934|83935|83936|83937|83938|83939|83940|83941|83942|83943|83944|83945|83946|83947|83948|83949|83950|83951|83952|83953|83954|83955|83956|83957|83958|83959|83960|83961|83962|83963|83964|83965|83966|83967|83968|83969|83970|83971|83972|83973|83974|83975|83976|83977|83978|83979|83980|83981|83982|83983|83984|83985|83986|83987|83988|83989|83990|83991|83992|83993|83994|83995|83996|83997|83998|83999|84000|84001|84002|84003|84004|84005|84006|84007|84008|84009|84010|84011|84012|84013|84014|84015|84016|84017|84018|84019|84020|84021|84022|84023|84024|84025|84026|84027|84028|84029|84030|84031|84032|84033|84034|84035|84036|84037|84038|84039|84040|84041|84043|84044|84045|84046|84047|84048|84049|84050|84051|84052|84053|84054|84055|84056|84057|84058|84059|84060|84061|84062|84063|84064|84065|84066|84067|84068|84069|84070|84071|84072|84073|84074|84075|84076|84077|84078|84079|84080|84081|84082|84083|84084|84085|84086|84087|84088|84089|84090|84091
15616,Native North American,Native North American,https://art.thewalters.org/browse/creator/native-north-american,,,,5711
7120,Natsume,Natsume,https://art.thewalters.org/browse/creator/natsume,male,," (Japanese, 19th century)",18678
2464,"Nattier, Jean-Marc",Jean-Marc Nattier,https://art.thewalters.org/browse/creator/jean-marc-nattier,male,," (French, 1685 - 1766)",2255|5165|40475
4298,"Naudot, Camille",Camille Naudot,https://art.thewalters.org/browse/creator/camille-naudot,,," (French, 1862-1938)",17245|12501|8331
3341,Navajo,Navajo,https://art.thewalters.org/browse/creator/navajo,,,,1833
19348,"Navoi, Alisher",Alisher Navoi,https://art.thewalters.org/browse/creator/alisher-navoi,,, (died 906 AH/AD 1501),18847|90189|91117|91118|91119|91120
16369,Nayarit,Nayarit,https://art.thewalters.org/browse/creator/nayarit,,,,78410|78402|78413|78440|80169|80214|80216|80217|80323|80167|80195|80197|80267|80316|80318
31447,Nazca,Nazca,https://art.thewalters.org/browse/creator/nazca,,,,79373|79415|33518|80183|80210|80245|80264|80265|85447|85455
16254,Near Eastern,Near Eastern,https://art.thewalters.org/browse/creator/near-eastern,,,,28152|26186|2180|1220|19536|11359|3746|37456|22437|961|40005|27104|2915|24548|33406|23069|13685|28388|11138
3405,"Needles, John",John Needles,https://art.thewalters.org/browse/creator/john-needles,,," (American, 1786-1878)",1010
4242,"Neer, Aert van der",Aert van der Neer,https://art.thewalters.org/browse/creator/aert-van-der-neer,,," (Dutch, 1603-1677)",33642
7763,Neo-Assyrian,Neo-Assyrian,https://art.thewalters.org/browse/creator/neo-assyrian,,,,33447|3281|23165|18823|11876|9832|5922|25329|37407|12017|15650|34654|12766|31954|2893|36111|12908|4549|30873|23910|30702|1174|30147|12186|39764|22539|4516|28591|21940|39019|24407|21092|34721|25130|19409|7823|28939|22359|15446|22641|10775|8638|1817|21277|6186|19496|34436|16620|25026|20253|9657|3737|10050|34255|9986|28518|38041|32526|33507|36122
1881,Neo-Babylonian,Neo-Babylonian,https://art.thewalters.org/browse/creator/neo-babylonian,,,,38705|15650|36665|2893|36111|4549|3073|31646|30590|11030|14414|25130|7294|10775|32640|30078|9781
4297,Neo-Sumerian,Neo-Sumerian,https://art.thewalters.org/browse/creator/neo-sumerian,,,,28410|37050|33674|40312|393|25606|10462|25566|22216|4399|38073|23807|18930|23419|28522|40300|20444|38140|13685
15526,Nepalese,Nepalese,https://art.thewalters.org/browse/creator/nepalese,,,,36334|15399|5443|39014|37055|7790|37201|14186|20641|36054|5009|8527|15130|17840|24253|29163|23645|33890|5161|22413|10912|12708|34411|24952|18540|14309|20483|3741|9790|20151|24375|34507|19863|16742|17432|40683|37464|38422
3011,"Nepos, Cornelius",Cornelius Nepos,https://art.thewalters.org/browse/creator/cornelius-nepos,male,," (Roman, -99--24)",28339
36421,"Neri, Luigi",Luigi Neri,https://art.thewalters.org/browse/creator/luigi-neri,,," (Italian, born 1816)",37901
36420,"Neri, Paolo",Paolo Neri,https://art.thewalters.org/browse/creator/paolo-neri,,," (Italian, 1813 - after 1881)",37901
15361,Netherlandish,Netherlandish,https://art.thewalters.org/browse/creator/netherlandish,,,,32356|31122|19407|22549|31187|34545|25349|77408|1384|24424|22554|1564|25676|36313|13473|26215|29736|37166|28901|36363|26207|28907|14901|6997|22041|4675|20282|28371|39550|610|39481|1950|22803|3327|10302|11361
3600,"Netscher, Caspar",Caspar Netscher,https://art.thewalters.org/browse/creator/caspar-netscher,male,," (Dutch, 1639-1684)",38561|15098
21297,"Neuber, Johann Christian",Johann Christian Neuber,https://art.thewalters.org/browse/creator/johann-christian-neuber,,," (German, 1735-1808)",34494
5068,"Nevalainen, Anders Johan",Anders Nevalainen,https://art.thewalters.org/browse/creator/anders-nevalainen,,," (Finnish, 1858-1933)",82451
2225,"Newton, Gilbert Stuart",Gilbert Stuart Newton,https://art.thewalters.org/browse/creator/gilbert-stuart-newton,male,," (British, 1794-1835)",39324
4566,"Neyts, Gillis",Gillis Neyts,https://art.thewalters.org/browse/creator/gillis-neyts,male,," (Flemish, 1623-1687)",20114
2548,"Ni, Zan [Tsan]",Ni Tsan,https://art.thewalters.org/browse/creator/ni-tsan,,,,18286
6685,Nianyi [Nien-I],Nianyi [Nien-I],https://art.thewalters.org/browse/creator/nianyi-nien-i,,," (Chinese, active ca. 15th-16th century)",22764
8497,Niccolo da Bologna,Niccolo da Bologna,https://art.thewalters.org/browse/creator/niccolo-da-bologna,,,,27920|15892
5991,"Nicholl, Andrew",Andrew Nicholl,https://art.thewalters.org/browse/creator/andrew-nicholl,male,," (Irish, 1804-1886)",40064
36589,Niderviller Manufactory,Niderviller Manufactory,https://art.thewalters.org/browse/creator/niderviller-manufactory,,, (French),20302|34139|32706|17439|11379|14990
7020,"Niesindt, Conrad",Conrad Niesindt,https://art.thewalters.org/browse/creator/conrad-niesindt,,,,1467
8697,Nigerian,Nigerian,https://art.thewalters.org/browse/creator/nigerian,,,,6205|76612|76611|80070|80071|82673|82674|80072|80073|80074|80075|80066|80067|82675|82676|80068|80065
2815,Nikandros,Nikandros,https://art.thewalters.org/browse/creator/nikandros,,,,20290
15349,Nikolaki,Nikolaki,https://art.thewalters.org/browse/creator/nikolaki,,, (Greek (?)),29083
7165,"Nini, Giovanni Battista",Giovanni Battista Nini,https://art.thewalters.org/browse/creator/giovanni-battista-nini,male,," (Italian, 1717-1786)",12141|570|18428|34401|34823|9168|23782|11319
6368,Ninsei,Ninsei,https://art.thewalters.org/browse/creator/ninsei,male,," (Japanese, ca. 1648-ca. 1690)",31697|38097
6830,Nio school,Nio school,https://art.thewalters.org/browse/creator/nio-school,,,,17119
19345,"Nishaburi, Mahmud Shah",Shah Mahmud Nishaburi,https://art.thewalters.org/browse/creator/shah-mahmud-nishaburi,,, (died 972 AH/AD 1564-1565),2644
15016,"Nishimiya Shinroku, Gangetsudo (original)","Nishimiya Shinroku, Gangetsudo (original)",https://art.thewalters.org/browse/creator/nishimiya-shinroku-gangetsudo-original,,,,8722
3798,Nobuhide,Nobuhide,https://art.thewalters.org/browse/creator/nobuhide,male,," (Japanese, active ca. 1800)",39409|27772|79190
4964,Nobuie,Nobuie,https://art.thewalters.org/browse/creator/nobuie,male,," (Japanese, Japanese)",39616
6015,"Nobukazu, Watanabe",Watanabe Nobukazu,https://art.thewalters.org/browse/creator/watanabe-nobukazu,male,," (Japanese, 1874-1944)",79686|79687|79688
6539,Nobukiyo,Nobukiyo,https://art.thewalters.org/browse/creator/nobukiyo,male,," (Japanese, Japanese)",31444
6086,Nobumasa,Nobumasa,https://art.thewalters.org/browse/creator/nobumasa,male,, (Japanese),31444|9311
2728,Nobushin,Nobushin,https://art.thewalters.org/browse/creator/nobushin,male,, (Japanese),13547|39320
4220,Nobutoki,Nobutoki,https://art.thewalters.org/browse/creator/nobutoki,male,," (Japanese, ca. 1650-1700)",4294
16392,Nobutoshi,Nobutoshi,https://art.thewalters.org/browse/creator/nobutoshi,male,, (Japanese),38980
6610,Nobuyoshi,Nobuyoshi,https://art.thewalters.org/browse/creator/nobuyoshi,male,, (Japanese),20689|13485
3280,"Nobuyuki, Shinyosai",Shinyosai Nobuyuki,https://art.thewalters.org/browse/creator/shinyosai-nobuyuki,male,," (Japanese, active 1850-1899)",25334
2236,"Noda, Masaaki",Noda Masaaki,https://art.thewalters.org/browse/creator/noda-masaaki,male,," (Japanese, 1784-1821)",23439|17971
4413,"Noda, Mitsuhiro I",Noda Mitsuhiro I,https://art.thewalters.org/browse/creator/noda-mitsuhiro-i,male,," (Japanese, 1716-1781)",37440
3160,"Noda, Mitsuhiro II",Noda Mitsuhiro II,https://art.thewalters.org/browse/creator/noda-mitsuhiro-ii,male,," (Japanese, 1748-1823)",14744|21366
31652,"Nodier, Charles",Charles Nodier,https://art.thewalters.org/browse/creator/charles-nodier,,, (1780 - 1844),87815
5410,"Nollekens, Joseph",Joseph Nollekens,https://art.thewalters.org/browse/creator/joseph-nollekens,male,," (English, 1737-1823)",25635
3624,"Nomura, Katsumori",Nomura Katsumori,https://art.thewalters.org/browse/creator/nomura-katsumori,male,," (Japanese, 1835-1917)",18855
1986,"Nomura, Masatsugu",Nomura Masatsugu,https://art.thewalters.org/browse/creator/nomura-masatsugu,male,," (Japanese, 1729-1779)",9543
3548,"Nomé, François de",François de Nomé,https://art.thewalters.org/browse/creator/franbois-de-nomc,male,," (French,  ca. 1593-after 1644)",23519|37844
3466,Norimitsu,Norimitsu,https://art.thewalters.org/browse/creator/norimitsu,male,, (Japanese),3686
3318,Norinaga,Norinaga,https://art.thewalters.org/browse/creator/norinaga,male,," (Japanese, active ca. 1875)",4206
2905,"Norisuke, Iwata I",Iwata Norisuke I,https://art.thewalters.org/browse/creator/iwata-norisuke-i,male,," (Japanese, 1781-1852)",28344|28667
1966,"Norisuke, Iwata II",Iwata Norisuke II,https://art.thewalters.org/browse/creator/iwata-norisuke-ii,male,," (Japanese, 1817-1883)",20836|28344|79600|79601
6090,Noritsugu,Noritsugu,https://art.thewalters.org/browse/creator/noritsugu,male,," (Japanese, 19th century)",28575
33561,North Italian,North Italian,https://art.thewalters.org/browse/creator/north-italian,,,,4180|20210|10459
18243,Northern European,Northern European,https://art.thewalters.org/browse/creator/northern-european,,,,25487
18329,Northern Italian,Northern Italian,https://art.thewalters.org/browse/creator/northern-italian,,,,36911|33409
18085,Norwich School,Norwich School,https://art.thewalters.org/browse/creator/norwich-school,,," (British, active 1803-1833)",23486
5975,"Nouailher, Couly",Couly Nouailher,https://art.thewalters.org/browse/creator/couly-nouailher,male,," (French, b. 1514, active 1574)",15296|38708
4253,"Nouailher, Pierre, I",Pierre Nouailher I,https://art.thewalters.org/browse/creator/pierre-nouailher-i,,," (French, active 1657 or 1665-1717)",40247
7121,Nubian,Nubian,https://art.thewalters.org/browse/creator/nubian,,,,6950|28665
32969,"Nugren, Thedor",Thedor Nugren,https://art.thewalters.org/browse/creator/thedor-nugren,,,,82329
4738,"Nukagawa, Yasunori",Nukagawa Yasunori,https://art.thewalters.org/browse/creator/nukagawa-yasunori,male,," (Japanese, active ca. 1800)",26762|35292|30592|22491
7106,"Nuvolone, Carlo Francesco",Carlo Francesco Nuvolone,https://art.thewalters.org/browse/creator/carlo-francesco-nuvolone,male,," (Italian, 1609-1662)",12803
21254,"Nuyts, Martin",Martin Nuyts,https://art.thewalters.org/browse/creator/martin-nuyts,,, (1553 - 1608),84611
16821,"O'Connor, Andrew",Andrew O'Connor,https://art.thewalters.org/browse/creator/andrew-oconnor,male,," (American, 1846-1924)",10399|26595
5430,"O'Connor, James Arthur",James Arthur O'Connor,https://art.thewalters.org/browse/creator/james-arthur-oconnor,male,," (Irish, 1792/3-1841)",36091
4241,"O'Conor, Roderic",Roderic O'Conor,https://art.thewalters.org/browse/creator/roderic-oconor,male,," (Irish, 1860-1940)",7737
31382,"OGILBY, JOHN",John Ogilby,https://art.thewalters.org/browse/creator/john-ogilby,,,,87349
6222,"Odazzi, Giovanni",Giovanni Odazzi,https://art.thewalters.org/browse/creator/giovanni-odazzi,male,," (Italian, 1663-1731)",6435
36519,"Odelli, Antonio",Antonio Odelli,https://art.thewalters.org/browse/creator/antinio-odelli,,," (Italian, 1785 - 1872)",11651
6620,"Oertel, Johannes Adam Simon",Johannes Adam Simon Oertel,https://art.thewalters.org/browse/creator/johannes-adam-simon-oertel,male,," (American, 1823-1909)",9705
21256,Officina Plantiniana,Officina Plantiniana,https://art.thewalters.org/browse/creator/officina-plantiniana,,,,84557
6894,"Ogata, Kenzan",Ogata Kenzan,https://art.thewalters.org/browse/creator/ogata-kenzan,male,," (Japanese, 1663-1743)",22026|26380|15433
15023,Ogawa Hansuke,Ogawa Hansuke,https://art.thewalters.org/browse/creator/ogawa-hansuke,,,,38995
4792,"Ogawa, Haritsu",Ogawa Haritsu,https://art.thewalters.org/browse/creator/ogawa-haritsu,male,," (Japanese, 1663-1747)",30783|25505
2479,"Ogawa, Teikan",Ogawa Teikan,https://art.thewalters.org/browse/creator/ogawa-teikan,male,," (Japanese, 1828-1898)",26865|39442|24345|26465|1635
6212,"Oishi, Akichika",Oishi Akichika,https://art.thewalters.org/browse/creator/oishi-akichika,male,," (Japanese, active mid 19th century)",34394|38821|18446|31107|13635
5051,"Okada, Setsuga",Okada Setsuga,https://art.thewalters.org/browse/creator/okada-setsuga,male,," (Japanese, 1854-ca. 1925)",22675|18244|32888|36705|79524|79525|79526
35349,"Okajima, Tesshu",Okajima Tesshu,https://art.thewalters.org/browse/creator/okajima-tesshu,,," (Japanese, born 1890)",102908
4695,"Okamoto, Naoshige",Okamoto Naoshige,https://art.thewalters.org/browse/creator/okamoto-naoshige,male,," (Japanese, died 1780)",20508|13286|5652|12957|28413|11246|37585|6712
5415,"Okamoto, Tomokata",Okamoto Tomokata,https://art.thewalters.org/browse/creator/okamoto-tomokata,male,," (Japanese, d. 1822)",19191|79257|79258|79259
2945,"Okatomo, Yamaguchi",Yamaguchi Okatomo,https://art.thewalters.org/browse/creator/yamaguchi-okatomo,male,," (Japanese, active 1756-1781)",38644|26148|32855|24709|30143
15024,Okura Sambei,Okura Sambei,https://art.thewalters.org/browse/creator/okura-sambei,,,,17032
15025,Okura Sombei,Okura Sombei,https://art.thewalters.org/browse/creator/okura-sombei,,,,15689|36798|29099|31612
34650,"Okura, Hanbei",Okura Hanbei,https://art.thewalters.org/browse/creator/okura-hanbei,,, (Japanese),99850
2745,Old Believer Workshop,Old Believer Workshop,https://art.thewalters.org/browse/creator/old-believer-workshop,,, (Russian),11346|3059|31822
6582,"Oliver, Isaac I",Isaac Oliver I,https://art.thewalters.org/browse/creator/isaac-oliver-i,male,," (English, ca. 1565-1617)",40193|37236|37044
2243,"Oliver, Peter",Peter Oliver,https://art.thewalters.org/browse/creator/peter-oliver,male,," (English, ca. 1594-1647)",22776|25464|40425
34985,"Oliverio, Alessandro",Alessandro Oliverio,https://art.thewalters.org/browse/creator/alessandro-oliverio,,," (Italian, ca. 1500 - 1544)",4646
8579,Olmec,Olmec,https://art.thewalters.org/browse/creator/olmec,,,,78394|78415|78416|78417|78420|78421|78425|78405|78406|80219|80340|80375|80383|80392|80417|80424|80425|80443|80388
6473,Omin,Omin,https://art.thewalters.org/browse/creator/omin,male,," (Japanese, 19th century)",32280
15026,Omiya Heihachi,Omiya Heihachi,https://art.thewalters.org/browse/creator/omiya-heihachi,,,,26373|33694|35233|18949|21264
3067,"Omori, Teruhide",Omori Teruhide,https://art.thewalters.org/browse/creator/omori-teruhide,male,," (Japanese, 1730-1798)",39|19636|34319|32943
15027,On outside of print. unidentified,On outside of print. unidentified,https://art.thewalters.org/browse/creator/on-outside-of-print-unidentified,,,,9771
3490,"Ono, Mitsutaka",Ono Mitsutaka,https://art.thewalters.org/browse/creator/ono-mitsutaka,male,," (Japanese, active ca. 1775)",20583
5274,"Opel, Peter",Peter Opel,https://art.thewalters.org/browse/creator/peter-opel,male,," (German, ca. 1549-1619)",37703
4691,"Opie, John",John Opie,https://art.thewalters.org/browse/creator/john-opie,male,," (British, 1761-1807)",5255
35393,"Orbegoso, Ana de",Ana de Orbegoso,https://art.thewalters.org/browse/creator/ana-de-orbegoso,,," (Peruvian, born 1964)",103064|103066
7761,"Orcagna, Andrea",Orcagna,https://art.thewalters.org/browse/creator/orcagna,male,," (Italian, born 1315-1320, died 1368)",34649|19200|37848
15485,"Ordóñez, Bartolomé",Bartolomé Ordóñez,https://art.thewalters.org/browse/creator/bartolomc-ordez,male,," (Spanish, after 1480-1520)",25078|25078
4285,"Orioli, Pietro di Francesco degli",Pietro di Francesco degli Orioli,https://art.thewalters.org/browse/creator/pietro-di-francesco-degli-orioli,male,," (Italian, 1458-1496)",178|34424
32198,"Orley, Bernaert van",Bernaert van Orley,https://art.thewalters.org/browse/creator/bernaert-van-orley,,," (born ca. 1488 - 1492, died ca. 1541 or 1542)",32652
31571,"Orlov, Dimitrii Ivanovich",Dimitrii Ivanovich Orlov,https://art.thewalters.org/browse/creator/dimitrii-ivanovich-orlov,,, (1840-1872),82419
15148,"Orosius, Paulus",Paulus Orosius,https://art.thewalters.org/browse/creator/paulus-orosius,,,,3140
5871,"Orrente, Pedro",Pedro Orrente,https://art.thewalters.org/browse/creator/pedro-orrente,male,," (Spanish, ca. 1580-1645)",7270
34864,"Orsini, Antonio",Antonio Orsini,https://art.thewalters.org/browse/creator/antonio-orsini,,," (Italian, active 1432 - 1491)",26974
8716,"Ortelius, Abraham",Abraham Ortelius,https://art.thewalters.org/browse/creator/abraham-ortelius,,,,4442|85490|85491|85492
2395,Ortolano,Ortolano,https://art.thewalters.org/browse/creator/ortolano,male,," (Italian, ca. 1500-after 1527)",2482
35083,"Ostade, Adriaen van",Adriaen van Ostade,https://art.thewalters.org/browse/creator/adriaen-van-ostade,,," (Dutch, 1610 - 1685)",101818
4039,Ostrogothic,Ostrogothic,https://art.thewalters.org/browse/creator/ostrogothic,,,,29337|21359|17586|6539|913|78179
17613,"Otagaki, Rengetsu",Otagaki Rengetsu,https://art.thewalters.org/browse/creator/otagaki-rengetsu,female,," (Japanese, 1791-1875)",18131
6193,"Otani, Motooku",Otani Motooku,https://art.thewalters.org/browse/creator/otani-motooku,male,," (Japanese,)",17608
32699,"Otis, Bass",Bass Otis,https://art.thewalters.org/browse/creator/bass-otis,,," (American, 1784-1861)",30230
4464,"Otmar, Johann",Johann Otmar,https://art.thewalters.org/browse/creator/johann-otmar,,,,17651|85367
5025,"Otsuki, Mitsuhiro",Otsuki Mitsuhiro,https://art.thewalters.org/browse/creator/otsuki-mitsuhiro,male,," (Japanese, 1795-1841)",38649|15755|10429
5018,"Otsuki, Mitsuoki",Otsuki Mitsuoki,https://art.thewalters.org/browse/creator/otsuki-mitsuoki,male,," (Japanese, 1766-1834)",22247|2722|11216|22363|8598
16163,Ottoman,Ottoman,https://art.thewalters.org/browse/creator/ottoman,,,,605|6492|79991|79974|83285|7302
5396,Ottonian,Ottonian,https://art.thewalters.org/browse/creator/ottonian,,,,15750
35365,"Oudry, Jean Baptiste",Jean Baptiste Oudry,https://art.thewalters.org/browse/creator/jean-baptiste-oudry,,," (French, 1686 - 1755)",24070
7190,"Ouizille, Louis",Louis Ouizille,https://art.thewalters.org/browse/creator/louis-ouizille,,," (French, active 1768-1791)",19842
6755,"Ouvrie, Pierre Justin",Pierre Justin Ouvrie,https://art.thewalters.org/browse/creator/pierre-justin-ouvrie,male,," (French, 1806-1879)",38387
3889,"Ovchinnikov, Pavel Akimovic",Pavel Ovchinnikov,https://art.thewalters.org/browse/creator/pavel-akimovic-ovchinnikov,,," (Russian, 1830 - 1888)",39363|82457|82316|82458|82320|82375|82293|82317|82462|82381|82321|82503|82466|82480|82286|82258|82341|82369|82372|82376|82379|82289|82448|82455|82456|82478|82511|82465|82464
31658,Ovid,Ovid,https://art.thewalters.org/browse/creator/ovid,,, (Roman 43 BC-17/18 AD),20143|27898|3612|10523|1501
3146,"Owen, William",William Owen,https://art.thewalters.org/browse/creator/william-owen,male,," (English, 1769-1825)",23796
5691,"Oyama, Motozane I",Oyama Motozane I,https://art.thewalters.org/browse/creator/oyama-motozane-i,male,," (Japanese, 1741-1830)",15185|20960
5038,"Ozawa, Shûraku",Ozawa Shûraku,https://art.thewalters.org/browse/creator/ozawa-shraku,male,," (Japanese, 1830-1894)",8192|13424
3640,"P'u, Ch'iang",Ch'iang P'u,https://art.thewalters.org/browse/creator/chiang-pu,,," (Chinese, 1708-1761)",32761
7519,P. van Keulen,P. van Keulen,https://art.thewalters.org/browse/creator/p-van-keulen,,," (Dutch, active ca. 1660)",5107
31374,"PLINY, THE ELDER",the Elder Pliny,https://art.thewalters.org/browse/creator/the-elder-pliny,,,,87330
7035,"Pacchiarotto, Giacomo",Giacomo Pacchiarotto,https://art.thewalters.org/browse/creator/giacomo-pacchiarotto,male,," (Italian, 1474-1539/1540)",16318
3758,Pacetti,Pacetti,https://art.thewalters.org/browse/creator/pacetti,,,,33215
3389,"Pacetti, Camillo",Camillo Pacetti,https://art.thewalters.org/browse/creator/camillo-pacetti,,, (1758-1826),12137
5054,"Padeloup, Antoine-Michel",Antoine-Michel Padeloup,https://art.thewalters.org/browse/creator/antoine-michel-padeloup,,,,35173
5056,Paidikos,Paidikos,https://art.thewalters.org/browse/creator/paidikos,,," (Greek, active ca. 530-500 BC)",16250
33258,"Paillet, Eugène",Eugène Paillet,https://art.thewalters.org/browse/creator/eugrne-paillet,,,,88124
21057,"Paillet, Fernand",Fernand Paillet,https://art.thewalters.org/browse/creator/fernand-paillet,,," (French, 1850 - 1918)",77169
33259,"Paillet, Jean",Jean Paillet,https://art.thewalters.org/browse/creator/jean-paillet,,,,88124
15806,Painter of Athens 894,Painter of Athens 894,https://art.thewalters.org/browse/creator/painter-of-athens-894,,, (Greek),9982
6001,"Painter, Achilles",Achilles Painter,https://art.thewalters.org/browse/creator/achilles-painter,,," (Greek, active ca. 470-ca. 425 BCE)",27788
3130,"Painter, Agrigento",Agrigento Painter,https://art.thewalters.org/browse/creator/agrigento-painter,,," (Greek, active ca. 475-450 BCE)",6937
4414,"Painter, Aischines",Aischines Painter,https://art.thewalters.org/browse/creator/aischines-painter,,," (Greek, active ca. 475-ca. 450 BC)",28165
5129,"Painter, Altamura",Altamura Painter,https://art.thewalters.org/browse/creator/altamura-painter,,," (Greek, active ca. 475 BC-450 BCE)",8994
2599,"Painter, Antimenes",Antimenes Painter,https://art.thewalters.org/browse/creator/antimenes-painter,,," (Greek, active ca. 530-510 BCE)",18168|2427|6825
1894,"Painter, Antiphon",Antiphon Painter,https://art.thewalters.org/browse/creator/antiphon-painter,,," (Greek, active ca. 500-ca. 475 BCE)",21844
6379,"Painter, Apollonia",Apollonia Painter,https://art.thewalters.org/browse/creator/apollonia-painter,,," (Greek, active ca. 360-340 BCE)",15102
15534,"Painter, Ascoli Satriano",Ascoli Satriano Painter,https://art.thewalters.org/browse/creator/ascoli-satriano-painter,,," (Greek, active ca. 340-320 BC)",22720
16309,"Painter, Assumption",Assumption Painter,https://art.thewalters.org/browse/creator/assumption-painter,,," (Italian, ca. 1525)",12085
2966,"Painter, Athena",Athena Painter,https://art.thewalters.org/browse/creator/athena-painter,,," (Greek, active ca. 500-475 BCE)",32946
2096,"Painter, Baltimore",Baltimore Painter,https://art.thewalters.org/browse/creator/baltimore-painter,,," (Greek, active ca. 330-310 BCE)",30814
16417,"Painter, Beldam",Beldam Painter,https://art.thewalters.org/browse/creator/beldam-painter,,," (Greek, active ca. 500-450 BCE)",36555|62
5554,"Painter, Berlin",Berlin Painter,https://art.thewalters.org/browse/creator/berlin-painter,,," (Greek, active ca. 500-460 BCE)",36031|37705|20732
2922,"Painter, Bowdoin",Bowdoin Painter,https://art.thewalters.org/browse/creator/bowdoin-painter,,," (Greek, active ca. 500-ca. 475 BC)",27038|10430|1912
1885,"Painter, Bridgestone",Bridgestone Painter,https://art.thewalters.org/browse/creator/bridgestone-painter,,, (Greek),30726
3429,"Painter, Carlsruhe",Carlsruhe Painter,https://art.thewalters.org/browse/creator/carlsruhe-painter,,," (Greek, active ca. 475-450 BC)",31861|7229
6721,"Painter, Cassel",Cassel Painter,https://art.thewalters.org/browse/creator/cassel-painter,,," (Greek, ca. 450-420 BCE)",28454
6604,"Painter, Christie",Christie Painter,https://art.thewalters.org/browse/creator/christie-painter,,," (Greek, active ca. 450-420 BCE)",29124
6255,"Painter, Colmar",Colmar Painter,https://art.thewalters.org/browse/creator/colmar-painter,,," (Greek, active ca. 500-475 BC)",3127
6976,"Painter, Emporion",Emporion Painter,https://art.thewalters.org/browse/creator/emporion-painter,,," (Greek, active ca. 500 BCE)",38265|7886
3627,"Painter, Epeleios",Epeleios Painter,https://art.thewalters.org/browse/creator/epeleios-painter,,," (Greek, active ca. 530-500 BC)",40195
6658,"Painter, Epimedes",Epimedes Painter,https://art.thewalters.org/browse/creator/epimedes-painter,,," (Greek, active ca. 450-420 BCE)",5605
3188,"Painter, Ethiop",Ethiop Painter,https://art.thewalters.org/browse/creator/ethiop-painter,,," (Greek, active ca. 480-450 BCE)",14784
3894,"Painter, Euphiletos",Euphiletos Painter,https://art.thewalters.org/browse/creator/euphiletos-painter,,," (Greek, active ca. 530-520 BCE)",871
6309,"Painter, Florence",Florence Painter,https://art.thewalters.org/browse/creator/florence-painter,,," (Greek, active ca. 480-ca. 450 BCE)",1243
16494,"Painter, Gela",Gela Painter,https://art.thewalters.org/browse/creator/gela-painter,,," (Greek, active ca. 500-450 BCE)",19887
3905,"Painter, Griffin-Bird",Griffin-Bird Painter,https://art.thewalters.org/browse/creator/griffin-bird-painter,,," (Greek, active ca. 575-530 BCE)",10106
3185,"Painter, Haimon",Haimon Painter,https://art.thewalters.org/browse/creator/haimon-painter,,," (Greek, active ca. 525-475 BCE)",28955|27241|7146
3638,"Painter, Hasselmann",Hasselmann Painter,https://art.thewalters.org/browse/creator/hasselmann-painter,,," (Greek, active ca. 450-420 BCE)",28246
4364,"Painter, Herakles",Herakles Painter,https://art.thewalters.org/browse/creator/herakles-painter,,," (Greek, active 4th century BCE)",31250
2624,"Painter, Lysippides",Lysippides Painter,https://art.thewalters.org/browse/creator/lysippides-painter,,," (Greek, active 530-510 BCE)",17198
3231,"Painter, Makaria",Makaria Painter,https://art.thewalters.org/browse/creator/makaria-painter,,," (Greek, active late 5th century BC)",3794
4737,"Painter, Mariani The",The Mariani Painter,https://art.thewalters.org/browse/creator/the-mariani-painter,,," (Greek, active ca. 500-475 BCE)",1835
6541,"Painter, Meleager",Meleager Painter,https://art.thewalters.org/browse/creator/meleager-painter,,," (Greek, active 420-ca. 380 BC)",12435
4084,"Painter, Micali",Micali Painter,https://art.thewalters.org/browse/creator/micali-painter,,," (Etruscan, ca. 530-480 BCE)",16193
5738,"Painter, Milan Marsyas",Milan Marsyas Painter,https://art.thewalters.org/browse/creator/milan-marsyas-painter,,," (Italian, active 1525-1535)",10133|27631
2919,"Painter, Naples",Naples Painter,https://art.thewalters.org/browse/creator/naples-painter,,," (Greek, active ca. 450-420 BCE)",11871
3715,"Painter, Nikosthenes",Nikosthenes Painter,https://art.thewalters.org/browse/creator/nikosthenes-painter,,," (Greek, active ca. 510-500 BCE)",20249|10498
7140,"Painter, Niobid",Niobid Painter,https://art.thewalters.org/browse/creator/niobid-painter,,," (Greek, ca. 470-445 BCE)",15642
5548,"Painter, Red-Line",Red-Line Painter,https://art.thewalters.org/browse/creator/red-line-painter,,," (Greek, active ca. 520-490 BCE)",22173|8473
5203,"Painter, Reed",Reed Painter,https://art.thewalters.org/browse/creator/reed-painter,,," (Greek, active ca. 420-390 BC)",14437
3524,"Painter, Sotades",Sotades Painter,https://art.thewalters.org/browse/creator/sotades-painter,,," (Greek, active ca. 475-450 BCE)",20024
5648,"Painter, Sotheby",Sotheby Painter,https://art.thewalters.org/browse/creator/sotheby-painter,,," (Greek, active ca. 480-450 BCE)",30136
6893,"Painter, Splanchnopt",Splanchnopt Painter,https://art.thewalters.org/browse/creator/splanchnopt-painter,,," (Greek, active ca. 475-450 BCE)",23061
6992,"Painter, Stieglitz",Stieglitz Painter,https://art.thewalters.org/browse/creator/stieglitz-painter,,," (Greek, active ca. 480-ca. 450 BC)",24497
6389,"Painter, Swing",Swing Painter,https://art.thewalters.org/browse/creator/swing-painter,,," (Greek, active ca. 540-520 BCE)",39365
6293,"Painter, Syriskos",Syriskos Painter,https://art.thewalters.org/browse/creator/syriskos-painter,,," (Greek, active ca. 500-475 BCE)",27085
8588,"Painter, Tarporley",Tarporley Painter,https://art.thewalters.org/browse/creator/tarporley-painter,,," (Greek, active ca. 405-370 BC)",7369
4332,"Painter, Thanatos",Thanatos Painter,https://art.thewalters.org/browse/creator/thanatos-painter,,," (Greek, active ca. 450-420 BCE)",3135
2344,"Painter, Tyszkiewicz",Tyszkiewicz Painter,https://art.thewalters.org/browse/creator/tyszkiewicz-painter,,," (Greek, active ca. 500-ca. 475 BCE)",33313
8440,"Painter, Walters",Walters Painter,https://art.thewalters.org/browse/creator/walters-painter,,," (Greek, active ca. 625-600 BCE)",13932
8193,"Painter, Walters-Dresden",Walters-Dresden Painter,https://art.thewalters.org/browse/creator/walters-dresden-painter,,," (Greek, active early 4th century BCE)",30808
4390,"Pajou, Augustin",Augustin Pajou,https://art.thewalters.org/browse/creator/augustin-pajou,male,," (French, 1730-1809)",29068
1935,Pakistan,Pakistan,https://art.thewalters.org/browse/creator/pakistan,,,,16283
7690,Pakistani,Pakistani,https://art.thewalters.org/browse/creator/pakistani,,,,30513|39199|37134|23311|19829|92366|92367
2594,Palestinian,Palestinian,https://art.thewalters.org/browse/creator/palestinian,,,,9033|12193|39686|17328
15518,"Palissy, Bernard",Bernard Palissy,https://art.thewalters.org/browse/creator/bernard-palissy,male,," (French, 1509-1590)",271|8322|6344|9847|29709|18320|12224
16301,"Pallàs y Puig, Francisco",Francisco Pallàs y Puig,https://art.thewalters.org/browse/creator/francisco-palls-y-puig,,," (Spanish, 1859 - 1926)",11783
4606,"Palmer, Erastus Dow",Erastus Dow Palmer,https://art.thewalters.org/browse/creator/erastus-dow-palmer,male,," (American, 1817-1904)",20557|37049|9232
31818,"Palmerini, Pier Antonio",Pier Antonio Palmerini,https://art.thewalters.org/browse/creator/pier-antonio-palmerini,,," (Italian, died 1538)",19821
6594,"Palmezzano, Marco",Marco Palmezzano,https://art.thewalters.org/browse/creator/marco-palmezzano,male,," (Italian, ca. 1460-1539)",7136|24646
16198,Palmyrene,Palmyrene,https://art.thewalters.org/browse/creator/palmyrene,,,,76362
7892,Pamphaios,Pamphaios,https://art.thewalters.org/browse/creator/pamphaios,male,," (Greek, active 510-480 BCE)",10498
6826,"Panini, Giovanni Paolo",Giovanni Paolo Panini,https://art.thewalters.org/browse/creator/giovanni-paolo-panini,male,," (Italian, ca. 1692-1765)",24230|24100|33091|39200
31677,"Pankratyev, Grigori Grigoevich",Grigori Grigoevich Pankratyev,https://art.thewalters.org/browse/creator/grigori-grigoevich-pankratyev,,, (act. 1874-1908),82417
17978,"Pao, Feng-pao",Pao Feng-pao,https://art.thewalters.org/browse/creator/pao-feng-pao,,,,11420
8640,"Paolini, Pietro",Pietro Paolini,https://art.thewalters.org/browse/creator/pietro-paolini,male,," (Italian, 1603-1681)",15244
17163,"Paolo, Giannicola di",Giannicola di Paolo,https://art.thewalters.org/browse/creator/giannicola-di-paolo,male,," (Italian, ca. 1460-1544)",12044
3084,"Pape, Martin Didier",Martin Didier Pape,https://art.thewalters.org/browse/creator/martin-didier-pape,male,," (French, active 1574-1609)",37553|2444|31119|4822|28442|18461|21173
34282,"Parbury, Ishmail",Ishmail Parbury,https://art.thewalters.org/browse/creator/ishmail-parbury,,," (English, ca. 1697 - 1746)",21001
8161,"Pardo, Robert S.",Robert S. Pardo,https://art.thewalters.org/browse/creator/robert-s-pardo,,,,25627
34874,Parma,Parma,https://art.thewalters.org/browse/creator/parma,,, (Italian),31991|15547
5429,"Parpette, Philippe",Philippe Parpette,https://art.thewalters.org/browse/creator/philippe-parpette,male,," (French, 1736-1806)",21080|77457
6347,"Parsons, Alfred",Alfred Parsons,https://art.thewalters.org/browse/creator/alfred-parsons,male,," (English, 1847-1920)",29882
16256,Parthian,Parthian,https://art.thewalters.org/browse/creator/parthian,,,,16910
4032,Parthian,Parthian,https://art.thewalters.org/browse/creator/parthian2,,,,99794|99802|37771|24913
4094,"Partridge, Joseph",Joseph Partridge,https://art.thewalters.org/browse/creator/joseph-partridge,,," (English, active 1817-1822)",37442
18063,"Pasa, Semsi",Semsi Pasa,https://art.thewalters.org/browse/creator/semsi-pasa,male,," (Islamic, died 988 AH/AD 1580)",33845|81208|81209|81210
4434,"Pascucci, Francesco",Francesco Pascucci,https://art.thewalters.org/browse/creator/francesco-pascucci,male,," (Italian, active 1787-1803)",40831
17741,"Pasinelli, Lorenzo",Lorenzo Pasinelli,https://art.thewalters.org/browse/creator/lorenzo-pasinelli,male,," (Italian, 1629-1700)",7259
2833,"Pasini, Alberto",Alberto Pasini,https://art.thewalters.org/browse/creator/alberto-pasini,male,," (Italian, 1826-1899)",12852|11281|23634
5409,"Passarotti, Bartolomeo",Bartolomeo Passarotti,https://art.thewalters.org/browse/creator/bartolomeo-passarotti,male,," (Italian, 1529-1592)",23806
21293,"Passe, Crispijn de the elder",Crispijn de Passe the elder,https://art.thewalters.org/browse/creator/crispijn-van-de-passe-the-elder,,," (Dutch, ca. 1565-1637)",85656|90585
6024,"Passenger, Charles",Charles Passenger,https://art.thewalters.org/browse/creator/charles-passenger,,,,34062
3239,"Passeri, Giuseppe",Giuseppe Passeri,https://art.thewalters.org/browse/creator/giuseppe-passeri,male,," (Italian, 1654-1714)",13124
5961,"Passini, Ludwig Johann",Ludwig Johann Passini,https://art.thewalters.org/browse/creator/ludwig-johann-passini,male,," (German, 1832-1903)",1836|32486
6736,"Pasti, Matteo de'",Matteo de' Pasti,https://art.thewalters.org/browse/creator/matteo-de-pasti,male,," (Italian, ca. 1420-after 1467)",7337
34266,"Pastina, Edoardo",Edoardo Pastina,https://art.thewalters.org/browse/creator/edoardo-pastina,,," (Italian, active ca. 1850 - 1870)",33290|32610|24211|29012
3914,Patanazzi family,Patanazzi family,https://art.thewalters.org/browse/creator/patanazzi-family,,," (Italian, active ca. 1580 - 1610)",39973|19350|4389|17358|38640|28356|28894
5020,"Patania, Giuseppe",Giuseppe Patania,https://art.thewalters.org/browse/creator/giuseppe-patania,male,," (Italian, 1780-1852)",7759|4303
5993,"Patrois, Isidore",Isidore Patrois,https://art.thewalters.org/browse/creator/isidore-patrois,male,," (French, 1815-1884)",777|20242
16133,"Patron, Jn. Ls.",Jn. Ls. Patron,https://art.thewalters.org/browse/creator/jn-ls-patron,,, (Swiss),3992
3210,"Paudiss, Christoph",Christoph Paudiss,https://art.thewalters.org/browse/creator/christoph-paudiss,male,," (German, ca. 1625-1666)",38987
4636,"Peale, Anna Claypoole",Anna Claypoole Peale,https://art.thewalters.org/browse/creator/anna-claypoole-peale,,," (American, 1791-1878)",9837|22705
2579,"Peale, Charles Willson",Charles Willson Peale,https://art.thewalters.org/browse/creator/charles-willson-peale,male,," (American, 1741-1827)",7785|27475
3323,"Peale, Rembrandt",Rembrandt Peale,https://art.thewalters.org/browse/creator/rembrandt-peale,male,," (American, 1778-1860)",19454|76361
7876,"Pedanius, Dioscorides of Anazarbos","Dioscorides Pedanius, of Anazarbos",https://art.thewalters.org/browse/creator/dioscorides-pedanius-of-anazarbos,,,,3536|37018|10757|6758|6532|33697|84223|84224|84296|84297|84298|84299
3022,"Pedon, Bartolomeo",Bartolomeo Pedon,https://art.thewalters.org/browse/creator/bartolomeo-pedon,male,," (Italian, 1665-1732)",24114
1903,"Peeters, Isabella",Isabella Peeters,https://art.thewalters.org/browse/creator/isabella-peeters,female,," (Flemish, born 1662)",21111|13532
3551,"Peeters, Jan I",Jan Peeters I,https://art.thewalters.org/browse/creator/jan-peeters-i,male,," (Flemish, 1624-ca. 1677)",34825
15358,"Peffenhauser, Wilhelm",Wilhelm Peffenhauser,https://art.thewalters.org/browse/creator/wilhelm-peffenhauser,,, (German),23784
15351,"Peiras, Charles",Charles Peiras,https://art.thewalters.org/browse/creator/charles-peiras,,, (French),17154
16968,"Penicaud, Jean I",Jean Penicaud I,https://art.thewalters.org/browse/creator/jean-penicaud-i,male,," (French, ca. 1490-after 1543)",13482
4698,"Penterman the Elder, Gerrit",Gerrit Penterman the Elder,https://art.thewalters.org/browse/creator/gerrit-penterman-the-elder,,," (Dutch, active 1677-1727)",77418
7923,"Perier, Marie François",Marie François Perier,https://art.thewalters.org/browse/creator/marie-franbois-perier,,,,20350
15437,"Perigal, Francis S.",Francis S. Perigal,https://art.thewalters.org/browse/creator/francis-s-perigal,male,," (English, 1770-1824)",18734
15438,"Perigal, John",John Perigal,https://art.thewalters.org/browse/creator/john-perigal,,, (British),18734
15614,"Peris, Gonçal",Gonçal Peris,https://art.thewalters.org/browse/creator/gonbal-peris,male,," (Spanish, active ca. 1404, died 1451)",28898
3742,"Perkhin, Mikhail",Mikhail Perkhin,https://art.thewalters.org/browse/creator/mikhail-perkhin,male,," (Russian, 1860-1903)",15225|40436|4432|10015|82504|82488
4424,"Perrault, Leon Jean Basile",Leon Jean Basile Perrault,https://art.thewalters.org/browse/creator/leon-jean-basile-perrault,male,," (French, 1832-1908)",28681
16349,"Perrocet, André",André Perrocet,https://art.thewalters.org/browse/creator/andrc-perrocet,male,," (French, active 1491-1524)",78634
4979,"Perry, Enoch Wood",Enoch Wood Perry,https://art.thewalters.org/browse/creator/enoch-wood-perry,male,," (American, 1831-1915)",3989
5745,"Perry, Enoch Wood",Enoch Wood Perry,https://art.thewalters.org/browse/creator/enoch-wood-perry2,male,," (American, 1831-1915)",20838
1860,"Perréal, Jean",Jean Perréal,https://art.thewalters.org/browse/creator/jean-perrcal,male,," (French, ca. 1455-1530)",23412|11865
3496,Persian,Persian,https://art.thewalters.org/browse/creator/persian,,,,36001|30556|36229|23141|37042|13647|20743|32460|77390|17776|33823|40143|5129|20963|20982|15318|27651|29902|3112|13784|81658|81659|81660|81661|81662|81663|81664|80130|80971|80129|95129|95130|95131|2557
15157,Persius,Persius,https://art.thewalters.org/browse/creator/persius,,,,8483
3286,Perugino,Perugino,https://art.thewalters.org/browse/creator/perugino,male,," (Italian, ca. 1450-1523)",23285|27655|13045|182
2768,Peruvian,Peruvian,https://art.thewalters.org/browse/creator/peruvian,,,,79401|79402|79403|79404|79405|79406|79407|80172|80221|80228|80234|80235|80240|80244|80246|80397|80398|80399|80415|80420|87504|80162|85453|85459|85462|85467|99801|101354|32769
31604,"Peter, of Poitiers","Peter, of Poitiers",https://art.thewalters.org/browse/creator/peter-of-poitiers,,, (ca. 1130-1205),6775|90958|90959|90961|90962|90963|90964|90965|91074
33085,"Peters, Matthew William",Matthew William Peters,https://art.thewalters.org/browse/creator/matthew-william-peters,,," (English, 1742-1814)",8573
16472,"Petit, Jean",Jean Petit,https://art.thewalters.org/browse/creator/jean-petit,,,,12315
15294,"Petitot, Jean",Jean Petitot,https://art.thewalters.org/browse/creator/jean-petitot,male,," (Swiss, 1607-1691)",10672|10928|33260|23602
5620,"Petitot, Jean le Jeune",Jean Petitot le Jeune,https://art.thewalters.org/browse/creator/jean-petitot-le-jeune,male,," (French, 1653-after 1699)",79107
7540,"Petrarca, Francesco",Francesco Petrarca,https://art.thewalters.org/browse/creator/francesco-petrarca,male,," (Italian, 1304-1374)",24312|31583|23682|21892|3044|800|37288|15502|9894|12299|13180|6991|14942|16387|10711|21288|2527|77288|77523|77558|77559|77560|77561|77562|77563|77564|77565|77566|77567|77568|77569|77570|77571|77572|77573|77574|77575|77576|77577|77578|77579|77580|77581|77582|77583|77584|77585|77586|77553|77554|77555|77556|77557
36557,"Petrucci, Thadea",Thadea Petrucci,https://art.thewalters.org/browse/creator/thadea-petrucci,,," (Italian, 1338 - 1362)",11121
36489,"Peyre, Jules-Constant",Jules-Constant Peyre,https://art.thewalters.org/browse/creator/jules-constant-peyre,,," (French, 1811 - 1871)",8372
8761,"Peytieu, Mathey",Mathey Peytieu,https://art.thewalters.org/browse/creator/mathey-peytieu,,,,35509
33496,"Pfeffel, Johann Andreas",Johann Andreas Pfeffel,https://art.thewalters.org/browse/creator/johann-andreas-pfeffel,,," (German, 1674 - 1748)",27594
6270,Phalaris,Phalaris,https://art.thewalters.org/browse/creator/phalaris,,,,26881
3038,Phidias,Phidias,https://art.thewalters.org/browse/creator/phidias,male,," (Greek, ca. 500-432 BCE)",19251|17909
4320,"Philipp, Jean Baptiste Cesar",Jean Baptiste Cesar Philipp,https://art.thewalters.org/browse/creator/jean-baptiste-cesar-philipp,,," (French, 1815-1877)",22863
3511,"Phillips, Henry Wyndham",Henry Wyndham Phillips,https://art.thewalters.org/browse/creator/henry-wyndham-phillips,male,," (English, 1820-1868)",1576
2337,Phoenician,Phoenician,https://art.thewalters.org/browse/creator/phoenician,,,,9657|32063|29605|20253|6671|40209|40005
16813,"Piamontini, Giuseppe",Giuseppe Piamontini,https://art.thewalters.org/browse/creator/giuseppe-piamontini,male,," (Italian, 1664-1742)",6537
4873,"Piccinelli, Andrea",Andrea Piccinelli,https://art.thewalters.org/browse/creator/andrea-piccinelli,male,," (Italian, active ca. 1507-1525)",27774
34321,Pichler Family,Pichler Family,https://art.thewalters.org/browse/creator/pichler-family2,,," (Italian, active 18th-19th centuries)",23406
15452,Pichler family,Pichler family,https://art.thewalters.org/browse/creator/pichler-family,,, (Italian),11091
2612,"Pichler, Luigi",Luigi Pichler,https://art.thewalters.org/browse/creator/luigi-pichler,male,," (Italian, 1773-1854)",20087|12512
16471,"Pichore, Jean",Jean Pichore,https://art.thewalters.org/browse/creator/jean-pichore,male,," (French, active ca. 1501-1520)",12315|25539|4710|272|79360|79361|78378|78379
4407,"Pigalle, Jean-Baptiste",Jean-Baptiste Pigalle,https://art.thewalters.org/browse/creator/jean-baptiste-pigalle,male,," (French, 1714-1785)",19001|77480
5816,"Pigouchet, Philippe",Philippe Pigouchet,https://art.thewalters.org/browse/creator/philippe-pigouchet,male,," (French, active 1488-1518)",36267
2964,Pillivuyt and Co.,Pillivuyt and Co.,https://art.thewalters.org/browse/creator/pillivuyt-and-co,,,,3288|94942
3831,"Pils, Isidore",Isidore Pils,https://art.thewalters.org/browse/creator/isidore-pils,male,," (French, 1813/1815-1875)",29347|1330
36568,"Pilsbury, Richard",Richard Pilsbury,https://art.thewalters.org/browse/creator/richard-pilsbury,,," (English, 1830 - 1897)",103661
6514,"Pin, Le",Le Pin,https://art.thewalters.org/browse/creator/le-pin,,,,330|13908|2425
15465,"Pinon, Charles-Athase",Charles-Athase Pinon,https://art.thewalters.org/browse/creator/charles-athase-pinon,,, (French),13294
15241,"Pintor, Bernat",Bernat Pintor,https://art.thewalters.org/browse/creator/bernat-pintor,,," (Spanish, active ca. 1378)",1275
15179,"Pinturicchio, Bernardino",Bernardino Pinturicchio,https://art.thewalters.org/browse/creator/bernardino-pinturicchio,male,," (Italian, ca. 1452-1513)",18980|35427
2849,"Pirri, Antonio",Antonio Pirri,https://art.thewalters.org/browse/creator/antonio-pirri,male,," (Italian, active ca. 1500-1550)",11977
16750,"Pisa, Giovanni da",Giovanni da Pisa,https://art.thewalters.org/browse/creator/giovanni-da-pisa,male,," (Italian, died ca. 1460)",25455
19001,"Piscator, Nicholaus Johannes",Nicholaus Johannes Piscator,https://art.thewalters.org/browse/creator/nicholaus-johannes-piscator,male,," (Dutch, 1586-1652)",24647
5751,"Pissarro, Camille",Camille Pissarro,https://art.thewalters.org/browse/creator/camille-pissarro,male,," (French, 1830 - 1903)",20599|27988
4131,"Pitati, Bonifazio de'",Bonifazio de' Pitati,https://art.thewalters.org/browse/creator/bonifazio-de-pitati,male,," (Italian, 1487-1553)",33253|27752
4621,"Pittoni, Giovanni Battista the younger","Giovanni Battista Pittoni, the younger",https://art.thewalters.org/browse/creator/giovanni-battista-pittoni-the-younger,male,," (Italian, 1687-1767)",40682
3820,"Plassan, Antoine-Émile",Antoine-Émile Plassan,https://art.thewalters.org/browse/creator/antoine-amile-plassan,male,," (French, 1817-1903)",36408|14934|32970|40888
3269,"Plautus, Titus Marcius",Titus Marcius Plautus,https://art.thewalters.org/browse/creator/titus-marcius-plautus,male,," (Roman, -255--184)",31328
21246,"Pleydenwurff, Wilhelm",Wilhelm Pleydenwurff,https://art.thewalters.org/browse/creator/wilhelm-pleydenwurff,,, (ca. 1460-ca. 1494),4405
4709,"Plimer, Andrew",Andrew Plimer,https://art.thewalters.org/browse/creator/andrew-plimer,male,," (British, 1763-1837)",4150
3395,"Plimer, Nathaniel",Nathaniel Plimer,https://art.thewalters.org/browse/creator/nathaniel-plimer,male,," (English, 1757-1822)",39016|29728
7296,"Plinius Secundus, Gaius",Gaius Plinius Secundus,https://art.thewalters.org/browse/creator/gaius-plinius-secundus,,,,16492
3137,Plutarch,Plutarch,https://art.thewalters.org/browse/creator/plutarch,male,," (Greek, 46-120)",28339|8827|5748|40603
2125,"Poelenburgh, Cornelis van",Cornelis van Poelenburgh,https://art.thewalters.org/browse/creator/cornelis-van-poelenburgh,male,," (Dutch, 1594 or 1595-1667)",1526|10422|5107
16442,"Point, Armand",Armand Point,https://art.thewalters.org/browse/creator/armand-point,male,," (French, 1861-1932)",79180
20397,"Poisson, Jeanne Antoinette Marquise de Pompadour","Jeanne Antoinette Poisson, Marquise de Pompadour",https://art.thewalters.org/browse/creator/jeanne-antoinette-poisson-marquise-de-pompadour,,," (French, 1721-1764)",95452|95464|95499|95503|95510|95511|95517|87358
3264,"Pokitonov, Ivan Pavlovich",Ivan Pavlovich Pokitonov,https://art.thewalters.org/browse/creator/ivan-pavlovich-pokitonov,male,," (Russian, 1850-1923)",23831
2313,Polish,Polish,https://art.thewalters.org/browse/creator/polish,,,,32906|40451
3014,Polykleitos,Polykleitos,https://art.thewalters.org/browse/creator/polykleitos,male,," (Greek, active 460-415 BC)",9513|34677|16642|15224|10480
5820,"Pomey-Ballue, Thérèse",Thérèse Pomey-Ballue,https://art.thewalters.org/browse/creator/thcrrse-pomey-ballue,female,," (French, 1867-1944)",22590
5329,"Pompei, Orazio",Orazio Pompei,https://art.thewalters.org/browse/creator/orazio-pompei,,," (Italian, active ca. 1530-1560)",21972
17263,"Poncet, Hélie",Hélie Poncet,https://art.thewalters.org/browse/creator/hclie-poncet,male,," (French, d. 1668)",21875|2210
3672,"Poncet, Philippe",Philippe Poncet,https://art.thewalters.org/browse/creator/philippe-poncet,male,," (French, died ca. 1679)",21875|2210
15409,Pontic,Pontic,https://art.thewalters.org/browse/creator/pontic,,,,25610|31894|23023|20821|39465|3153|28176|13569|30748|23599|37755|20897
5122,Pontormo,Pontormo (Jacopo Carucci),https://art.thewalters.org/browse/creator/pontormo,male,," (Italian, 1494-1557)",26104
8764,"Pope, John Russell",John Russell Pope,https://art.thewalters.org/browse/creator/john-russell-pope,,,,20241
1882,"Popov, Athanasius Stepanovich",Athanasius Stepanovich Popov,https://art.thewalters.org/browse/creator/athanasius-stepanovich-popov,,,,14841
34484,Porphyry,Porphyry,https://art.thewalters.org/browse/creator/porphyry,,," (Syrian, ca. 235 - ca. 305)",27021
7432,"Porta, Guglielmo della",Guglielmo della Porta,https://art.thewalters.org/browse/creator/guglielmo-della-porta,male,," (Italian, 1500/1510-1577)",36426
32261,"Portalis, Roger Baron",Baron Roger Portalis,https://art.thewalters.org/browse/creator/baron-roger-portalis,,, (1841 - 1912),88124
16299,Portuguese,Portuguese,https://art.thewalters.org/browse/creator/portuguese,,,,27799
31572,"Postnikov, Andrei Mikhailovich",Andrei Mikhailovich Postnikov,https://art.thewalters.org/browse/creator/andrei-mikhailovich-postnikov,,," (Russian, active 1868-1898)",82501|82335|82518
3581,"Pottier, Claude-Pierre",Claude-Pierre Pottier,https://art.thewalters.org/browse/creator/claude-pierre-pottier,,," (French, active 1778 - ca. 1810)",2742
7047,"Pourbus, Frans the younger",Frans Pourbus the younger,https://art.thewalters.org/browse/creator/frans-pourbus-the-younger,male,," (Flemish, 1569-1622)",292
16477,"Poyer, Jean",Jean Poyer,https://art.thewalters.org/browse/creator/jean-poyer,,," (French, active ca. 1480-ca. 1500)",27716|78087|78478|29332|78371|78370|27716|78087|78478
6955,"Pozzi, Andrea",Andrea Pozzi,https://art.thewalters.org/browse/creator/andrea-pozzi,male,," (Italian, 1718-1769)",5128
2699,"Pozzi, Stefano",Stefano Pozzi,https://art.thewalters.org/browse/creator/stefano-pozzi,male,," (Italian, 1699-1768)",34461|22443
8315,Praenestine,Praenestine,https://art.thewalters.org/browse/creator/praenestine,,,,1355|27408|8481|4531|22430
15739,"Prang, Louis",Louis Prang,https://art.thewalters.org/browse/creator/louis-prang,male,," (American, 1824 - 1909)",77116
5992,Praxiteles,Praxiteles,https://art.thewalters.org/browse/creator/praxiteles,male,," (Greek, active ca. 375-340 BCE)",16868|4319|17055|40497|9660
7205,Pre-Columbian,Pre-Columbian,https://art.thewalters.org/browse/creator/pre-columbian,,,,30457|32478|8681|22481|12865|14274|9074|33855|26836|21577|29655|37231|19973|6461|34230|10540|38313|34540|5481|37286|32657|3642|12065
32753,"Premierfait, Laurent de",Laurent de Premierfait,https://art.thewalters.org/browse/creator/laurent-de-premierfait,,," (French, died 1418)",31383|21832
7143,"Preuning, Paul",Paul Preuning,https://art.thewalters.org/browse/creator/paul-preuning,,," (German, active ca. 1540-1560)",6393
16215,"Prevost, Jean-Jacques",Jean-Jacques Prevost,https://art.thewalters.org/browse/creator/jean-jacques-prevost,male,," (French, active 1762 - 1768)",13317|2666|32682|26464
6471,"Preyer, Johann Wilhelm",Johann Wilhelm Preyer,https://art.thewalters.org/browse/creator/johann-wilhelm-preyer,male,," (German, 1803-1889)",30998
2432,"Prieur, Barthélemy",Barthélemy Prieur,https://art.thewalters.org/browse/creator/barthclemy-prieur,male,," (French, 1536-1611)",31470|19514|20505|14833|32253
3086,"Prieur, Paul",Paul Prieur,https://art.thewalters.org/browse/creator/paul-prieur,male,," (Swiss, ca. 1620-1683)",18404|32321
15253,"Primo, Luigi",Luigi Primo,https://art.thewalters.org/browse/creator/luigi-primo,male,," (Flemish, born ca. 1606, died ca. 1667-1668)",10446|23993
7493,"Priolus, Girolamo",Girolamo Priolus,https://art.thewalters.org/browse/creator/girolamo-priolus,,,,26849
15032,Probably Eirakuya Toshiro,Probably Eirakuya Toshiro,https://art.thewalters.org/browse/creator/probably-eirakuya-toshiro,,,,20815|28461
4805,"Proctor, Alexander Phimister",Alexander Phimister Proctor,https://art.thewalters.org/browse/creator/alexander-phimister-proctor,male,," (American, 1862-1950)",32937
5086,"Prudhomme, Antoine Daniel",Antoine Daniel Prudhomme,https://art.thewalters.org/browse/creator/antoine-daniel-prudhomme,male,," (Dutch, 1745-ca. 1826)",7200
15147,Pseudo-Alexander,Pseudo-Alexander,https://art.thewalters.org/browse/creator/pseudo-alexander,,,,3140
8473,Pseudo-Dionysius the Areopagite,Pseudo-Dionysius the Areopagite,https://art.thewalters.org/browse/creator/pseudo-dionysius-the-areopagite,,,,38435
3462,Pseudo-Herodotus,Pseudo-Herodotus,https://art.thewalters.org/browse/creator/pseudo-herodotus,male,," (Greek, Greek)",35934
4599,Pseudo-Sallust,Pseudo-Sallust,https://art.thewalters.org/browse/creator/pseudo-sallust,,,,1970
8132,Pseudo-Seneca,Pseudo-Seneca,https://art.thewalters.org/browse/creator/pseudo-seneca,,,,36461
7580,"Ptolemaeus, Claudius",Claudius Ptolemaeus,https://art.thewalters.org/browse/creator/claudius-ptolemaeus,,,,4000
7558,"Publicius, Jacobus",Jacobus Publicius,https://art.thewalters.org/browse/creator/jacobus-publicius,,,,28855
35242,Puebloan,Puebloan,https://art.thewalters.org/browse/creator/puebloan,,,,23184|32017
15618,Puerto Rican,Puerto Rican,https://art.thewalters.org/browse/creator/puerto-rican,,,,80345
3867,"Puget, Pierre",Pierre Puget,https://art.thewalters.org/browse/creator/pierre-puget,male,," (French, 1620-1694)",5452
4579,"Puligo, Domenico",Domenico Puligo,https://art.thewalters.org/browse/creator/domenico-puligo,male,," (Italian, 1492-1527)",29061
3361,"Pulzone, Scipione",Scipione Pulzone,https://art.thewalters.org/browse/creator/scipione-pulzone,male,," (Italian, before 1550-1598)",6807|36685|6119
8118,Punic,Punic,https://art.thewalters.org/browse/creator/punic,,,,17822|37773
3504,"Pupini, Biagio",Biagio Pupini,https://art.thewalters.org/browse/creator/biagio-pupini,male,," (Italian,  active 1511-1551)",9408
6455,"Purbachius, Georgius",Georgius Purbachius,https://art.thewalters.org/browse/creator/georgius-purbachius,,,,3257
8723,"Purchas, Samuel",Samuel Purchas,https://art.thewalters.org/browse/creator/samuel-purchas,,,,82778
7107,"Pushman, Hovsep T.",Hovsep T. Pushman,https://art.thewalters.org/browse/creator/hovsep-t-pushman,,,,27635
7428,"Puvis de Chavannes, Pierre",Pierre Puvis de Chavannes,https://art.thewalters.org/browse/creator/pierre-puvis-de-chavannes,male,," (French, 1824-1898)",20168|7424|8084
17024,Pénicaud family,Pénicaud family,https://art.thewalters.org/browse/creator/pcnicaud-family,,," (French, active 16th century)",22768|2909
7722,"Pénicaud, Jean II",Jean Pénicaud II,https://art.thewalters.org/browse/creator/jean-pcnicaud-ii,male,," (French, ca. 1515-ca. 1588)",35688|34195|20490|1616|5048|14498|13573|13573
7913,"Pénicaud, Jean III",Jean Pénicaud III,https://art.thewalters.org/browse/creator/jean-pcnicaud-iii,male,," (French, active mid 16th century)",29762|24787|36779|23802|8261|12890
7473,"Pénicaud, Nardon",Nardon Pénicaud,https://art.thewalters.org/browse/creator/nardon-pcnicaud,male,," (French, 1470-1542/3)",11396|34906|25483|2349|29645|16980
6896,"Pénicaud, Pierre",Pierre Pénicaud,https://art.thewalters.org/browse/creator/pierre-pcnicaud,male,," (French, before 1542-after 1590)",3771
7494,"Périn, Lié Louis",Lié Louis Périn,https://art.thewalters.org/browse/creator/lic-louis-pcrin,,," (French, 1753-1817)",20606
4550,"Qazwini, Zakariya ibn Muhammad",Zakariya ibn Muhammad Qazwini,https://art.thewalters.org/browse/creator/zakariya-ibn-muhammad-qazwini,,, (ca. 1203-1283),3488|83920|83921|83923|83924|83925|83926|83927|83928|83929|83930|83931|83932|83933|83934|83935|83936|83937|83938|83939|83940|83941|83942|83943|83944|83945|83946|83947|83948|83949|83950|83951|83952|83953|83954|83955|83956|83957|83958|83959|83960|83961|83962|83963|83964|83965|83966|83967|83968|83969|83970|83971|83972|83973|83974|83975|83976|83977|83978|83979|83980|83981|83982|83983|83984|83985|83986|83987|83988|83989|83990|83991|83992|83993|83994|83995|83996|83997|83998|83999|84000|84001|84002|84003|84004|84005|84006|84007|84008|84009|84010|84011|84012|84013|84014|84015|84016|84017|84018|84019|84020|84021|84022|84023|84024|84025|84026|84027|84028|84029|84030|84031|84032|84033|84034|84035|84036|84037|84038|84039|84040|84041|84043|84044|84045|84046|84047|84048|84049|84050|84051|84052|84053|84054|84055|84056|84057|84058|84059|84060|84061|84062|84063|84064|84065|84066|84067|84068|84069|84070|84071|84072|84073|84074|84075|84076|84077|84078|84079|84080|84081|84082|84083|84084|84085|84086|84087|84088|84089|84090|84091
31615,"Qeddus, Zämänfäs",Zämänfäs Qeddus,https://art.thewalters.org/browse/creator/zmnfs-qeddus,,,,6245|88488|24629|21949|88484|88485|88486|88509|88487|88489|88490|88493|88494|88495|4961|88496|88497|88498|88499|88500|78076|78077|88501|88510|88503|88511|88504|88505|7937|23397|88506|88507|88438|88471|88472|88473|88474|88475|88476|88477|78078|88478|88479|88480|88481|88482|88483|88508
2124,"Qian, Feng",Qian Feng,https://art.thewalters.org/browse/creator/qian-feng,male,," (Chinese, 1740-1795)",19065
32701,"Qian, Weicheng",Qian Weicheng,https://art.thewalters.org/browse/creator/qian-weicheng,,," (Chinese, 1720-1772)",87505|34116
18007,"Qian, Xuan",Qian Xuan,https://art.thewalters.org/browse/creator/qian-xuan,,," (Chinese, 1235-1305)",409|27173
3882,"Qin, Ding",Qin Ding,https://art.thewalters.org/browse/creator/qin-ding,,,,24039
17990,"Qin, Yin",Qin Yin,https://art.thewalters.org/browse/creator/qin-yin,,,,11290
3848,"Qiu [Ch'iu], Ying [Ying]",Qiu Ying,https://art.thewalters.org/browse/creator/qiu-ying,male,," (Chinese, 1494-1552)",9061|28135|3092
34041,"Qiu, Zhu",Qiu Zhu,https://art.thewalters.org/browse/creator/qiu-zhu,,, (Chinese),28135
5893,"Quaglia, Paul Ferdinand Louis",Paul Ferdinand Louis Quaglia,https://art.thewalters.org/browse/creator/paul-ferdinand-louis-quaglia,male,," (French, 1780-1853)",24110
2997,Quaint,Quaint,https://art.thewalters.org/browse/creator/quaint,,," (French, active ca. 18th century)",20529
1736,"Quandt, Abigail B.",Abigail B. Quandt,https://art.thewalters.org/browse/creator/abigail-b-quandt,,,,90562
4966,"Quellinus, Artus I",Artus Quellinus I,https://art.thewalters.org/browse/creator/artus-quellinus-i,male,," (Flemish, 1609-1668)",33196
8289,Quimbaya,Quimbaya,https://art.thewalters.org/browse/creator/quimbaya,,,,80230|80438|22481|37231
15498,"Quixada, Juan Lopez Don",Don Juan Lopez Quixada,https://art.thewalters.org/browse/creator/don-juan-lopez-quixada,,," (Spanish, ca. 1525)",2330
15470,"Quizille, Louis",Louis Quizille,https://art.thewalters.org/browse/creator/louis-quizille,,, (French),31092
6422,Quodvultdeus Bishop of Carthage,"Quodvultdeus, Bishop of Carthage",https://art.thewalters.org/browse/creator/quodvultdeus-bishop-of-carthage,,, (died 454 (?)),20993
15699,"Qutb, Mubarakshah ibn",Mubarakshah ibn Qutb,https://art.thewalters.org/browse/creator/mubarakshah-ibn-qutb,,, (Iranian),38669|2830|77617|79956|79957|79958|77618|77619|79959|90952
7957,"Quétin, Joseph",Joseph Quétin,https://art.thewalters.org/browse/creator/joseph-quctin,,,,21913
4058,R.H.,R. H.,https://art.thewalters.org/browse/creator/r-h,,," (British or American, 19th century)",6855
5817,"Racinet, Albert Charles Auguste",Albert Charles Auguste Racinet,https://art.thewalters.org/browse/creator/albert-charles-auguste-racinet,male,," (French, 1825-1893)",18005
4998,"Raeburn, Sir Henry",Sir Henry Raeburn,https://art.thewalters.org/browse/creator/sir-henry-raeburn,male,," (Scottish, 1756-1823)",10155
2765,"Raffaelli, Giacomo",Giacomo Raffaelli,https://art.thewalters.org/browse/creator/giacomo-raffaelli,male,," (Italian, 1753-1836)",40780
7152,"Ragueneau, Abraham",Abraham Ragueneau,https://art.thewalters.org/browse/creator/abraham-ragueneau,male,," (Dutch, 1623-after 1681)",3471
15719,"Rahib, Ilyas Basim Khuri Bazzi",Ilyas Basim Khuri Bazzi Rahib,https://art.thewalters.org/browse/creator/ilyas-basim-khuri-bazzi-rahib,,," (Egyptian, active ca. 1684)",17922|81999|82000|82001|82008|82009|82010|82011|82012|82013|82014|82015|82016|82017|82018|82019|82020|82021|82022|82032|82039|82040|82045|82060|79083|79084
16310,"Raimondi, Marcantonio",Marcantonio Raimondi,https://art.thewalters.org/browse/creator/marcantonio-raimondi,male,," (Italian, born ca. 1470/1482, died 1527/1534)",12085
4531,"Rajon, Paul-Adolphe",Paul-Adolphe Rajon,https://art.thewalters.org/browse/creator/paul-adolphe-rajon,male,," (French, 1842/3-1888)",16312|37428|9802|24292
2231,Rakumin,Rakumin,https://art.thewalters.org/browse/creator/rakumin,male,," (Japanese, 1804-1877)",35414
5219,"Ramelet, Charles",Charles Ramelet,https://art.thewalters.org/browse/creator/charles-ramelet,male,," (French, 1805-1851)",22452
5646,Ranka,Ranka,https://art.thewalters.org/browse/creator/ranka,male,," (Japanese, active late 19th century)",2169
2456,"Rantei, Nagai",Nagai Rantei,https://art.thewalters.org/browse/creator/nagai-rantei,male,, (Japanese),40169
2912,Raphael,Raphael,https://art.thewalters.org/browse/creator/raphael,male,," (Italian, 1483-1520)",36899|8060|10681|19343|13947|12085|21819|10681|101098|103184|101142
31679,"Rappoport, Julius Alexandrovich",Julius Alexandrovich Rappoport,https://art.thewalters.org/browse/creator/julius-alexandrovich-rappoport,,, (1851-1909),82474
5809,"Ratdolt, Erhard",Erhard Ratdolt,https://art.thewalters.org/browse/creator/erhard-ratdolt,,,,28855|6572|27105
5569,"Rauch, Christian Daniel",Christian Daniel Rauch,https://art.thewalters.org/browse/creator/christian-daniel-rauch,male,," (German, 1777-1857)",18942
4186,"Ravenna, Giovanbattista of",Giovanbattista of Ravenna,https://art.thewalters.org/browse/creator/giovanbattista-of-ravenna,,,,29199
8322,Raymond of Penafort,Raymond of Penafort,https://art.thewalters.org/browse/creator/raymond-of-penafort,,,,11729
4618,"Recco, Giacomo",Giacomo Recco,https://art.thewalters.org/browse/creator/giacomo-recco,male,," (Italian, 1603- before 1653)",25975
2545,"Recco, Giuseppe",Giuseppe Recco,https://art.thewalters.org/browse/creator/giuseppe-recco,male,," (Italian, 1634-1695)",39662
31445,Recuay,Recuay,https://art.thewalters.org/browse/creator/recuay,,,,79365|79366|79383|79386|79396|79427|80192
6458,"Red Starr, Elmer","Red Starr, Elmer",https://art.thewalters.org/browse/creator/red-starr-elmer,,,,32017
3388,"Rega, Filippo",Filippo Rega,https://art.thewalters.org/browse/creator/filippo-rega,male,," (Italian, 1761-1833)",16389|1744
5515,"Regemorter, Petrus Johannes van",Petrus Johannes van Regemorter,https://art.thewalters.org/browse/creator/petrus-johannes-van-regemorter,male,," (Flemish, 1755-1830)",11122
8630,"Regensburg, Othlon of",Othlon of Regensburg,https://art.thewalters.org/browse/creator/othlon-of-regensburg,male,," (German, active ca. 1030-ca. 1050)",17493|91757
7312,"Regiomontanus, Johannes",Johannes Regiomontanus,https://art.thewalters.org/browse/creator/johannes-regiomontanus,,,,3257
4002,"Reignier, Jean-Marie",Jean-Marie Reignier,https://art.thewalters.org/browse/creator/jean-marie-reignier,male,," (French, 1815-1886)",37395|24210|10725|36619
3615,Reikyo,Reikyo,https://art.thewalters.org/browse/creator/reikyo,,, (Japanese),7132
4494,"Reinhart, Hans R.",Hans R. Reinhart,https://art.thewalters.org/browse/creator/hans-r-reinhart,male,," (German, ca. 1500-1581)",11968|96
4846,"Reis, Piri",Piri Reis,https://art.thewalters.org/browse/creator/piri-reis,male,," (Turkish, 1465-1555)",19195|12332|77733|78325|78324|9143|78327|78329|78328|78331|78330|78333|78054|78055|78332|78335|78334|78337|78336|78355|78339|78338|78183|78341|78340|78343|78342|78345|78344|78347|78346|78349|78348|78351|78190|78350|78353|78352|79706|79707|79708|79709|79711|79710|79712|79713|79714|79715|79716|79717|79718|79719|79720|79721|79722|79723|79724|79725|79726|79727|79728|79729|79740|79739|79738|79737|79736|79735|79734|79733|79732|79731|79730|79937|79936|79935|79934|79933|79932|79931|79930|79929|79928|79927|79926|79925|79924|79923|79922|79921|79920|79919|79918|79917|79916|79915|79914|79913|79912|79911|79910|79909|79908|79907|79906|79905|79904|79903|79902|79901|79900|79899|79898|79897|79896|79895|79894|79893|79741|79743|79768|79769|79770|79744|79745|79746|79747|79748|79749|79750|79751|79752|79753|79754|79755|79756|79757|79758|79759|79760|79761|79771|79762|79763|79764|79772|79773|79774|79775|79776|79777|79778|79779|79780|79781|79782|79783|79784|79785|79786|79892|79891|79890|79889|79888|79887|79886|79885|79884|79883|79882
16473,"Remacle, Gillet",Gillet Remacle,https://art.thewalters.org/browse/creator/gillet-remacle,,,,1737
5679,"Remiet, Perrin",Perrin Remiet,https://art.thewalters.org/browse/creator/perrin-remiet,,,,33876|14346
3783,"Remington, Frederic",Frederic Remington,https://art.thewalters.org/browse/creator/frederic-remington,male,," (American, 1861-1909)",5311
31443,Remojadas,Remojadas,https://art.thewalters.org/browse/creator/remojadas,,,,78424|78427|80166|80199
34446,"Remond, Jean George",Jean George Rémond,https://art.thewalters.org/browse/creator/jean-george-rcmond,,," (Swiss, active 1783 - 1820)",13653
5002,"Ren, Bonian",Ren Bonian,https://art.thewalters.org/browse/creator/ren-bonian,,," (Chinese, 1840-1896)",16644|2046|77888
18155,"Ren, Renfa",Ren Renfa,https://art.thewalters.org/browse/creator/ren-renfa,male,," (Chinese, 1255-1328)",29302
1913,"Reni, Guido",Guido Reni,https://art.thewalters.org/browse/creator/guido-reni,male,," (Italian, 1575-1642)",40183|4510|3459|35155|32507
6742,"Retzsch, Moritz",Moritz Retzsch,https://art.thewalters.org/browse/creator/moritz-retzsch,male,," (German, 1779-1857)",2165
3646,"Reuwich, Erhard",Erhard Reuwich,https://art.thewalters.org/browse/creator/erhard-reuwich,,,,30027
3534,"Reymond, Joseph",Joseph Reymond,https://art.thewalters.org/browse/creator/joseph-reymond,male,," (French, active ca. 1620)",39051
5948,"Reymond, Pierre",Pierre Reymond,https://art.thewalters.org/browse/creator/pierre-reymond,male,," (French, ca. 1513-after 1584)",9452|29329|22055|8489|39499|9286|11969|21484|18713|16450|14689|77431|77432|13666|37949
4517,"Reynolds, Joshua Sir",Joshua Reynolds,https://art.thewalters.org/browse/creator/joshua-reynolds,male,," (English, 1723-1792)",28272
6469,"Rhames, A.",A. Rhames,https://art.thewalters.org/browse/creator/a-rhames,male,," (Irish, Irish)",7910
5094,Rhenish,Rhenish,https://art.thewalters.org/browse/creator/rhenish,,,,31356|33387|11179|25190|19139|3040|31190|7780|1256|78387
3623,"Ribera, Jusepe de",Jusepe de Ribera,https://art.thewalters.org/browse/creator/jusepe-de-ribera,male,," (Spanish, before 1591-1652)",37037
6478,"Ribot, Théodule",Théodule Ribot,https://art.thewalters.org/browse/creator/thcodule-ribot,male,," (French, 1823-1891)",39698|7775|102672
1897,"Riccerius, Mutius",Mutius Riccerius,https://art.thewalters.org/browse/creator/mutius-riccerius,male,," (Italian, Italian)",20802
17756,"Ricci, Pseudo-Marco",Pseudo-Marco Ricci,https://art.thewalters.org/browse/creator/pseudo-marco-ricci,,," (Italian, active before 1707-1710)",11909|37425
7362,"Ricciardo di Nanni, Ser",Ser Ricciardo di Nanni,https://art.thewalters.org/browse/creator/ser-ricciardo-di-nanni,male,," (Italian, active 1449-1480)",39190|17509
2199,"Riccio, Andrea",Andrea Riccio,https://art.thewalters.org/browse/creator/andrea-riccio,male,," (Italian, 1470-1532)",21684|686|10536|5322
5813,"Richards, William Trost",William Trost Richards,https://art.thewalters.org/browse/creator/william-trost-richards,male,," (American, 1833-1905)",18408|15954|40551|8726|35095
7034,Richiku,Richiku,https://art.thewalters.org/browse/creator/richiku,male,, (Japanese),5690
34447,"Richter, Jean Louis",Jean Louis Richter,https://art.thewalters.org/browse/creator/jean-louis-richter,,," (Swiss, 1766 - 1841)",13653
3495,"Richter, Ludwig",Ludwig Richter,https://art.thewalters.org/browse/creator/ludwig-richter,male,," (German, 1803-1884)",7249|13605
18331,"Ricketts, Charles",Charles Ricketts,https://art.thewalters.org/browse/creator/charles-ricketts,,," (British, 1866 - 1931)",103482
6453,"Rico y Ortega, Martín",Martín Rico y Ortega,https://art.thewalters.org/browse/creator/martn-rico-y-ortega,male,," (Spanish, 1833-1908)",29510|19136|10203|36792|18310|7795
3517,"Rictus, Jehan",Jehan Rictus,https://art.thewalters.org/browse/creator/jehan-rictus,male,, (1867-1933),33555|33555
3795,"Riemenschneider, Tilman",Tilman Riemenschneider,https://art.thewalters.org/browse/creator/tilman-riemenschneider,male,," (German, ca. 1460-1531)",27077
4580,"Righetti, Francesco I",Francesco Righetti I,https://art.thewalters.org/browse/creator/francesco-righetti-i,male,," (Italian, 1738-1819)",26413
4544,"Rikuta, Takenori",Rikuta Takenori,https://art.thewalters.org/browse/creator/rikuta-takenori,male,," (Japanese, mid 19th century)",9593
34582,"Rimini, Francesco da",Francesco da Rimini,https://art.thewalters.org/browse/creator/francesco-da-rimini,,, (active ca. 1320 - died before 1348),4752
5557,"Rimini, Pietro da",Pietro da Rimini,https://art.thewalters.org/browse/creator/pietro-da-rimini,male,," (Italian, active ca. 1324)",22647
5134,"Rimpacta, Antonio",Antonio Rimpacta,https://art.thewalters.org/browse/creator/antonio-rimpacta,male,," (Italian, active 1509-1511)",38921
4721,"Rinehart, William Henry",William Henry Rinehart,https://art.thewalters.org/browse/creator/william-henry-rinehart,male,"Rinehart, the son of a Carroll County farmer, enrolled at the Maryland Institute in Baltimore. Later, he found employment at a local marble yard carving fireplace mantles. In 1855, Rinehart visited Italy for the first time but returned briefly to Baltimore to open a studio. However, with the financial backing of his life-long friend and patron William T. Walters, he returned to Italy and opened his permanent studio in Rome."
"
"," (American, 1825-1874)",20809|33310|39110|32192|38595|9237|22259|40458|22335|720|98911
17266,"Riolo, Giovanni da",Giovanni da Riolo,https://art.thewalters.org/browse/creator/giovanni-da-riolo,,, (active by 1426; died 1471),38676
36500,"Rischgitz, Paul Edouard",Paul Edouard Rischgitz,https://art.thewalters.org/browse/creator/edouard-rischgitz,,," (Swiss British, 1828 - 1909)",103760
2965,"Ritchie, Alexander Hay",Alexander Hay Ritchie,https://art.thewalters.org/browse/creator/alexander-hay-ritchie,male,," (American, 1822-1895)",11499
7008,"Ritt, Augustin",Augustin Ritt,https://art.thewalters.org/browse/creator/augustin-ritt,male,," (Russian, 1765-1799)",7279
6391,"Riviere, Briton",Briton Riviere,https://art.thewalters.org/browse/creator/briton-riviere,male,," (English, 1840-1920)",7939
4307,"Riviere, Henry Parsons",Henry Parsons Riviere,https://art.thewalters.org/browse/creator/henry-parsons-riviere,male,," (English, 1811-1888)",39067
8274,Rivière & Co.,Rivière & Co.,https://art.thewalters.org/browse/creator/rivirre--co,,,,21510
8063,Rivière & Son,Rivière & Son,https://art.thewalters.org/browse/creator/rivirre--son,,,,18767|22245
19397,"Riza, Aqa",Aqa Riza,https://art.thewalters.org/browse/creator/aqa-riza,,,,19840|90954|90955
6448,"Robbia, Andrea della",Andrea della Robbia,https://art.thewalters.org/browse/creator/andrea-della-robbia,male,," (Italian, 1435-1525/8)",4873|20702|20702
2414,"Robbia, Giovanni della",Giovanni della Robbia,https://art.thewalters.org/browse/creator/giovanni-della-robbia,male,," (Italian, 1469-1529/1530)",35961|35961
6390,"Robbia, Luca della",Luca della Robbia,https://art.thewalters.org/browse/creator/luca-della-robbia,male,," (Italian, 1399/1400-1482))",37135
7579,"Roben, Henry A.",Henry A. Roben,https://art.thewalters.org/browse/creator/henry-a-roben,,,,40082|1726
7435,"Robert, Claude-Alexis",Claude-Alexis Robert,https://art.thewalters.org/browse/creator/claude-alexis-robert,,,,31728
8094,"Roberti, Ercole de'",Ercole de' Roberti,https://art.thewalters.org/browse/creator/ercole-de-roberti,male,," (Italian, ca. 1455-1496)",22065
7733,"Roberts, Thomas Sautelle",Thomas Sautelle Roberts,https://art.thewalters.org/browse/creator/thomas-sautelle-roberts,male,," (Irish, 1760-1826)",35644
16100,"Robertson, Andrew",Andrew Robertson,https://art.thewalters.org/browse/creator/andrew-robertson,male,," (Scottish, 1777-1845)",23095
2782,"Robertson, Archibald",Archibald Robertson,https://art.thewalters.org/browse/creator/archibald-robertson,,," (American, 1765-1835)",32305
34867,"Robin, Louis",Louis Robin,https://art.thewalters.org/browse/creator/louis-robin,,," (French, 1738 - 1744)",1945
5827,"Robinson, John",John Robinson,https://art.thewalters.org/browse/creator/john-robinson,,," (American, 1774 (?)-1829)",10941
6655,"Rocca, Michele",Michele Rocca,https://art.thewalters.org/browse/creator/michele-rocca,male,," (Italian, ca. 1670-ca. 1751)",2256|14113|29053|35818|38261
15450,"Roccatagliata, Nicolò",Nicolò Roccatagliata,https://art.thewalters.org/browse/creator/nicol-roccatagliata,male,," (Italian, active 1593-1636)",37890
6909,"Rodin, Auguste",Auguste Rodin,https://art.thewalters.org/browse/creator/auguste-rodin,male,," (French, 1840-1917)",6754
33261,"Rodrigues, Euge`ne",Euge`ne Rodrigues,https://art.thewalters.org/browse/creator/eugene-rodrigues,,,,88124
5462,"Roehn, Jean Alphonse",Jean Alphonse Roehn,https://art.thewalters.org/browse/creator/jean-alphonse-roehn,male,," (French, 1799-1864)",17072
2949,"Rokuro, Imamura",Imamura Rokuro,https://art.thewalters.org/browse/creator/imamura-rokuro,,, (Japanese),15756
7958,Roland,Roland,https://art.thewalters.org/browse/creator/roland,,,,21913
1973,"Roland, Philippe-Laurent",Philippe-Laurent Roland,https://art.thewalters.org/browse/creator/philippe-laurent-roland,male,," (French, 1746-1816)",23721
34875,Romagna,Romagna,https://art.thewalters.org/browse/creator/romagna,,, (Italian),34611|3376|36938
5230,"Romako, Anton",Anton Romako,https://art.thewalters.org/browse/creator/anton-romako,male,," (Austrian, 1832-1889)",28105
6191,Roman,Roman,https://art.thewalters.org/browse/creator/roman,,,,6465|30124|13396|7738|29905|36617|9591|7783|39773|21214|10011|38630|19492|17861|850|30806|2753|31589|14746|19174|1902|28417|19946|12714|24229|14367|9592|522|38051|1346|8636|12835|40259|17996|7351|19677|18248|39744|2582|10537|28057|24478|22879|33212|2843|18031|22824|29311|31520|21910|7158|32584|24233|37404|40073|22792|36038|27551|1889|34455|2480|25219|38160|3859|7426|6701|10416|40525|8773|1689|24574|12358|37760|13929|16769|37008|9999|28030|27325|20215|25346|4491|21129|40668|5648|7919|30156|1859|3806|34632|25037|15627|17155|14491|26347|14778|39740|3496|10788|7297|767|16827|18154|14002|17003|32035|8878|803|13477|32775|4026|30017|16322|11303|22516|145|6475|7831|18073|14229|33935|40838|8130|8140|10174|37582|3085|22076|26063|9484|33305|16935|32368|4283|28128|9780|27636|4313|25592|17489|28421|7063|905|1053|1065|35575|31590|35044|2781|33595|18964|21292|13336|3773|32993|31182|6307|12919|40521|10289|21118|15186|19059|30815|29900|9292|40786|27407|33384|5369|33436|932|12949|14914|37126|9318|20576|7840|24395|40290|21452|1
17155,"Romano, Antoniazzo",Antoniazzo Romano,https://art.thewalters.org/browse/creator/antoniazzo-romano,male,," (Italian, active after 1461, died 1508/1509)",40631|26091
3860,"Romano, Giulio",Giulio Romano,https://art.thewalters.org/browse/creator/giulio-romano,male,," (Italian, probably 1499-1546)",13282|28405|6483|93245|93246
5592,"Romanus, Jacobus",Jacobus Romanus,https://art.thewalters.org/browse/creator/jacobus-romanus,male,," (Italian, 1515-1560)",6483|93245|93246
6438,"Rombouts, Gillis",Gillis Rombouts,https://art.thewalters.org/browse/creator/gillis-rombouts,male,," (Dutch, 1630-1670; 1630-ca. 1670)",36422
4628,"Romney, George",George Romney,https://art.thewalters.org/browse/creator/george-romney,male,," (English, 1734 - 1802)",1505|26200|36254|38665
7887,"Rondinelli, Niccolò",Niccolò Rondinelli,https://art.thewalters.org/browse/creator/nicol-rondinello,male,," (Italian, documented 1495-1502)",17237|76658|76659|76667
6305,"Roos, Johann Heinrich",Johann Heinrich Roos,https://art.thewalters.org/browse/creator/johann-heinrich-roos,male,," (German, 1631-1685)",19288|22638
16443,"Rops, Félicien",Félicien Rops,https://art.thewalters.org/browse/creator/fclicien-rops,male,," (Belgian, 1833-1898)",79184
33853,"Rosanier, Leon",Léon Rosanier,https://art.thewalters.org/browse/creator/lcon-rosanier,,," (French, active from 1920)",26094
15494,"Rosell, Ioseph",Ioseph Rosell,https://art.thewalters.org/browse/creator/ioseph-rosell,,," (Spanish, ca. 1660-1680)",28156
16489,"Rosenheim, Petrus von",Petrus von Rosenheim,https://art.thewalters.org/browse/creator/petrus-von-rosenheim,,," (German, 1380-1433)",79127
2349,"Rosenthal, Louis",Louis Rosenthal,https://art.thewalters.org/browse/creator/louis-rosenthal,male,," (American, 1887-1964)",23780
7038,"Rosenzweig-Windisch, Nanette",Nanette Rosenzweig-Windisch,https://art.thewalters.org/browse/creator/nanette-rosenzweig-windisch,,,,37986|20806
6635,"Roslin, T'oros",T'oros Roslin,https://art.thewalters.org/browse/creator/toros-roslin,male,," (Armenian, active 1256-1268)",8115|8115|25389|25389|32891|32891|31816|31816|35638|35638|13047|13047|37762|37762|12610|12610|1055|1055|36956|36956|8852|8852|40470|40470|25117|25117|15190|15190|30025|30025|8939|8939|33237|33237|12905|12905|3026|3026|38520|38520|19187|19187|16760|16760|24195|24195|31412|31412|27488|27488|24161|6017|6017|21597|21597|785|785|31878|31878|10759|10759|35929|35929|38316|38316|37715|37715|26416|26416|20107|20107|26814|26814|32780|32780|27529|27529|2156|2156|11197|11197|33242|33242|5950|5950|24577|24577|3415|3415|18121|18121|10261|10261|17253|17253|7088|7088|34944|34944|38996|38996|39837|39837|11159|11159|34782|34782|24148|24148|28097|28097|31378|31378|16583|16583|12646|12646|29549|29549|34358|34358|29776|29776|1762|1762|10139|10139|2024|2024|23572|23572|31347|31347|87509|87509
1976,"Rosselli, Cosimo",Cosimo Rosselli,https://art.thewalters.org/browse/creator/cosimo-rosselli,male,," (Italian, 1439-1507)",11995|31902
7182,"Rossellino, Antonio",Antonio Rossellino,https://art.thewalters.org/browse/creator/antonio-rossellino,,," (Italian, 1427-1479)",9165|29377
16801,Rosset and Son,Rosset and Son,https://art.thewalters.org/browse/creator/rosset-and-son,,,,33320|29600
15837,"Rosset, Joseph",Joseph Rosset,https://art.thewalters.org/browse/creator/joseph-rosset,male,," (French, active 1703  or 1706 - 1726)",27074|17149|14122
2859,"Rossetti, Cesare",Cesare Rossetti,https://art.thewalters.org/browse/creator/cesare-rossetti,male,," (Italian, active ca. 1593-d. 1643/4)",23809
3856,"Rossetti, Dante Gabriel",Dante Gabriel Rossetti,https://art.thewalters.org/browse/creator/dante-gabriel-rossetti,male,," (English, 1828-1882)",19820
2093,"Rossi, Pasquale de'",Pasquale de' Rossi,https://art.thewalters.org/browse/creator/pasquale-de-rossi,,," (Italian, 1641-1725)",16165
6713,"Rossini, Pellegrino di Mariano",Pellegrino di Mariano Rossini,https://art.thewalters.org/browse/creator/pellegrino-di-mariano-rossini,male,," (Italian, active 1449, died 1492)",14769|6835
4714,"Rotari, Pietro",Pietro Rotari,https://art.thewalters.org/browse/creator/pietro-rotari,male,," (Italian, 1707-1762)",26529
34758,"Roth, Cecil",Cecil Roth,https://art.thewalters.org/browse/creator/cecil-roth,,,,100982
5455,"Rotta, Antonio",Antonio Rotta,https://art.thewalters.org/browse/creator/antonio-rotta,male,," (Italian, 1828-1903)",8186
4803,"Rottmayr, Johann Michael",Johann Michael Rottmayr,https://art.thewalters.org/browse/creator/johann-michael-rottmayr,male,," (Austrian, 1654-1730)",16411
16303,"Roubiliac, Louis François",Louis François Roubiliac,https://art.thewalters.org/browse/creator/louis-franbois-roubiliac,male,," (English, 1695-1762)",20924
4887,"Roudillon, Etienne-Simon-Eugène",Etienne-Simon-Eugène Roudillon,https://art.thewalters.org/browse/creator/etienne-simon-eugrne-roudillon,,," (French, active 1853 - 1890)",36417
16492,"Rouille, Guillaume",Guillaume Rouille,https://art.thewalters.org/browse/creator/guillaume-rouille,male,," (French, 1518-1589)",37920
4874,"Rousseau, Eugène",Eugène Rousseau,https://art.thewalters.org/browse/creator/eugrne-rousseau,male,," (French, 1827-1891)",2065|28822|1292|2880|6204|32185|40378|77394
4271,"Rousseau, Henri Emilien",Henri Emilien Rousseau,https://art.thewalters.org/browse/creator/henri-emilien-rousseau,male,," (French, 1875-1933)",33836
7239,"Rousseau, Théodore",Théodore Rousseau,https://art.thewalters.org/browse/creator/thcodore-rousseau,male,," (French, 1812-1867)",5408|34072|35806|299
2195,"Rouw, Peter, II",Peter Rouw II,https://art.thewalters.org/browse/creator/peter-rouw-ii,,,,23225
31503,"Roux, A",A Roux,https://art.thewalters.org/browse/creator/a-roux,,,,18361
17387,"Roviale, Pedro",Pedro Roviale,https://art.thewalters.org/browse/creator/pedro-roviale,male,," (Spanish, 1511-1582)",30248
2899,"Rowney, George",George Rowney,https://art.thewalters.org/browse/creator/george-rowney,,,,11979|96529
15118,Rozenburg pottery and porcelain factory,Rozenburg pottery and porcelain factory,https://art.thewalters.org/browse/creator/rozenburg-pottery-and-porcelain-factory,,," (Dutch, 1886-1914)",7061
21150,"Ruban, Petrus",Pe´trus Ruban,https://art.thewalters.org/browse/creator/petrus-ruban,,," (French, 1851 - 1929)",88124|88106
2413,"Rubens, Peter Paul Sir",Sir Peter Paul Rubens,https://art.thewalters.org/browse/creator/sir-peter-paul-rubens,male,," (Flemish, 1577-1640)",27514|27867|11573|16541
15295,"Ruina, C. Zorzi",C. Zorzi Ruina,https://art.thewalters.org/browse/creator/c-zorzi-ruina,,, (Italian or German (?)),7178
19352,"Rukna, Hakim",Hakim Rukna,https://art.thewalters.org/browse/creator/hakim-rukna,,,,20980|84329
5532,"Rumpf, Peter Philipp",Philipp Rumpf,https://art.thewalters.org/browse/creator/philipp-rumpf,male,," (German, 1821-1896)",32453
4073,"Russell, John",John Russell,https://art.thewalters.org/browse/creator/john-russell,male,," (English, 1745-1806)",39385
6214,Russian,Russian,https://art.thewalters.org/browse/creator/russian,,,,24674|27394|40475|29498|16308|13988|2241|35243|21654|26738|39548|16955|3392|879|26390|33914|28277|26070|21544|19614|687|25403|25928|25957|39756|18603|5790|21818|24053|32518|2525|37090|10149|30743|4285|24647|24703|40130|28120|32100|10073|14902|3079|32784|5632|35520|10633|7922|1254|21732|14589|5524|17661|34661|31879|20093|25942|14200|28103|5604|26405|24684|20680|23687|37492|20306|6143|27691|10612|4570|28418|3068|26800|20228|8808|19586|31113|4938|26601|32916|40760|642|20463|585|37557|4370|39848|24484|36081|32772|1349|17069|21159|3709|24162|31822|21568|12665|10196|11849|23848|4688|40337|30262|1338|6972|5269|30710|27974|25828|5439|19128|11375|16958|30558|11757|17924|23887|3500|4308|31055|14699|76790|27492|28582|38227|37289|23107|35276|3059|11346|16296|209|25066|30059|11236|21727|27552|22972|82396|82385|82294|82427|82391|82395|2681|83067|82392|82378|82393|82303|82454|82470|82497|28076|82374|90640|90641|23596|99842|14426|20203
15508,"Rykaert, Martin",Martin Rykaert,https://art.thewalters.org/browse/creator/martin-rykaert,male,," (Flemish, 1587-1631)",1490
15033,Ryokodo,Ryokodo,https://art.thewalters.org/browse/creator/ryokodo,,,,40215|29235
5935,"Ryosai, Inoue",Inoue Ryosai,https://art.thewalters.org/browse/creator/inoue-ryosai,male,," (Japanese, born 1828)",35524
16302,"Rysbrack, Michael",Michael Rysbrack,https://art.thewalters.org/browse/creator/michael-rysbrack,male,," (Flemish, baptized 1684, died 1770)",21477
4843,"Ryumin, Serizawa",Serizawa Ryumin,https://art.thewalters.org/browse/creator/serizawa-ryumin,male,," (Japanese, 1836-1887)",8176
17614,Ryumonji Workshop,Ryumonji Workshop,https://art.thewalters.org/browse/creator/ryumonji-workshop,,," (Japanese, active mid 19th century)",14344
6170,"Ryuo, Ittokusai",Ittokusai Ryuo,https://art.thewalters.org/browse/creator/ittokusai-ryuo,male,, (Japanese),40611
31681,"Régnier, Henri de",Henri de Régnier,https://art.thewalters.org/browse/creator/henri-de-rcgnier,,," (French, 1864 - 1936)",88034
6213,"Rückert, Fedor Ivanovich",Fedor Ivanovich Rückert,https://art.thewalters.org/browse/creator/fedor-ivanovich-rckert,male,," (Russian, 1840-1917)",82308|82398|82311|82285|82274|82278|82310|82277|82305|82296|82301|82506|82389|82459|82437|82327|82509|82449|82461|82482|82510|82331|82263|82452|82273|82441|82431|82387|82309|82283|82282|82384|82281|82300|82476|82516|82479|82434|82507|82388
8182,"S. Alessio in Bigiano, Miniatore di",Miniatore di S. Alessio in Bigiano,https://art.thewalters.org/browse/creator/miniatore-di-s-alessio-in-bigiano,male,," (Italian, active 13th-14th century)",9963|13013|23669|36704|28893|5135|22533|10530|17782|26507|24581|16734|26587|26568|3664|36176|15428|183|34220|21683|26879|8047|12946|23502|8312|13193|20865|21399|29763|28509|25601|17931|35998|34304|29308|33379|6798|38835|8709|26108|38646|25834|5851|15196|11716|7703|23811|19581|2316|8856|14333|28871|20863|18258|20311|20340|17539|38781|3163|7571|26228|1099|19526|23763|20872|14055|22367|27164|28726|33868|33015|33883|34511|33334|39941|30518|1812|32744|4619|17282|2589
34796,SAMUEL LEAR,Samuel Lear,https://art.thewalters.org/browse/creator/samuel-lear,,,,101067
31411,"SHAKESPEARE, WILLIAM",William Shakespeare,https://art.thewalters.org/browse/creator/william-shakespeare,,,,87421
15724,Sa'di,Sa'di,https://art.thewalters.org/browse/creator/sadi,male,, (died 691 AH/AD 1292),30488|8162|81164|81165|81166|81167|81168|81169|81170|81171|81172|81173|81174|81175|81176|81177|81178|81179|81180|81181|81182|81183|22469|81185|17584|81852|81853|28534|81890|81891|81892|81895|81896|81897|81898|81899|81900|81901|22224|81951|81952|81953|81954|82983|83668|83707|83708|83709|83710|83711|83712|83713|83714|83715|83716|83717|83718|83719|4449|83872|85654|85655
3017,Sadahide,Sadahide,https://art.thewalters.org/browse/creator/sadahide,male,," (Japanese, 1807-1873)",10551|28964|23685|25534|25583|2083|26040|79305|79306|79307|79308|79309|79310|79311|79312|79313
2376,Sadakuni,Sadakuni,https://art.thewalters.org/browse/creator/sadakuni,male,," (Japanese, Japanese)",17159
2609,Sadamasu I,Sadamasu I,https://art.thewalters.org/browse/creator/sadamasu-i,male,," (Japanese, active ca. 1832-1848)",3339
2819,Sadamasu II,Sadamasu II,https://art.thewalters.org/browse/creator/sadamasu-ii,male,," (Japanese, active mid 19th century)",22878
3268,Sadamune,Sadamune,https://art.thewalters.org/browse/creator/sadamune,male,," (Japanese, active 14th century)",21069|31439
4043,Sadanobu I,Sadanobu I,https://art.thewalters.org/browse/creator/sadanobu-i,male,," (Japanese, 1809-1879)",7015|23497|35592|30446|6809|880|32561|115|38059|34082|9771|35799|9711|18745
4138,Sadatora,Sadatora,https://art.thewalters.org/browse/creator/sadatora,male,," (Japanese, active 1830-49)",31290
7730,Sadayoshi,Sadayoshi,https://art.thewalters.org/browse/creator/sadayoshi,,,,35375|8102
6988,Sadayuki,Sadayuki,https://art.thewalters.org/browse/creator/sadayuki,male,, (Japanese),17441
19307,Sadiqi,Sadiqi,https://art.thewalters.org/browse/creator/sadiqi,,," (Iranian, 939-1018 AH/AD 1533-1610)",26833|83862|25935
3194,"Sageret, Charles Barnabé",Charles Barnabé Sageret,https://art.thewalters.org/browse/creator/charles-barnabc-sageret,,," (French, active ca. 1731 - 1758)",32682
2519,"Sagrestani, Giovanni Camillo",Giovanni Camillo Sagrestani,https://art.thewalters.org/browse/creator/giovanni-camillo-sagrestani,male,," (Italian, 1660-1731)",20458
19242,"Sahhaf-i Tabrizi, Khwand Mulla Mahdi",Khwand Mulla Mahdi Sahhaf-i Tabrizi,https://art.thewalters.org/browse/creator/khwand-mulla-mahdi-sahhaf-i-tabrizi,,," (Iranian, active 1295 AH/AD 1878)",83322
18059,"Sahî, Okçuzade Mehmet",Okçuzade Mehmet Sahî,https://art.thewalters.org/browse/creator/okbuzade-mehmet-sahae,male,," (Islamic, died 1039 AH/AD 1629)",30411|81206
7880,Saint Catherine of Bologna,Saint Catherine of Bologna,https://art.thewalters.org/browse/creator/saint-catherine-of-bologna,,,,37433
6784,"Saint, Daniel",Daniel Saint,https://art.thewalters.org/browse/creator/daniel-saint,male,," (French, 1778-1847)",15378
5547,"Saint-Eve, Jean-Marie",Jean-Marie Saint-Eve,https://art.thewalters.org/browse/creator/jean-marie-saint-eve,male,," (French, 1810-1856)",61
3723,"Saint-Jean, Simon",Simon Saint-Jean,https://art.thewalters.org/browse/creator/simon-saint-jean,male,," (French, 1808-1860)",14665|39476
5822,"Saintin, Jules Emile",Jules Emile Saintin,https://art.thewalters.org/browse/creator/jules-emile-saintin,male,," (French, 1829-1894)",6640|20755|36154
3105,"Saitô, Tomiyuki",Saitô Tomiyuki,https://art.thewalters.org/browse/creator/sait-tomiyuki,male,," (Japanese, 1798-ca. 1868)",20774
5229,"Sakai, Hoshuku",Sakai Hoshuku,https://art.thewalters.org/browse/creator/sakai-hoshuku,male,," (Japanese, 1878-1956)",31911|6933
6252,"Sakamaki, Kogyo",Sakamaki Kogyo,https://art.thewalters.org/browse/creator/sakamaki-kogyo,male,," (Japanese, 1869-1927)",24740|1876|18557|7592|40651|39418|27511|2390|11518|32570|1530|21136|1885|28752|11966|8904|918|34948|18458|6995|40258|35605|11108|26750|28284|1471|32622|23818|25306|6993|24945|25003|16335|40119|36559|25743|25109|30746|21396|5815|32799|2018|11746|6756|2020|10163|2421|30676|8354|29448|20295|4433|35824|16058|27179|4814|39065|20598|34966|1740
6634,"Sakuma, Yoshihide",Sakuma Yoshihide,https://art.thewalters.org/browse/creator/sakuma-yoshihide,male,," (Japanese, active 1st half 19th century)",2262
5072,"Salentin, Hubert",Hubert Salentin,https://art.thewalters.org/browse/creator/hubert-salentin,male,," (German, 1822-1910)",37503|31840
18948,"Salih, Sulayman",Sulayman Salih,https://art.thewalters.org/browse/creator/sulayman-salih,,," (Yemeni, active ca. 1850)",80932
18956,Salim,Salim,https://art.thewalters.org/browse/creator/salim,,," (Yemeni, active ca. 19th century)",80920
5650,"Salim, Hajji",Hajji Salim,https://art.thewalters.org/browse/creator/hajji-salim,male,, (Turkish),26775
31449,Salinar,Salinar,https://art.thewalters.org/browse/creator/salinar,,,,79412
4639,"Salisbury, Frank O.",Frank O. Salisbury,https://art.thewalters.org/browse/creator/frank-o-salisbury,male,," (English, 1874-1962)",8079
7575,"Sallando, Antonio Pietro",Antonio Pietro Sallando,https://art.thewalters.org/browse/creator/antonio-pietro-sallando,male,,,16832|406|3188|38196|22000|37324|34703|14155
5614,Sallust,Sallust,https://art.thewalters.org/browse/creator/sallust,male,," (Roman, -86--34)",27171|1970
15514,"Salomon, Bernard",Bernard Salomon,https://art.thewalters.org/browse/creator/bernard-salomon,male,," (French, ca. 1508-ca. 1561)",23266
2824,Salviati & Co.,Salviati & Co.,https://art.thewalters.org/browse/creator/salviati--co,,, (Italian),6053|38153|21563|33701|7995|15636|17235|38645|35869|1937|26856|20352|2417|90827
15641,"Salviati, Antonio",Antonio Salviati,https://art.thewalters.org/browse/creator/salviati-dr-antonio,,," (Italian, 1816 - 1890)",2163|25783|19004
7955,"Salviati, Francesco",Francesco Salviati,https://art.thewalters.org/browse/creator/francesco-salviati,male,," (Italian, 1510-1563)",32814
15415,"Saly, Jacques",Jacques Saly,https://art.thewalters.org/browse/creator/jacques-saly,male,," (French, 1717-1776)",2440
31693,"Samain, Albert Victor",Albert Victor Samain,https://art.thewalters.org/browse/creator/albert-victor-samain,,," (French, 1858 - 1900)",88051
15251,"Sambin, Hughes",Hughes Sambin,https://art.thewalters.org/browse/creator/hughes-sambin,male,," (French, ca. 1520-1601)",19079
20406,"San Pedro, Diego de",Diego de San Pedro,https://art.thewalters.org/browse/creator/diego-de-san-pedro,,," (Spanish, active ca. 1500)",84805
18955,Sana‘ani,Sana'ani,https://art.thewalters.org/browse/creator/sanaani,,," (Yemeni, active ca. 1775-1809)",80919
7078,"Sanders, George",George Sanders,https://art.thewalters.org/browse/creator/george-sanders,male,," (Scottish, 1774-1846)",34594
4018,Saneyo,Saneyo,https://art.thewalters.org/browse/creator/saneyo,male,, (Japanese),1720
17126,"Sangallo, Giuliano da",Giuliano da Sangallo,https://art.thewalters.org/browse/creator/giuliano-da-sangallo,male,," (Italian, ca. 1443-1516)",37626
5505,"Sanjin, Seisho",Seisho Sanjin,https://art.thewalters.org/browse/creator/seisho-sanjin,male,, (Japanese),19103|9702|79568
8057,"Sannazaro, Jacopo",Jacopo Sannazaro,https://art.thewalters.org/browse/creator/jacopo-sannazaro,,," (Italian, 1458 - 1530)",19029
5916,Sano School,Sano School,https://art.thewalters.org/browse/creator/sano-school,,,,8610|79253|79254|79255
5395,"Sano, Michiyoshi",Sano Michiyoshi,https://art.thewalters.org/browse/creator/sano-michiyoshi,male,," (Japanese, ca. 1800)",34517
3703,"Sano, Naoyoshi",Sano Naoyoshi,https://art.thewalters.org/browse/creator/sano-naoyoshi,male,," (Japanese, died 1862)",4356
15034,Sanoki,Sanoki,https://art.thewalters.org/browse/creator/sanoki,,, (Japanese),11673|23847|38813|25359|35976|34051|80568|80569|80570
15035,Sanoya Kihei,Sanoya Kihei,https://art.thewalters.org/browse/creator/sanoya-kihei,,,,35442
4479,"Sansovino, Jacopo",Jacopo Sansovino,https://art.thewalters.org/browse/creator/jacopo-sansovino,male,," (Italian, 1486-1570)",31758|16220
2293,"Santacroce, Girolamo da",Girolamo da Santacroce,https://art.thewalters.org/browse/creator/girolamo-da-santacroce,male,," (Italian, 1480/1485-1556)",12854
8167,"Sanvito, Bartolomeo",Bartolomeo Sanvito,https://art.thewalters.org/browse/creator/bartolomeo-sanvito,male,," (Italian, 1435/8-after 1518)",2658|3044|800|36843|37288|15502|9894|12299|13180|6991|14942|16387|10711|21288|2527|27687
19278,Sanvlah,Sanvlah,https://art.thewalters.org/browse/creator/sanvlah,,,,6633|83664
18417,Sanwalah,Sanwalah,https://art.thewalters.org/browse/creator/sanwalah,,,,7538|9407|12554
2203,Saotome school,Saotome school,https://art.thewalters.org/browse/creator/saotome-school,,,,24076|24959
2684,Sarachi family,Sarachi family,https://art.thewalters.org/browse/creator/sarachi-family,,," (Italian, active 16th-17th century)",22695|32635
6249,"Sargent, John Singer",John Singer Sargent,https://art.thewalters.org/browse/creator/john-singer-sargent,male,," (American, 1856-1925)",21891
8634,Sargis,Sargis,https://art.thewalters.org/browse/creator/sargis,,,,6994|33658|36202|19172|19700|24144|11480|8063|29919|91253
34638,Sarreguemines Pottery Factory,Sarreguemines Pottery Factory,https://art.thewalters.org/browse/creator/sarreguemines-pottery-factory,,," (French, 1790 - 2007)",103191
2904,"Sarto, Andrea del",Andrea del Sarto,https://art.thewalters.org/browse/creator/andrea-del-sarto,male,," (Italian, 1486-1530)",27071
15036,Sasaki Toyokichi,Sasaki Toyokichi,https://art.thewalters.org/browse/creator/sasaki-toyokichi,,," (Japanese, active 1855 - 1898)",5804|819|1095|34958|19429|3748|16341|29592|19444|20701|35114|17930|32281|808|8613|8476|40776|15152|18183|37036|713|40763|35995|10346|32754|19876|19500|4810|32358|18315|32442|8422|26964|16169|16713|40673|23057|37317|33010
1962,Sasanian,Sasanian,https://art.thewalters.org/browse/creator/sasanian,,,,14039|22434|14125|7565|18157|3077|36553|35228|30735|99795|99796|18158|29685|6864|10660|22378
2045,"Sasayama, Tokuhiro",Sasayama Tokuhiro,https://art.thewalters.org/browse/creator/sasayama-tokuhiro,male,," (Japanese, 1831-1871)",30385
6330,"Sasayama, Tokuoki",Sasayama Tokuoki,https://art.thewalters.org/browse/creator/sasayama-tokuoki,male,," (Japanese, 1813-1891)",4197|2108|18483|24173|1378|29052|34380|16539
6961,Sassoferrato,Sassoferrato,https://art.thewalters.org/browse/creator/sassoferrato,male,," (Italian, 1609-1685)",33369|15971|19792
4065,"Satô, Tôhô",Satô Tôhô,https://art.thewalters.org/browse/creator/sat-th,male,," (Japanese, 1824-1859)",3319
15123,"Saulini, Tommaso",Tommaso Saulini,https://art.thewalters.org/browse/creator/tommaso-saulini,male,," (Italian, 1793-1864)",17313
5737,"Saunders, George Lethbridge",George Lethbridge Saunders,https://art.thewalters.org/browse/creator/george-lethbridge-saunders,male,," (English, 1807-1863)",5995
15432,"Saur, Corbinian",Corbinian Saur,https://art.thewalters.org/browse/creator/corbinian-saur,male,," (German, ca. 1590-1635)",16410
6524,"Sauvage, Piat Joseph",Piat Joseph Sauvage,https://art.thewalters.org/browse/creator/piat-joseph-sauvage,male,," (Flemish, 1744-1818)",195|35231
2731,"Savery, Hans",Hans Savery,https://art.thewalters.org/browse/creator/hans-savery,male,," (Dutch, 1597-1654)",39169|17649
3559,"Sawa, Yoshisato",Sawa Yoshisato,https://art.thewalters.org/browse/creator/sawa-yoshisato,male,," (Japanese, active ca. 1825)",3208
7052,Saxon,Saxon,https://art.thewalters.org/browse/creator/saxon,,,,24410
15402,"Scailliet, Émile-Philippe",Émile-Philippe Scailliet,https://art.thewalters.org/browse/creator/e-p-scalliet,,," (French, 1846-1911)",6150|13264
34221,"Scalamanzo, Leonardo",Leonardo Scalamanzo,https://art.thewalters.org/browse/creator/leonardo-scalamanzo,,," (Italian, active 1457 - 1490)",32854
6578,Scandinavian,Scandinavian,https://art.thewalters.org/browse/creator/scandinavian,,,,24482|21946|23339|34404|25916|9560|9815|17875|91881
6516,Scarsellino,Scarsellino,https://art.thewalters.org/browse/creator/scarsellino,male,," (Italian, ca. 1550-1620)",4395|31826
7744,"Schedel, Hartmann",Hartmann Schedel,https://art.thewalters.org/browse/creator/hartmann-schedel,,,,4405
15777,"Schedoni, Bartolomeo",Bartolomeo Schedoni,https://art.thewalters.org/browse/creator/bartolomeo-schedoni,male,," (Italian, 1578-1615)",695
15417,"Scheemakers, Peter",Peter Scheemakers,https://art.thewalters.org/browse/creator/peter-scheemakers,male,," (Flemish, before 1691-1781)",31973
5601,"Scheffer, Ary",Ary Scheffer,https://art.thewalters.org/browse/creator/ary-scheffer,male,," (Dutch, 1795-1858)",18773|39318
5194,"Schegs, Abraham",Abraham Schegs,https://art.thewalters.org/browse/creator/abraham-schegs,,,,29850
35322,"Scheid, Georg Adam",Georg Adam Scheid,https://art.thewalters.org/browse/creator/georg-adam-scheid,,," (Austrian, 1838 - 1921)",7226
5471,"Schellink, Sam Jr.",Sam Schellink Jr.,https://art.thewalters.org/browse/creator/sam-schellink-jr,,," (Dutch, active ca. 1900)",7061
5207,"Schenck, August Friedrich Albrecht",August Friedrich Albrecht Schenck,https://art.thewalters.org/browse/creator/august-friedrich-albrecht-schenck,male,," (Danish, 1828-1901)",20829
5593,"Schenck, Pieter",Pieter Schenck,https://art.thewalters.org/browse/creator/pieter-schenck,male,," (Dutch, 1660-ca. 1718)",22673
8252,"Scheuffelein, Hans",Hans Scheuffelein,https://art.thewalters.org/browse/creator/hans-scheuffelein,,,,12440|12440
32902,"Scheuren, Caspar Johann Nepomuk",Caspar Johann Nepomuk Scheuren,https://art.thewalters.org/browse/creator/caspar-johann-nepomuk-scheuren,,," (German, 1810 - 1887)",23193
4294,"Schiavone, Giorgio di Tomaso",Giorgio di Tomaso Schiavone,https://art.thewalters.org/browse/creator/giorgio-di-tomaso-schiavone,male,," (Dalmatian, ca. 1433-1504)",3259
3216,"Schissler, Christoph",Christoph Schissler,https://art.thewalters.org/browse/creator/christoph-schissler,,, (ca. 1531-1608),3943
15363,Schlecher,Schlecher,https://art.thewalters.org/browse/creator/schlecher,,, (French),26053
3046,"Schlegel, Friedrich August",Friedrich August Schlegel,https://art.thewalters.org/browse/creator/friedrich-august-schlegel,male,," (German, 1828 - 1895)",9598
32749,"Schmied, François Louis",François Louis Schmied,https://art.thewalters.org/browse/creator/franbois-louis-schmied,,," (Swiss, actve in France, 1873 - 1941)",87901|88170|88102
8294,"Schmit, Franz",Franz Schmit,https://art.thewalters.org/browse/creator/franz-schmit,,,,25740
1968,"Schmon, Johann Baptist",Johann Baptist Schmon,https://art.thewalters.org/browse/creator/johann-baptist-schmon,male,," (German, active 18th century)",11657
2417,"Schoeffer, Peter",Peter Schoeffer,https://art.thewalters.org/browse/creator/peter-schoeffer,,,,32210|35173
6206,"Schongauer, Martin",Martin Schongauer,https://art.thewalters.org/browse/creator/martin-schongauer,male,," (German, ca. 1430-1491)",4435|28673
5922,School of Antoine Charles Horace Vernet,School of Antoine-Charles-Horace (Carle) Vernet),https://art.thewalters.org/browse/creator/school-of-antoine-charles-horace-carle-vernet,,,,26751
4560,School of Embriachi,School of Embriachi,https://art.thewalters.org/browse/creator/school-of-embriachi,,,,18091|26166
3418,School of Ghent,School of Ghent,https://art.thewalters.org/browse/creator/school-of-ghent,,,,36127
16290,School of Giovanni Pisano,School of Giovanni Pisano,https://art.thewalters.org/browse/creator/school-of-giovanni-pisano,,, (Italian),21591
16342,School of Hirata Dônin,School of Hirata Dônin,https://art.thewalters.org/browse/creator/school-of-hirata-dnin,,,,25787|19132
16883,School of Languedoc,School of Languedoc,https://art.thewalters.org/browse/creator/school-of-languedoc,,,,31281
18340,School of Pisa,School of Pisa,https://art.thewalters.org/browse/creator/school-of-pisa,,, (Italian),19826
2846,School of Pollaiuolo,School of Pollaiuolo,https://art.thewalters.org/browse/creator/school-of-pollaiuolo,,,,16094
2720,School of Tours,School of Tours,https://art.thewalters.org/browse/creator/school-of-tours,,,,3023
16397,School of Tuscany,School of Tuscany,https://art.thewalters.org/browse/creator/school-of-tuscany,,,,27643
21115,"Schott, Johann",Johann Schott,https://art.thewalters.org/browse/creator/johann-schott,,, (1477-1548),84733
33013,"Schradre, Nicolas",Nicolas Schradre,https://art.thewalters.org/browse/creator/nicolas-schradre,,,,19891|33480|23403
5480,"Schreyer, Christian Adolf",Christian Adolf Schreyer,https://art.thewalters.org/browse/creator/christian-adolf-schreyer,male,," (German, 1828-1899)",30616|31807|28279
4884,"Schrodter, Adolf",Adolf Schrodter,https://art.thewalters.org/browse/creator/adolf-schrodter,,,,23544
5456,"Schroeder, Julius Karl",Julius Karl Schroeder,https://art.thewalters.org/browse/creator/julius-karl-schroeder,male,," (German, 1802-1867)",15067
3226,"Schuler, Hans",Hans Schuler,https://art.thewalters.org/browse/creator/hans-schuler,male,," (American, 1874-1951)",12267|31310|35304|17498|32128|8698
5359,"Schussele, Christian",Christian Schussele,https://art.thewalters.org/browse/creator/christian-schussele,male,," (American, 1824-1879)",16853
3330,"Schwager, Richard",Richard Schwager,https://art.thewalters.org/browse/creator/richard-schwager,,,,17888
2740,"Schwarz, Hans",Hans Schwarz,https://art.thewalters.org/browse/creator/hans-schwarz,male,," (German, 1492-after 1521)",32541
6683,"Schönherr, Karl",Karl Schönherr,https://art.thewalters.org/browse/creator/karl-schnherr,,," (German, 1824-1906)",40844
4993,"Schützenberger, Louis Frédéric",Louis Frédéric Schützenberger,https://art.thewalters.org/browse/creator/louis-frcdcric-schtzenberger,male,," (French, 1825-1903)",32826
15389,"Scorel, Jan van",Jan van Scorel,https://art.thewalters.org/browse/creator/jan-van-scorel,male,," (Netherlandish, 1495-1562)",9588
15408,Scottish,Scottish,https://art.thewalters.org/browse/creator/scottish,,,,14194|4902|77468|33687
8392,"Scotus, Sedulius",Sedulius Scotus,https://art.thewalters.org/browse/creator/sedulius-scotus,,, (fl. 848-860),4598|24048|33529|28446|4719|7264|3668|88756|88757|88758|88759|88760|88761|88762|88763
16252,"Sculupa, Giovanni Maria",Giovanni Maria Sculupa,https://art.thewalters.org/browse/creator/giovanni-maria-sculupa,,," (Italian, 16th century)",26871|8051
8718,Sebastian Münster,Sebastian Münster,https://art.thewalters.org/browse/creator/sebastian-mnster,male,," (German, 1489-1552)",5674|34300|85489
5434,"Seghers, Gerard",Gerard Seghers,https://art.thewalters.org/browse/creator/gerard-seghers,male,," (Flemish, 1591-1651)",5649
5572,"Segni, Lorenzo",Lorenzo Segni,https://art.thewalters.org/browse/creator/lorenzo-segni,male,," (Italian, Italian)",31583
6026,"Seido, Myochin",Myochin Seido,https://art.thewalters.org/browse/creator/myochin-seido,male,," (Japanese, Japanese)",32648
4582,"Seignac, Paul",Paul Seignac,https://art.thewalters.org/browse/creator/paul-seignac,male,," (French, 1826-1904)",17552|24239|5953|9493
4303,"Seiho, Takeuchi",Takeuchi Seiho,https://art.thewalters.org/browse/creator/takeuchi-seiho,male,," (Japanese, 1864-1942)",18165|25243|18341|23430
7006,"Seijo, Goto IV",Goto Seijo IV,https://art.thewalters.org/browse/creator/goto-seijo-iv,male,," (Japanese, 1747-1814)",30283
6143,"Seijo, Goto V",Goto Seijo V,https://art.thewalters.org/browse/creator/goto-seijo-v,male,," (Japanese, Japanese)",30283
3189,Seisai,Seisai,https://art.thewalters.org/browse/creator/seisai,male,," (Japanese, 19th century)",10839
4159,"Seiyodo, Bunshojo",Seiyodo Bunshojo,https://art.thewalters.org/browse/creator/seiyodo-bunshojo,female,," (Japanese, 1764-1838)",5141
3643,"Seki, Kanemichi of",Kanemichi of Seki,https://art.thewalters.org/browse/creator/kanemichi-of-seki,male,," (Japanese, Japanese)",39792
6035,"Seki, Rinshô",Seki Rinshô,https://art.thewalters.org/browse/creator/seki-rinsh,male,," (Japanese, ca. 1750-1775)",17603|23226
6552,"Sellaio, Jacopo del",Jacopo del Sellaio,https://art.thewalters.org/browse/creator/jacopo-del-sellaio,male,," (Italian, ca. 1441-1493)",35915|13779
4658,"Sem-yu, Chang",Chang Sem-yu,https://art.thewalters.org/browse/creator/chang-sem-yu,,,,14918
31589,"Semenov, Vasilii",Vasilii Semenov,https://art.thewalters.org/browse/creator/vasilii-semenov,,, (active ca. 1860-1896),82415|82414
6819,"Semenova, Maria V.",Maria V. Semenova,https://art.thewalters.org/browse/creator/maria-v-semenova,female,," (Russian, active 1896-1905)",82299|82267|82326|82340|82502|82313|82481
36547,"Semper, Gottfried",Gottfried Semper,https://art.thewalters.org/browse/creator/gottfried-semper,,," (German, 1803 - 1879)",101086
3690,Senault,Senault,https://art.thewalters.org/browse/creator/senault,,,,11737
7251,"Seneca, Lucius Annaeus",Lucius Annaeus Seneca,https://art.thewalters.org/browse/creator/lucius-annaeus-seneca,,," (Roman, 4 BC - AD 65)",36461
2962,"Senf, Leonardus Johannes",Leonardus Johannes Senf,https://art.thewalters.org/browse/creator/leonardus-johannes-senf,male,," (Dutch, 1860 - 1940)",39069|39803|11756|29538|3826|3869|14023
15038,Senichi,Senichi,https://art.thewalters.org/browse/creator/senichi,,,,11095|6931
15039,Senishi,Senishi,https://art.thewalters.org/browse/creator/senishi,,,,7322
4822,"Senjuin, Yamato",Yamato Senjuin,https://art.thewalters.org/browse/creator/yamato-senjuin,male,," (Japanese, Japanese)",6106
21183,"Serlio, Sebastiano",Sebastiano Serlio,https://art.thewalters.org/browse/creator/sebastiano-serlio,,," (Italian, 1475 - 1554)",79126
7064,"Sessa, Giovanni Bernardo",Giovanni Bernardo Sessa,https://art.thewalters.org/browse/creator/giovanni-bernardo-sessa,,,,85474|85437
1869,"Sessei, Okazaki",Okazaki Sessei,https://art.thewalters.org/browse/creator/okazaki-sessei,male,," (Japanese, 1858-1921)",7553
4014,Sesshin,Sesshin,https://art.thewalters.org/browse/creator/sesshin,male,," (Japanese, active 19th century)",17928
33521,Sesson,Sesson,https://art.thewalters.org/browse/creator/sesson,,, (ca. 1504-ca. 1590),91847
3993,"Setsukei, Okada",Okada Setsukei,https://art.thewalters.org/browse/creator/okada-setsukei,male,," (Japanese, Japanese)",12057
5463,"Setzgast, Petrus",Petrus Setzgast,https://art.thewalters.org/browse/creator/petrus-setzgast,,,,3632
20411,"Seuse, Heinrich",Heinrich Seuse,https://art.thewalters.org/browse/creator/heinrich-seuse,,," (German, 1295-1366)",27276
5316,"Seville, Isidore of",Isidore of Seville,https://art.thewalters.org/browse/creator/isidore-of-seville,male,," (Spanish, 570 - 636)",6880|32220|26557|88703|88704|88705|88706|88707|31103|39480|22301|34785|24968
3982,"Sevin, Louis-Constant",Louis-Constant Sevin,https://art.thewalters.org/browse/creator/louis-constant-sevin,,, (1821-1888),94941
1916,Sevres Porcelain Manufactory,Sèvres Porcelain Manufactory,https://art.thewalters.org/browse/creator/srvres-porcelain-manufactory,,," (French, active 1756 - present)",17620|4802|35345|3141|21053|31044|33594|31101|11407|24547|2712|4931|4133|6594|24063|29659|28712|21825|19891|37491|18257|23235|24204|37453|7151|33480|18829|23403|33167|21601|6568|18079|36528|6819|11020|8541|24923|27666|33019|4657|39636|21681|13317|18197|2666|27203|31426|9866|22863|1294|17086|33605|11741|25959|34301|18063|5237|27523|16727|21080|34332|13582|28400|6202|2104|38481|17150|35469|7287|9011|3528|12161|36057|3515|23864|11907|14374|26003|35385|22213|18104|16757|23261|30583|28622|16635|14547|35387|6033|34223|12454|4739|32307|29587|77454|77457|77458|77459|77460|77461|77462|77480|10620|5239|35370|28136|31692|87601|87602|21590|37419|5585|29167|4528|24027|13533|36508|10601|8792|35681|36491|39555|34217|12924|10455|27308|23324|12015|3643|39323|29674|18605|23896|40878|34635|9026|37208|34102|3862|4951|37726|10022|1247|14122|24568|28951|3894|27270|15861|9813|7443|39659|20747|23188|37583|10280|30433|16718|14898|19704|1407|39496|35930|17957|34161|34077|23440|17956|19466|2275|23554|4217|6092|21087|9046|7124|40277|190
15479,"Seymour, Charlotte Countess of Fortes Lady",Lady Charlotte Seymour Countess of Fortes,https://art.thewalters.org/browse/creator/lady-charlotte-seymour-countess-of-fortes,,,,866
6921,"Seymour, James",James Seymour,https://art.thewalters.org/browse/creator/james-seymour,male,," (British, 1702-1752)",17415
19418,"Shamlu, Hasan",Hasan Shamlu,https://art.thewalters.org/browse/creator/hasan-shamlu,,,,4103|84233|84234
18954,"Sharayan, Sh",Sh Sharayan,https://art.thewalters.org/browse/creator/sh-sharayan,,," (Yemeni, active ca. 1870)",80917|80918
18950,"Sharayan, Shm",Shm Sharayan,https://art.thewalters.org/browse/creator/shm-sharayan,,," (Yemeni, active ca. 1870)",80914
2132,"Sharples, Ellen",Ellen Sharples,https://art.thewalters.org/browse/creator/ellen-sharples,female,," (English, 1769-1849)",10117
3483,"Shee, Martin Archer P.R.A. Sir","Sir Martin  Archer Shee, P.R.A.",https://art.thewalters.org/browse/creator/sir-martin--archer-shee-pra,male,," (Irish, 1769-1850)",21190
32217,"Shelley, Percy Bysshe",Percy Bysshe Shelley,https://art.thewalters.org/browse/creator/percy-bysshe-shelley,,, (1729 - 1822),89884
16258,"Shelley, Rick",Rick Shelley,https://art.thewalters.org/browse/creator/rick-shelley,,,,78048
3648,"Shelley, Samuel",Samuel Shelley,https://art.thewalters.org/browse/creator/samuel-shelley,,," (British, ca.1750-1808)",7339|17634|27061
6997,"Shen, Huan",Shen Huan,https://art.thewalters.org/browse/creator/shen-huan,,," (Chinese, 1644-1711)",38964
6786,"Shen, Lan",Lan Shen,https://art.thewalters.org/browse/creator/lan-shen,,," (Chinese, active 2nd half 17th century)",13919
18024,"Shen, Nanpin",Shen Nanpin,https://art.thewalters.org/browse/creator/shen-nanpin,male,," (Chinese, 1682-after 1760)",19162
4940,"Shen, Zengzhi",Shen Zengzhi,https://art.thewalters.org/browse/creator/shen-zengzhi,,," (Chinese, 1850-1922)",5912
16126,"Shen, Zhou",Shen Zhou,https://art.thewalters.org/browse/creator/shen-zhou,male,," (Chinese, 1427-1509)",18232
17957,"Sheng, Maoye",Sheng Maoye,https://art.thewalters.org/browse/creator/sheng-maoye,,," (Chinese, 1594-1640)",31844
4095,"Sheng, Mou",Sheng Mou,https://art.thewalters.org/browse/creator/sheng-mou,,," (Chinese, 1313-1362)",9424
3118,"Sherlock, William P.",William P. Sherlock,https://art.thewalters.org/browse/creator/william-p-sherlock,,,,18810
17507,"Sherman, Julia Munson",Julia Munson Sherman,https://art.thewalters.org/browse/creator/julia-munson-sherman,,," (American, 1875 - 1971)",4524
3078,"Shibata, Zeshin",Shibata Zeshin,https://art.thewalters.org/browse/creator/shibata-zeshin,male,," (Japanese, 1807-1891)",6555|4964|24733|40106|22388|11338
5280,"Shiei, Yoshida",Yoshida Shiei,https://art.thewalters.org/browse/creator/yoshida-shiei,male,," (Japanese, 1843-1904)",36579
4834,Shigeharu,Shigeharu,https://art.thewalters.org/browse/creator/shigeharu,male,," (Japanese, 1803-1853)",8937|32117
5951,Shigeharu II,Shigeharu II,https://art.thewalters.org/browse/creator/shigeharu-ii,male,," (Japanese, active 1849-1851)",11701|3310
2187,Shigekiyo,Shigekiyo,https://art.thewalters.org/browse/creator/shigekiyo,male,," (Japanese, active 1854-1899)",20722|18638|1134
4417,Shigemitsu,Shigemitsu,https://art.thewalters.org/browse/creator/shigemitsu,male,," (Japanese, active 19th century)",14016
4741,Shigenobu II,Shigenobu II,https://art.thewalters.org/browse/creator/shigenobu-ii,male,, (Japanese),24032
5815,"Shigesato, Momose",Momose Shigesato,https://art.thewalters.org/browse/creator/momose-shigesato,male,," (Japanese, b. 1819)",5879|34624|4121
5517,"Shigeta, Kazutsura",Shigeta Kazutsura,https://art.thewalters.org/browse/creator/shigeta-kazutsura,male,," (Japanese, 1774-1815)",29681
5132,Shigetoshi,Shigetoshi,https://art.thewalters.org/browse/creator/shigetoshi,male,," (Japanese, Japanese)",9675
6364,"Shigeyuki, Sanyösai",Sanyösai Shigeyuki,https://art.thewalters.org/browse/creator/sanysai-shigeyuki,male,, (Japanese),21602
4062,"Shih, Jui",Shih Jui,https://art.thewalters.org/browse/creator/shih-jui,,, (Chinese),8020
2411,"Shih-cheng, Liang",Liang Shih-cheng,https://art.thewalters.org/browse/creator/liang-shih-cheng,,,,15011
6113,"Shima, Kazunari",Shima Kazunari,https://art.thewalters.org/browse/creator/shima-kazunari,male,," (Japanese, active ca. 1850)",21701
4117,"Shimamura, Mitsuyoshi",Shimamura Mitsuyoshi,https://art.thewalters.org/browse/creator/shimamura-mitsuyoshi,male,," (Japanese, ca. 1875)",38475|32646|15788
2509,"Shimamura, Shunmei",Shimamura Shunmei,https://art.thewalters.org/browse/creator/shimamura-shunmei,male,," (Japanese, 1853-1896)",8214|22218|36221
5247,"Shimizu, Tomohisa",Shimizu Tomohisa,https://art.thewalters.org/browse/creator/shimizu-tomohisa,male,," (Japanese, active ca. 1800)",8712|5413|21765
2308,Shimosaka,Shimosaka,https://art.thewalters.org/browse/creator/shimosaka,male,," (Japanese, Japanese)",29841
5730,"Shimosaka, Yasutsugu",Shimosaka Yasutsugu,https://art.thewalters.org/browse/creator/shimosaka-yasutsugu,male,," (Japanese, 2nd half 19th-early 20th century)",40688
4289,"Shingyoku, Hashimoto",Hashimoto Shingyoku,https://art.thewalters.org/browse/creator/hashimoto-shingyoku,male,," (Japanese, Japanese)",4190
34645,"Shinmi, Saburo",Shinmi Saburo,https://art.thewalters.org/browse/creator/shinmi-saburo,,, (Japanese),99848|99850|99852|99854
15321,Shinsai,Shinsai,https://art.thewalters.org/browse/creator/shinsai,,," (Japanese, 19th century)",29527
15040,Shiocho (1792-1820),Shiocho (1792-1820),https://art.thewalters.org/browse/creator/shiocho-1792-1820,,,,28912
36438,Shipibo-Conibo,Shipibo-Conibo,https://art.thewalters.org/browse/creator/shipibo-conibo,,,,103376
19262,"Shirani, Muhammad ibn Ma'ruf ibn Mahammad al-Zarir (?) al-Kazaru",Muhammad ibn Ma'ruf ibn Mahammad al-Zarir (?) al-Kazaruni Shirani),https://art.thewalters.org/browse/creator/muhammad-ibn-maruf-ibn-mahammad-al-zarir--al-kazaruni-shirani,,,,77632|77631|77630|77629|77628|35337
7770,"Shiraz, Inju",Inju Shiraz,https://art.thewalters.org/browse/creator/inju-shiraz,,,,27890
18415,"Shirazi, Khvajah Jan",Khvajah Jan Shirazi,https://art.thewalters.org/browse/creator/khvajah-jan-shirazi,,,,7538|78279
15726,"Shirazi, Pir Hussein al-Katib",Pir Hussein al-Katib Shirazi,https://art.thewalters.org/browse/creator/pir-hussein-al-katib-shirazi,,," (Islamic, 16th century)",30914|32032|81974|81975|81976|81977|81978|81979|81980|81981|81982|81983|81984|81985|81986|81987|81988|81989|81990|83669|83670
5328,"Shirreff, Charles",Charles Shirreff,https://art.thewalters.org/browse/creator/charles-shirreff,,," (Scottish, born ca. 1750)",33795
7691,Shivdas,Shivdas,https://art.thewalters.org/browse/creator/shivdas,,,,6633|1929
4433,"Shizhou, Li",Li Shizhou,https://art.thewalters.org/browse/creator/li-shizhou,,," (Chinese, ca. 1690-1779)",34829
3530,"Shkunayev, Vyetul",Vyetul Shkunayev,https://art.thewalters.org/browse/creator/vyetul-shkunayev,,,,26103
7053,Shodo-sho,Shodo-sho,https://art.thewalters.org/browse/creator/shodo-sho,,, (Japanese),36538|9231|6076|14378|26443|10671|20500|17558|20741|15833|2739|40098|10574|3403|2264|38054|4326|26298|36467|31936|10206|37554|27400|2827|8357|31927
2184,Shoen-jo,Shoen-jo,https://art.thewalters.org/browse/creator/shoen-jo,,, (Japanese),13305
3730,Shofudo,Shofudo,https://art.thewalters.org/browse/creator/shofudo,male,, (Japanese),1337
33522,"Shohaku, Soga",Soga Shohaku,https://art.thewalters.org/browse/creator/soga-shohaku,,," (Japanese, 1730 - 1781)",91848
7022,"Shomin, Ogawa",Ogawa Shomin,https://art.thewalters.org/browse/creator/ogawa-shomin,male,," (Japanese, 1847-1891)",11206
15041,Shono Eizo,Shono Eizo,https://art.thewalters.org/browse/creator/shono-eizo,,,,11563
36418,Shorter & Boulton,Shorter & Boulton,https://art.thewalters.org/browse/creator/shorter--boulton,,," (English, 1878 - 1964)",103189
4324,"Shoson, Ohara",Ohara Shoson,https://art.thewalters.org/browse/creator/ohara-shoson,male,," (Japanese, 1877-1945)",35178
6942,"Shozan, Kakosai",Kakosai Shozan,https://art.thewalters.org/browse/creator/kakosai-shozan,,," (Japanese, active early 19th century)",28086
6664,"Shozo, Kutani",Kutani Shozo,https://art.thewalters.org/browse/creator/kutani-shozo,male,," (Japanese, 1816-1883)",30885
6027,Shucho,Shucho,https://art.thewalters.org/browse/creator/shucho,male,," (Japanese, Japanese)",6121
2803,"Shui-liang, Ch'u",Ch'u Shui-liang,https://art.thewalters.org/browse/creator/chu-shui-liang,,,,20868
6940,"Shuki, Okamoto",Okamoto Shuki,https://art.thewalters.org/browse/creator/okamoto-shuki,male,," (Japanese, 1807-1862)",7816
5000,Shuko,Shuko,https://art.thewalters.org/browse/creator/shuko,male,," (Japanese, active 1st half 19th century)",4443
6592,"Shukyo, Tsukada",Tsukada Shukyo,https://art.thewalters.org/browse/creator/tsukada-shukyo,male,," (Japanese, 1848-1918)",12868
5861,"Shumway, Henry Colton",Henry Colton Shumway,https://art.thewalters.org/browse/creator/henry-colton-shumway,male,," (American, 1807-1884; 1807/8-1884)",21630|34892
4141,Shunkosai,Shunkosai,https://art.thewalters.org/browse/creator/shunkosai,male,," (Japanese, 1826-1892)",9579
3903,"Shunsen, Katsukawa",Katsukawa Shunsen,https://art.thewalters.org/browse/creator/katsukawa-shunsen,male,," (Japanese, 1762-1830)",11673|24874|28598|35293|25841
5435,Shunshi,Shunshi,https://art.thewalters.org/browse/creator/shunshi,male,," (Japanese, Japanese)",24597
4690,Shunsho,Shunsho,https://art.thewalters.org/browse/creator/shunsho,male,," (Japanese, 1726-1793)",32807|24255
16200,"Shunsho, Utagawa",Utagawa Shunsho,https://art.thewalters.org/browse/creator/utagawa-shunsho,,," (Japanese, 1830-1854)",9119
7697,Shunsui,Shunsui,https://art.thewalters.org/browse/creator/shunsui,,,,31272
5862,"Shuntei, Miyagawa",Miyagawa Shuntei,https://art.thewalters.org/browse/creator/miyagawa-shuntei,male,," (Japanese, 1873-1914)",19667|30607|2301|36934
2491,Shuosai,Shuosai,https://art.thewalters.org/browse/creator/shuosai,male,," (Japanese, early-mid 19th century)",12836
5258,Shurai,Shurai,https://art.thewalters.org/browse/creator/shurai,male,," (Japanese, 19th century)",33094
4286,"Shôami, Masakatsu",Shôami Masakatsu,https://art.thewalters.org/browse/creator/shami-masakatsu,male,," (Japanese, active late 18th century)",16289
5099,"Shôbayashi, Takeaki",Shôbayashi Takeaki,https://art.thewalters.org/browse/creator/shbayashi-takeaki,male,," (Japanese, active ca. 1850-1875)",36669
7232,Siamese,Siamese,https://art.thewalters.org/browse/creator/siamese,,,,28666|28933
4291,"Siberechts, Jan",Jan Siberechts,https://art.thewalters.org/browse/creator/jan-siberechts,male,," (Flemish, 1627-ca. 1703)",14580
16230,Siberian,Siberian,https://art.thewalters.org/browse/creator/siberian,,,,12891
4539,"Sicard, Louis Marie",Louis Marie Sicard,https://art.thewalters.org/browse/creator/louis-marie-sicard,male,," (French, 1746-1825)",26823
3523,"Sicard, Pierre",Pierre Sicard,https://art.thewalters.org/browse/creator/pierre-sicard,,," (French, 1900 - 1980)",24713
6271,Sicilian,Sicilian,https://art.thewalters.org/browse/creator/sicilian,,,,20901|19716|11289|33123|24336|17158|12540|23356|10230|13411
15496,"Siebenburgen, Georg",Georg Siebenburgen,https://art.thewalters.org/browse/creator/georg-siebenburgen,male,," (German, died 1617)",9633|9565
3377,"Siegert, August",August Siegert,https://art.thewalters.org/browse/creator/august-siegert,male,," (German, 1820-1883)",38739
34760,Sienese,Sienese,https://art.thewalters.org/browse/creator/sienese,,, (Italian),38459
15531,Sierra Leonian,Sierra Leonian,https://art.thewalters.org/browse/creator/sierra-leonian,,,,13267
3396,"Signorelli, Luca",Luca Signorelli,https://art.thewalters.org/browse/creator/luca-signorelli,male,," (Italian, ca. 1450-1523)",36737
36553,"Sikorski, Júlia Zsolnay",Júlia Zsolnay Sikorski,https://art.thewalters.org/browse/creator/jlia-zsolnay-sikorski,,," (Hungarian, 1856 - 1950)",103637
36554,"Sikorski, Tádé",Tádé Sikorski,https://art.thewalters.org/browse/creator/td-sikorski,,," (Polish, 1852 - 1940)",103637
33669,"Silvio, Giampietro",Giampietro Silvio,https://art.thewalters.org/browse/creator/giampietro-silvio,,," (Italian,  ca. 1495 - 1552)",16855
4915,"Simon, P. G.",P. G. Simon,https://art.thewalters.org/browse/creator/p-g-simon,,,,17938
4185,"Simone, Tommaso de",Tommaso de Simone,https://art.thewalters.org/browse/creator/tommaso-de-simone,male,," (Italian, active 2nd half 19th century)",5395|11686
6772,"Simonini, Francesco",Francesco Simonini,https://art.thewalters.org/browse/creator/francesco-simonini,male,," (Italian, 1686-ca. 1755)",18010|10507
36520,"Simyan, Victor Étienne",Victor Étienne Simyan,https://art.thewalters.org/browse/creator/victor-tienne-simyan,,," (French, 1826 - 1886)",101105
8574,Sinu,Sinú,https://art.thewalters.org/browse/creator/sin,,,,79413|79438|80236
3958,"Sirani, Elisabetta",Elisabetta Sirani,https://art.thewalters.org/browse/creator/elisabetta-sirani,female,," (Italian, 1638-1665)",35155|9874
17724,"Sirani, Giovanni Andrea",Giovanni Andrea Sirani,https://art.thewalters.org/browse/creator/giovanni-andrea-sirani,male,," (Italian, 1610-1670)",9874
3351,"Sisley, Alfred",Alfred Sisley,https://art.thewalters.org/browse/creator/alfred-sisley,male,," (French and British, 1839-1899)",17847|1952
31661,Sixth Moscow Artel,Sixth Moscow Artel,https://art.thewalters.org/browse/creator/sixth-moscow-artel,,,,82477
15216,Skating Painter,Skating Painter,https://art.thewalters.org/browse/creator/skating-painter,,," (Greek, active ca. 600 BC-575 BC)",13863
2551,"Slie, James",James Slie,https://art.thewalters.org/browse/creator/james-slie,male,, (English),32540
6503,"Smart, John",John Smart,https://art.thewalters.org/browse/creator/john-smart,male,," (English, 1741-1811)",19220|23569
32000,"Smirnov, Dimitri Stepanov",Dimitri Stepanov Smirnov,https://art.thewalters.org/browse/creator/dimitri-stepanov-smirnov,,,,82483
34049,"Smith, Francis",Francis Smith,https://art.thewalters.org/browse/creator/francis-smith,,," (British, active 1764 - died ca. 1778)",1416
3649,"Smith, Francis Hopkinson",Francis Hopkinson Smith,https://art.thewalters.org/browse/creator/francis-hopkinson-smith,male,," (American, 1838-1915)",21248|21942|28826|2322|5478
20945,"Smithers, Leonard Charles",Leonard Charles Smithers,https://art.thewalters.org/browse/creator/leonard-charles-smithers,,," (English, 1861-1907)",85422
15312,"Smits, H.",H. Smits,https://art.thewalters.org/browse/creator/h-smits,,," (Netherlandish, active 1812-1836)",80906
4353,"Snayers, Pieter",Pieter Snayers,https://art.thewalters.org/browse/creator/pieter-snayers,male,," (Flemish, 1592-1667)",2605|23236
32708,Société des Amis du Livre Moderne,Société des Amis du Livre Moderne,https://art.thewalters.org/browse/creator/socictc-des-amis-du-livre-moderne,,,,88034
2973,Sodoma,Sodoma,https://art.thewalters.org/browse/creator/sodoma,male,," (Italian, 1477-1549)",19383
6420,"Soens, Jan",Jan Soens,https://art.thewalters.org/browse/creator/jan-soens,male,," (Flemish, 1547/1548-1611/1614)",15439
34873,"Soggi, Niccolò",Niccolò Soggi,https://art.thewalters.org/browse/creator/niccol-soggi,,," (Italian, ca. 1479 - ca. 1552)",33900
4447,"Sogliani, Giovanni Antonio",Giovanni Antonio Sogliani,https://art.thewalters.org/browse/creator/giovanni-antonio-sogliani,male,," (Italian, 1492-1544)",33943
6668,"Sohn, Carl Ferdinand",Carl Ferdinand Sohn,https://art.thewalters.org/browse/creator/carl-ferdinand-sohn,male,," (German, 1805-1867)",33086|88535
3901,"Sohn, Johann August Wilhelm",Johann August Wilhelm Sohn,https://art.thewalters.org/browse/creator/johann-august-wilhelm-sohn,male,," (German, 1830-1899)",36826
2443,"Soichi, Shibayama",Shibayama Soichi,https://art.thewalters.org/browse/creator/shibayama-soichi,male,," (Japanese, active 19th century)",2459
15488,"Solario, Andrea",Andrea Solario,https://art.thewalters.org/browse/creator/andrea-solario,male,," (Italian, ca. 1465-1524)",37520
2339,"Solario, Antonio",Antonio Solario,https://art.thewalters.org/browse/creator/antonio-solario,male,," (Italian, active 1502-1514)",21135
4192,"Soldani, Massimiliano",Massimiliano Soldani,https://art.thewalters.org/browse/creator/massimiliano-soldani,male,," (Italian, 1656-1740)",19261|5809|29236|30886|5809
5855,"Solimena, Francesco",Francesco Solimena,https://art.thewalters.org/browse/creator/francesco-solimena,male,," (Italian, 1657-1747)",34947
4586,"Solinus Solinus, Gaius Julius",Gaius Julius Solinus,https://art.thewalters.org/browse/creator/gaius-julius-solinus,,, (active 3rd century (?)),20983|3140
15344,"Solis, Virgil",Virgil Solis,https://art.thewalters.org/browse/creator/virgil-solis,male,," (German, 1514-1562)",774|6393
2539,"Solon, Marc-Louis-Emmanuel",Marc-Louis-Emmanuel Solon,https://art.thewalters.org/browse/creator/marc-louis-emmanuel-solon,,," (French, 1835 - 1913)",35370|18197|1407
15585,"Soloviev, Vasily Fedorovich",Vasily Fedorovich Soloviev,https://art.thewalters.org/browse/creator/vladimir-soloviev,,," (Russian, active ca. 1914)",9638
16468,"Someya, Tomonobu",Someya Tomonobu,https://art.thewalters.org/browse/creator/someya-tomonobu,male,," (Japanese, 1st half 19th century)",10650
34734,"Somfoye, Étienne",Étienne Somfoye,https://art.thewalters.org/browse/creator/atienne-somfoye,,," (French, active 1756 - 1762)",26464
3219,"Somin, Hoshizan",Hoshizan Somin,https://art.thewalters.org/browse/creator/hoshizan-somin,male,," (Japanese, Japanese)",27094|33069
3471,"Somin, Yokoya V",Yokoya Somin V,https://art.thewalters.org/browse/creator/yokoya-somin-v,male,," (Japanese, 1795)",15164|21491
16440,"Somm, Henry",Henry Somm,https://art.thewalters.org/browse/creator/henry-somm,male,," (French, 1844-1907)",79177
2085,"Son, Joris van",Joris van Son,https://art.thewalters.org/browse/creator/joris-van-son,male,," (Flemish, 1623-1667)",40794
4584,"Sonntag, William Louis",William Louis Sonntag,https://art.thewalters.org/browse/creator/william-louis-sonntag,male,," (American, 1822-1900)",16422
2714,"Sonobe, Yoshihide",Sonobe Yoshihide,https://art.thewalters.org/browse/creator/sonobe-yoshihide,male,," (Japanese, 1805-1864)",37573
2314,"Sopher, Aaron",Aaron Sopher,https://art.thewalters.org/browse/creator/aaron-sopher,male,," (American, 1905-1972)",16546|6693|30222|40030|17244|1514
4148,"Soreau, Isaak",Isaak Soreau,https://art.thewalters.org/browse/creator/isaak-soreau,male,," (Dutch, 1604-after 1638)",8100
1895,"Sorg, Jörg the younger",Jörg Sorg the younger,https://art.thewalters.org/browse/creator/jrg-sorg-the-younger,male,," (German, ca. 1522-1603)",30732
3744,Soshu School,Soshu School,https://art.thewalters.org/browse/creator/soshu-school,,, (Japanese),18488|23003|31341
33523,"Sotatsu, Tawaraya",Tawaraya Sotatsu,https://art.thewalters.org/browse/creator/tawaraya-sotatsu,,," (Japanese, active ca. 1600-1640)",91849
15162,"Sotio, Alberto",Alberto Sotio,https://art.thewalters.org/browse/creator/alberto-sotio,male,," (Italian, active 1187)",28077
15524,South American,South American,https://art.thewalters.org/browse/creator/south-american,,,,27768
15549,South Arabian,South Arabian,https://art.thewalters.org/browse/creator/south-arabian,,,,76460|76461|76462|76463|76464|76465|76466|76467|76468|76469|76470|76471|76472|76473|76474|76475|76476|76477|76478|76479|76480|76481|76482|76483|76484|76485|76486|76487|76488|76489|76490|76491|76492|76493|76494|76495|76496|76497|76498|76499|76500|76501|76502|76503|76504|76505|76506|76507|76508|76509|76510|76511|76512|76513|76514|76515|76516|76517|76518|76525|76629|37545
15112,Soyer et Ingé,Soyer et Ingé,https://art.thewalters.org/browse/creator/soyer-et-ingc,,," (French, 1831-1843)",8293
6366,"Soyer, Paul Constant",Paul Constant Soyer,https://art.thewalters.org/browse/creator/paul-constant-soyer,male,," (French, 1823-1903)",18479|4148|18671
15460,"Soyer, Théophile",Théophile Soyer,https://art.thewalters.org/browse/creator/thcophile-soyer,,, (French),16694
6382,Soyo,Soyo,https://art.thewalters.org/browse/creator/soyo,male,, (Japanese),39682
6242,Spanish,Spanish,https://art.thewalters.org/browse/creator/spanish,,,,6861|26846|36056|809|9942|27977|33492|12337|34400|13964|39689|17915|5943|13969|34744|4966|15644|19473|27670|38366|28264|30135|38229|18726|18518|10732|978|16963|23230|85|11362|15483|26985|2214|7312|32393|16671|20048|38901|14904|16424|34986|12420|40777|25637|17716|11803|30351|21000|25537|39131|21026|1464|15732|2330|7670|15588|8675|12986|34749|38369|4548|10368|38631|31266|25680|6865|18140|1252|38176|15561|5079|11349|28205|1280|24023|24783|36026|12130|24652|26230|28280|22343|24300|30348|28171|9210|27721|38345|19588|3660|16294|6776|22226|39188|4606|18843|14293|9162|4649|25363|21983|29633|37712|4267|28371|9606|34987|36350|6318|30364|36821|11827|15023|6589|5178|35023|2162|2036|4820|92123|31501|6071|26927|18721
3169,Spanish Forger,Spanish Forger,https://art.thewalters.org/browse/creator/spanish-forger,,," (French, active late 19th-early 20th centuries)",30313|40255|25669|33053
5345,"Spatz, Andreas",Andreas Spatz,https://art.thewalters.org/browse/creator/andreas-spatz,,," (German, active 1704-1752)",6393
3241,"Speranza, Giovanni",Giovanni Speranza,https://art.thewalters.org/browse/creator/giovanni-de-vajenti-speranza,male,," (Italian, ca. 1480-1532)",18057
4818,"Spinosus, Nicolaus Riccius",Nicolaus Riccius Spinosus,https://art.thewalters.org/browse/creator/nicolaus-riccius-spinosus,,,,24312
7652,"Spitti, Agostino",Agostino Spitti,https://art.thewalters.org/browse/creator/agostino-spitti,,,,20914
6804,"Spitzer, John",John Spitzer,https://art.thewalters.org/browse/creator/john-spitzer,,, (American),5799
2902,"Spranger, Bartholomaeus",Bartholomaeus Spranger,https://art.thewalters.org/browse/creator/bartholomaeus-spranger,male,," (Flemish, 1546-1611)",38284
8136,"Sprimont, Nicholas",Nicholas Sprimont,https://art.thewalters.org/browse/creator/nicholas-sprimont,male,," (Flemish, ca. 1716-1771)",19495
17206,"Squarcione, Francesco",Francesco Squarcione,https://art.thewalters.org/browse/creator/francesco-squarcione,male,," (Italian, ca. 1395-after 1468)",344
5172,Sri Lankan,Sri Lankan,https://art.thewalters.org/browse/creator/sri-lankan,,,,12238|8751|26949|30289|34052
15475,"St. Leu, Daniel de",Daniel de St. Leu,https://art.thewalters.org/browse/creator/daniel-de-st-leu,,, (1753-1790),39540
7125,"Staigg, Richard Morrell",Richard Morrell Staigg,https://art.thewalters.org/browse/creator/richard-morrell-staigg,male,," (English, 1817-1881)",22992|33186|24178|27266|6078|15022|32437
2683,"Stainhart, Dominicus",Dominicus Stainhart,https://art.thewalters.org/browse/creator/dominicus-stainhart,male,," (German, 1655-1712)",16864
4733,"Stamnoi, Painter of the Florence",Painter of the Florence Stamnoi,https://art.thewalters.org/browse/creator/painter-of-the-florence-stamnoi,,," (Greek, active ca. 480-ca. 450 BC)",35108
7334,"Statius, Publius Papinius",Publius Papinius Statius,https://art.thewalters.org/browse/creator/publius-papinius-statius,,,,8827|1781
33017,"Steinlen, Théophile Alexandre",Théophile Alexandre Steinlen,https://art.thewalters.org/browse/creator/thcophile-alexandre-steinlen,,, (1859 - 1923),33555
5459,Stella,Stella,https://art.thewalters.org/browse/creator/stella,male,," (German, 1679-1748)",26245|23059
15411,"Stephan, Pierre",Pierre Stephan,https://art.thewalters.org/browse/creator/pierre-stephan,male,," (French, acitve 1770-1795)",6506
15625,"Stetter, Wilhelm",Wilhelm Stetter,https://art.thewalters.org/browse/creator/william-stetter,,," (German, ca. 1487 - 1552)",29860
6706,Steuben,Steuben,https://art.thewalters.org/browse/creator/steuben,,,,28261|16632
2528,"Stevens, Alfred",Alfred Stevens,https://art.thewalters.org/browse/creator/alfred-stevens,male,," (Belgian, 1823-1906)",14289|7896|21547
7965,"Stewart, Julius Le Blanc",Julius Le Blanc Stewart,https://art.thewalters.org/browse/creator/julius-le-blanc-stewart,male,," (American, 1855 - 1919)",14435|32207
2271,"Stieler, Joseph Karl",Joseph Karl Stieler,https://art.thewalters.org/browse/creator/joseph-karl-stieler,male,," (German, 1781-1858)",24003|32244
2224,"Stone, William Oliver",William Oliver Stone,https://art.thewalters.org/browse/creator/william-oliver-stone,male,," (American, 1830-1875)",8516
7807,"Storm, Cornelius",Cornelius Storm,https://art.thewalters.org/browse/creator/cornelius-storm,,,,234
15249,Stradanus,Stradanus,https://art.thewalters.org/browse/creator/stradanus,male,," (Flemish, 1523-1605)",11508
5405,"Strassbourg, Himby A.",Himby A Strassbourg,https://art.thewalters.org/browse/creator/himby-a-strassbourg,,,,5291
5981,"Streeck, Hendrick van",Hendrick van Streeck,https://art.thewalters.org/browse/creator/hendrick-van-streeck,male,," (Dutch, 1659-after 1719)",18691
5213,"Strigel, Bernhard",Bernhard Strigel,https://art.thewalters.org/browse/creator/bernhard-strigel,male,," (German, 1460-1528)",26417|33407|15375|7967
5400,"Strocly, N.",N. Strocly,https://art.thewalters.org/browse/creator/n-strocly,,,,18750
2958,Stroganov School,Stroganov School,https://art.thewalters.org/browse/creator/stroganov-school,,," (Russian, founded 1825)",38227|37289|82520|82521|82515
6500,"Strother, David Hunter",David Hunter Strother,https://art.thewalters.org/browse/creator/david-hunter-strother,male,," (American, 1816-1888)",16857|37483|32013|7551|4018|31989|22285|33731
4498,"Strozzi, Bernardo",Bernardo Strozzi,https://art.thewalters.org/browse/creator/bernardo-strozzi,male,," (Italian, 1584-1644)",14271|6055
7871,"Strozzi, Zanobi di Benedetto",Zanobi di Benedetto Strozzi,https://art.thewalters.org/browse/creator/zanobi-di-benedetto-strozzi,male,," (Italian, 1412-1468)",19912|14357|28250|4874|36004|10568|20683|22794|1563|5067|20198|153|9276|3851|35986|18965|28968|37040
3862,"Stuart, Gilbert",Gilbert Stuart,https://art.thewalters.org/browse/creator/gilbert-stuart,male,," (American, 1755-1828)",8478|35054|35316|35729|22773|14211
17953,"Su, Hanchen",Su Hanchen,https://art.thewalters.org/browse/creator/su-hanchen,,," (Chinese, active 1130-1169)",20073
18152,"Su, Shi",Su Shi,https://art.thewalters.org/browse/creator/su-shi,male,," (Chinese, 1036-1101)",28118
3904,"Subleyras, Pierre",Pierre Subleyras,https://art.thewalters.org/browse/creator/pierre-subleyras,male,," (French, 1699-1749)",22754
35286,Sudanese,Sudanese,https://art.thewalters.org/browse/creator/sudanese,,,,37789
36506,"Sudsberg, Joseph M.",Joseph M. Sudsberg,https://art.thewalters.org/browse/creator/joseph-m-sudsberg,,," (German American, 1825 - 1901)",20727
8166,Suetonius,Suetonius,https://art.thewalters.org/browse/creator/suetonius,,,,21968
5461,"Sugikawa, Mototaka",Sugikawa Mototaka,https://art.thewalters.org/browse/creator/sugikawa-mototaka,male,," (Japanese, early 19th century)",31443|18488|79558
6216,"Sugiura, Jôi",Sugiura Jôi,https://art.thewalters.org/browse/creator/sugiura-ji,male,," (Japanese, 1701-1761)",25094|34701|22730|14451|27785|79233
35015,"Sugiura, Yasuyoshi",Sugiura Yasuyoshi,https://art.thewalters.org/browse/creator/sugiura-yasuyoshi,,," (Japanese, born 1949)",101652
6762,Sukesada,Sukesada,https://art.thewalters.org/browse/creator/sukesada,male,," (Japanese, ca. 16th century)",13036|7623|11640|29240
5639,"Sulakadzev, Alexander","Sulakadzev, Alexander",https://art.thewalters.org/browse/creator/sulakadzev-alexander,,," (Russian, 1771 - 1831)",34182
15400,"Sulayman, Imamzada",Imamzada Sulayman,https://art.thewalters.org/browse/creator/imamzada-sulayman,,,,24342
5305,"Sully, Thomas",Thomas Sully,https://art.thewalters.org/browse/creator/thomas-sully,,," (American, 1783-1872)",19153|37605|34577|17280|32108|4818
7899,Sultepec,Sultepec,https://art.thewalters.org/browse/creator/sultepec,,,,22670
4252,Sumerian,Sumerian,https://art.thewalters.org/browse/creator/sumerian,,,,19678|19926|18799|37439|29432|27415|30863|18231|3157|24256|3592|7006|5634|29941|11639|7822|24778|2347|815|22684|30101|26118|12749|26492|5444|35883|6958|8118|37870|5550|7665|8789|29866|1332|34535|29189|20525|4848|38667
15044,Sumikin,Sumikin,https://art.thewalters.org/browse/creator/sumikin,,,,36006|34557|40129|37265|29225|34850
15045,Sumiyoshiya Masagoro,Sumiyoshiya Masagoro,https://art.thewalters.org/browse/creator/sumiyoshiya-masagoro,,,,26660
6729,"Sunagawa, Masayoshi",Sunagawa Masayoshi,https://art.thewalters.org/browse/creator/sunagawa-masayoshi,male,," (Japanese, active early 19th century)",9166
5029,Sung-shou,Sung-shou,https://art.thewalters.org/browse/creator/sung-shou,,,,37114
15046,Suri Kame,Suri Kame,https://art.thewalters.org/browse/creator/suri-kame,,,,28896
15047,Surugaya Hanhichi,Surugaya Hanhichi,https://art.thewalters.org/browse/creator/surugaya-hanhichi,,,,79305|79306|79307|79308|79309|79310
5773,"Sus, Gustav Konrad",Gustav Konrad Sus,https://art.thewalters.org/browse/creator/gustav-konrad-sus,male,," (German, 1823-1881)",27864
4827,"Susini, Antonio",Antonio Susini,https://art.thewalters.org/browse/creator/antonio-susini,male,," (Italian, active 1572-1624)",27782
6863,"Susini, Giovanni Francesco",Giovanni Francesco Susini,https://art.thewalters.org/browse/creator/giovanni-francesco-susini,male,," (Italian, 1585-1653)",8509
8073,Susse Frères,Susse Frères,https://art.thewalters.org/browse/creator/susse-frrres,,," (French, active ca. 1899)",27766
2416,"Sustermans, Justus",Justus Sustermans,https://art.thewalters.org/browse/creator/justus-sustermans,male,," (Flemish, 1597-1681)",16176|23035|31618
4903,"Suzanne, François Marie",François Marie Suzanne,https://art.thewalters.org/browse/creator/franbois-marie-suzanne,male,," (French, ca. 1750-after 1802)",7292
2831,"Suzuki, Masakatsu",Suzuki Masakatsu,https://art.thewalters.org/browse/creator/suzuki-masakatsu,male,," (Japanese, active ca. 2nd half 19th century)",33966
7066,"Sverchkov, Nicolai Egorovich",Nicolai Egorovich Sverchkov,https://art.thewalters.org/browse/creator/nicolai-egorovich-sverchkov,male,," (Russian, 1817-1898; active 1860's)",34644
16236,Swedish,Swedish,https://art.thewalters.org/browse/creator/swedish,,,,17336|29173
18479,"Swift, Jonathan",Jonathan Swift,https://art.thewalters.org/browse/creator/jonathan-swift,male,," (British, 1667-1745)",81396
6290,Swiss,Swiss,https://art.thewalters.org/browse/creator/swiss,,,,33197|22997|35171|14604|23699|2399|32617|10144|26659|2530|26834|8667|17008|18327|2534|22650|28161|37148|24748|1692|9445|21363|30613|1560|3720|37445|26292|4924|19701|13275|5733|21182|16956|33990|36680|10578|12234|25842|5699|19305|30387|10186|3759|33915|10170|18886|391|6287|4016|29607|786|14398|38552|1034|40770|6383|8727|20201|25399|20254|34932|18040|39520|4222|32885|18687|2503|20324|26444|29291|35509|40862|33013|37742|5674|34300|25740|24882|24585|77430|77510|24037|25172|5909
2076,"Syracuse 23510, Painter of",Painter of Syracuse 23510,https://art.thewalters.org/browse/creator/painter-of-syracuse-23510,,," (Greek, active ca. 480-450 BCE)",9351
3930,Syrian,Syrian,https://art.thewalters.org/browse/creator/syrian,,,,6331|23972|31043|39467|34902|22039|26585|31230|23894|22099|30576|27381|2237|7469|31678|10400|37484|30828|34867|37529|31063|28886|11026|20550|29181|25016|25474|6717|19706|17934|19813|1789|2385|6252|12901|18642|31677|34878|36145|29857|20316|36114|26314|11964|7496|27899|4582|22307|9863|7441|27283|9328|77401|40091|12812|38899|31121|27490|15302|609|18537|9033|12193|17328|8794|32065|32811|23299|29675|38105|16510|2814|32524|13480|20150|7996|909|26107|18971|6704|20494|27238|12458|7512|2626|28842
6234,"Syrus, Ephrem Saint",Saint Ephrem Syrus,https://art.thewalters.org/browse/creator/saint-ephrem-syrus,,, (303-373),35288|87625
34757,"Szyk, Arthur",Arthur Szyk,https://art.thewalters.org/browse/creator/arthur-szyk,,," (Polish and American, 1894 - 1951)",100982
6720,T'ang-tai,T'ang-tai,https://art.thewalters.org/browse/creator/tang-tai,,," (Chinese, 1673-1752)",14521
5848,"T'ung, Tseng",T'ung Tseng,https://art.thewalters.org/browse/creator/tung-tseng,,,,36548
6007,T. C. Brown-Westhead and Moore,T. C. Brown-Westhead and Moore,https://art.thewalters.org/browse/creator/t-c-brown-westhead-and-moore,,," (English, 1861 - 1904)",101182|101183|103666
6740,"Tacca, Ferdinando",Ferdinando Tacca,https://art.thewalters.org/browse/creator/ferdinando-tacca,male,," (Italian, 1619-1686/90)",28695|11380
6735,"Tacca, Pietro",Pietro Tacca,https://art.thewalters.org/browse/creator/pietro-tacca,male,," (Italian, 1577-1640)",10382|6223
5823,"Tacitus, Cornelius","Tacitus, Cornelius",https://art.thewalters.org/browse/creator/tacitus-cornelius,male,," (Roman, Roman)",8343
16221,"Tadasaburo, Hattori",Hattori Tadasaburo,https://art.thewalters.org/browse/creator/hattori-tadasaburo,,, (Japanese),92268|92281
3610,Tadatoshi,Tadatoshi,https://art.thewalters.org/browse/creator/tadatoshi,male,," (Japanese, active 1781-1800)",37861
6156,Tadatsugu,Tadatsugu,https://art.thewalters.org/browse/creator/tadatsugu2,male,," (Japanese, active ca. 1800)",23870|32422
5212,Tadatsugu,Tadatsugu,https://art.thewalters.org/browse/creator/tadatsugu,male,, (Japanese),13951
15481,"Tadini, Michele",Michele Tadini,https://art.thewalters.org/browse/creator/michele-tadini,,, (Italian),24184
31708,"Tagore, Rabindranath",Rabindranath Tagore,https://art.thewalters.org/browse/creator/rabindranath-tagore,,," (Indian, 1861 - 1941)",88102
33525,"Taiga, Ike",Ike Taiga,https://art.thewalters.org/browse/creator/ike-taiga,,," (Japanese, 1723 - 1776)",91852
34558,"Taillandier, Vincent",Vincent Taillandier,https://art.thewalters.org/browse/creator/vincent-taillandier,,," (French, 1736 - 1790)",1247|3894
8572,Tairona,Tairona,https://art.thewalters.org/browse/creator/tairona,,,,79418|79432|79433|79434|79435|79436|79437|76593|79392|79411|30958|79375|25655|80236|80295|80296|80297|80382
5987,"Taishin, Ikeda",Ikeda Taishin,https://art.thewalters.org/browse/creator/ikeda-taishin,,," (Japanese, 1825-1903)",21962
4514,"Taiso, Yoshitoshi",Taiso Yoshitoshi,https://art.thewalters.org/browse/creator/taiso-yoshitoshi,male,," (Japanese, 1839-1892)",5915|12652|32308|13375|25910|30092|22133|28169|13997|258|20207|29386|38317|1329|7725|24984|20804|32314|1520|27458|27734|9552|14464|29318|23068|5540|79657|79658
6723,"Tait, Arthur Fitzwilliam",Arthur Fitzwilliam Tait,https://art.thewalters.org/browse/creator/arthur-fitzwilliam-tait,,,,14060
16465,"Taizan, Motoaki",Taizan Motoaki,https://art.thewalters.org/browse/creator/taizan-motoaki,male,," (Japanese, active ca. 1825-1850)",12079
6134,"Taizan, Motoharu",Taizan Motoharu,https://art.thewalters.org/browse/creator/taizan-motoharu,male,," (Japanese, ca. 1750-1775)",10538
6149,"Taizan, Mototoshi",Taizan Mototoshi,https://art.thewalters.org/browse/creator/taizan-mototoshi,male,, (Japanese),4979|12531
6135,"Taizan, Motozane",Taizan Motozane,https://art.thewalters.org/browse/creator/taizan-motozane,male,," (Japanese, 1741-1830)",10538
15238,"Taizan, Motozane III",Taizan Motozane III,https://art.thewalters.org/browse/creator/taizan-motozane-iii,male,," (Japanese, ca. 1794-1865)",4765
6699,"Takahara, Komajiro",Takahara Komajiro,https://art.thewalters.org/browse/creator/takahara-komajiro,male,, (Japanese),37249
4410,"Takahashi, Kiyotsugu",Takahashi Kiyotsugu,https://art.thewalters.org/browse/creator/takahashi-kiyotsugu,male,," (Japanese, died 1894)",40408|30592|8044|79195|79355|79354|21770|22983|1966|79621|79622
2644,"Takahashi, Yoshitsugu",Takahashi Yoshitsugu,https://art.thewalters.org/browse/creator/takahashi-yoshitsugu,male,," (Japanese, 1842-1873)",17750
4696,"Takamoto, Hidemune",Takamoto Hidemune,https://art.thewalters.org/browse/creator/takamoto-hidemune,male,," (Japanese, 1819-1887)",39534|7623|26987
6627,"Takase, Eiju",Takase Eiju,https://art.thewalters.org/browse/creator/takase-eiju,male,," (Japanese, ca. 1775-1800)",2022|15157|39335|8335|37954
1917,"Takayoshi, Yokoyama Yazaemon II",Yokoyama Yazaemon Takayoshi II,https://art.thewalters.org/browse/creator/yokoyama-yazaemon-takayoshi-ii,male,," (Japanese, 1845-ca. 1889)",37719|27221
6036,"Takechika, Tsuchiya",Tsuchiya Takechika,https://art.thewalters.org/browse/creator/tsuchiya-takechika,male,," (Japanese, 1827-1887)",23536|39098
15048,Takegawa Seikichi,Takegawa Seikichi,https://art.thewalters.org/browse/creator/takegawa-seikichi,,,,79659|79660
5308,Takehide,Takehide,https://art.thewalters.org/browse/creator/takehide,male,, (Japanese),29586|34308
15049,Takekawa Rizaburo,Takekawa Rizaburo,https://art.thewalters.org/browse/creator/takekawa-rizaburo,,,,27082|19962|24141
2705,"Talani, Teresa",Teresa Talani,https://art.thewalters.org/browse/creator/teresa-talani,,," (Italian, active ca. 1790 - ca. 1825)",17181
35392,Talavera Uriarte,Talavera Uriarte,https://art.thewalters.org/browse/creator/talavera-uriarte,,," (Mexican, founded 1824)",103063
16703,"Talib, 'Ali ibn Abi Caliph",'Ali ibn Abi Talib,https://art.thewalters.org/browse/creator/ali-ibn-abi-talib,,, (died 40 AH/AD 661),936|76636|77625|79971|77626|5052|79996|79997|81479
5184,"Tamagawa, Hôju",Tamagawa Hôju,https://art.thewalters.org/browse/creator/tamagawa-hju,male,," (Japanese, active 19th century)",375|779
7030,"Tamagawa, Masaharu",Tamagawa Masaharu,https://art.thewalters.org/browse/creator/tamagawa-masaharu,male,," (Japanese, 1st half 18th century)",5058|31222|27079|35169
4917,"Tamagawa, Yoshiharu",Tamagawa Yoshiharu,https://art.thewalters.org/browse/creator/tamagawa-yoshiharu,male,," (Japanese, active ca. 1850-1874)",14286|2352
3516,"Tamagawa, Yoshihisa II",Tamagawa Yoshihisa II,https://art.thewalters.org/browse/creator/tamagawa-yoshihisa-ii,male,," (Japanese, 1779-1835)",10800|38506
3097,"Tamagawa, Yoshihisa III",Tamagawa Yoshihisa III,https://art.thewalters.org/browse/creator/tamagawa-yoshihisa-iii,male,," (Japanese, died 1839)",11247
15050,Tamaya Sosuke,Tamaya Sosuke,https://art.thewalters.org/browse/creator/tamaya-sosuke,,,,17334
4808,"Tamenobu, Fujikawa",Fujikawa Tamenobu,https://art.thewalters.org/browse/creator/fujikawa-tamenobu,,," (Japanese, late 19th-early 20th century)",18748
4854,Tametsugu,Tametsugu,https://art.thewalters.org/browse/creator/tametsugu,male,, (Japanese),39534
3120,"Tamm, Franz Werner von",Franz Werner von Tamm,https://art.thewalters.org/browse/creator/franz-werner-von-tamm,male,," (German, 1658-1724)",33606|8658
5146,"Tamura, Tadayuki",Tamura Tadayuki,https://art.thewalters.org/browse/creator/tamura-tadayuki,male,," (Japanese, active ca. 1800)",34271
16313,"Tanaka, Kiyoshige",Tanaka Kiyoshige,https://art.thewalters.org/browse/creator/tanaka-kiyoshige,male,," (Japanese, mid 19th century)",16984
6968,"Tanaka, Kiyotoshi",Tanaka Kiyotoshi,https://art.thewalters.org/browse/creator/tanaka-kiyotoshi,male,," (Japanese, 1804-1876)",20153|33660|9759|32913|26675|20894
2759,"Tanaka, Tokuaki",Tanaka Tokuaki,https://art.thewalters.org/browse/creator/tanaka-tokuaki,male,," (Japanese, 1840-1889)",32204
2141,"Tanemune, Arashi",Arashi Tanemune,https://art.thewalters.org/browse/creator/arashi-tanemune,male,," (Japanese, active 19th century)",12430
17949,"Tang, Yin",Tang Yin,https://art.thewalters.org/browse/creator/tang-yin,,," (Chinese, 1470-1524)",28792|13856|21801
17993,"Tang, Yu",Tang Yu,https://art.thewalters.org/browse/creator/tang-yu,,,,32864
5964,"Tani, Motosada",Tani Motosada,https://art.thewalters.org/browse/creator/tani-motosada,male,," (Japanese, 1st half 19th century)",4656
8766,"Tanigoro, Hayashi",Hayashi Tanigoro,https://art.thewalters.org/browse/creator/hayashi-tanigoro,,,,28195
8661,"Tanner, Henry Ossawa",Henry Ossawa Tanner,https://art.thewalters.org/browse/creator/henry-ossawa-tanner,male,," (American, 1859-1937)",34753|88538
16248,"Tarabrov, Ivan Filippovich",Ivan Filippovich Tarabrov,https://art.thewalters.org/browse/creator/ivan-filippovich-tarabrov,,," (Russian, active 1893-1913)",35243
31442,Tarascan,Tarascan,https://art.thewalters.org/browse/creator/tarascan,,,,78399
33495,"Tardieu, Nicolas Henri",Nicolas Henri Tardieu,https://art.thewalters.org/browse/creator/nicolas-henri-tardieu,,," (French, 1674 - 1749)",27594
15373,"Targone, Cesare",Cesare Targone,https://art.thewalters.org/browse/creator/cesare-targone,male,," (Italian, active 1575-1590)",6831
3857,"Tassaert, Jean Pierre Antoine",Jean Pierre Antoine Tassaert,https://art.thewalters.org/browse/creator/jean-pierre-antoine-tassaert,male,," (Flemish, 1727-1788)",17652
5124,"Tassi, Agostino",Agostino Tassi,https://art.thewalters.org/browse/creator/agostino-tassi,male,," (Italian, ca. 1579-1644)",34645
5173,"Tassie, James",James Tassie,https://art.thewalters.org/browse/creator/james-tassie,male,," (Scottish, 1735-1799)",20115|14194|36253|23406|2242|21499|34693|39018|5186|17530|12341|4902|96217
4567,"Tateshun, Kaho",Kaho Tateshun,https://art.thewalters.org/browse/creator/kaho-tateshun,,," (Japanese, died 1853)",20357|10298
4467,"Tauber, Johan Leonhard",Johan Leonhard Tauber,https://art.thewalters.org/browse/creator/johan-leonhard-tauber,,,,4417
7384,"Tavernier, Pierre Benjamin",Pierre Benjamin Tavernier,https://art.thewalters.org/browse/creator/pierre-benjamin-tavernier,,," (French, 1758 - ca. 1820)",30420
1889,"Taylor, Eleanor",Eleanor Taylor,https://art.thewalters.org/browse/creator/eleanor-taylor,female,, (English),32540
19239,"Tayyarzade, Ahmed 'Ata",Ahmed 'Ata Tayyarzade,https://art.thewalters.org/browse/creator/ahmed-ata-tayyarzade,,, (died 1294 AH/AD 1877),35005|83273|83274|83275|83276|83277|83278|83279|83280|83281|83282|83283|83284
18962,"Tayyib, Yahya",Yahya Tayyib,https://art.thewalters.org/browse/creator/yahya-tayyib,,," (Yemeni, active ca. 1727-1748)",80933
8577,Taíno,Taíno,https://art.thewalters.org/browse/creator/taino,,,,5839|3244|17773
6725,"Te-ying, Ch'in",Ch'in Te-ying,https://art.thewalters.org/browse/creator/chin-te-ying,,,,21901
5320,"Teitaro, Kumeno",Kumeno Teitaro,https://art.thewalters.org/browse/creator/kumeno-teitaro,male,," (Japanese, 1865-1939)",37735
35374,"Tellez, Alfonso Garcia",Alfonso García Tellez,https://art.thewalters.org/browse/creator/alfonso-garca-tellez,,," (Mexican, born 1938)",102997
31466,Tembladera,Tembladera,https://art.thewalters.org/browse/creator/tembladera,,,,80251
5311,"Templetown, Elizabeth Lady",Lady Elizabeth Templetown,https://art.thewalters.org/browse/creator/lady-elizabeth-templetown,female,," (British, 1747-1823)",23880|17994|5578|32078|3586
2807,"Teniers, David II",David Teniers II,https://art.thewalters.org/browse/creator/david-teniers-ii,male,," (Flemish, 1610-1690)",34294|11580|11305
15051,Tenki,Tenki,https://art.thewalters.org/browse/creator/tenki,,,,3339|18745
31707,"Tenniel, John Sir",John Tenniel,https://art.thewalters.org/browse/creator/john-tenniel,,," (British, 1820 - 1914)",101353
8565,Teotihuacán,Teotihuacán,https://art.thewalters.org/browse/creator/teotihuacn,,,,38218|8846|80403
3927,"Terborch, Gerard II",Gerard Terborch II,https://art.thewalters.org/browse/creator/gerard-terborch-ii,male,," (Dutch, 1617-1681)",16572|26676|26676
5007,"Terbrugghen, Hendrick",Hendrick Terbrugghen,https://art.thewalters.org/browse/creator/hendrick-terbrugghen,male,," (Dutch, 1588-1629)",29428
2291,Terence,Terence,https://art.thewalters.org/browse/creator/terence,,," (Roman, 195/185–159 BC)",25582
4017,"Tertre, Du",Du Tertre,https://art.thewalters.org/browse/creator/du-tertre,,,,11875
16447,Terumitsu,Terumitsu,https://art.thewalters.org/browse/creator/terumitsu,,," (Japanese, 19th century (?))",9923
2217,"Teuné, François-Gaspard",François-Gaspard Teuné,https://art.thewalters.org/browse/creator/franbois-gaspard-teunc,male,," (French, born 1726, master 1766)",40793|473
4337,"Texier, Barthélemy",Barthélemy Texier,https://art.thewalters.org/browse/creator/barthclemy-texier,male,," (French, 16th century)",7489
2501,Thai,Thai,https://art.thewalters.org/browse/creator/thai,,,,27735|27802|8655|34483|22494|35904|38608|4315|1406|5094|4537|16062|19264|14883|32926|24865|29705|3289|15615|33713|2021|31337|32575|23821|7332|38412|30339|40657|34708|32842|13149|1607|28476|29142|21660|35020|32599|16172|15442|4689|12624|31650|36196|2871|11772|37176|3466|30219|29978|4352|12365|857|5821|35665|24511|2449|30076|31930|11462|36064|15401|23222|12326|190|21789|13657|9540|25514|27374|16496|31842|40638|16459|16860|38202|26391|8347|24085|33222|26722|31955|16480|12346|18736|3672|39948|38960|26295|1403|7435|37300|23456|37922|9100|18777|8597|23542|17687|29908|1453|15634|35027|729|5066|35898|30989|14381|16478|19366|25694|2744|39566|39864|29011|445|7075|13280|2375|617|28478|24140|4147|6557|32550|6460|38910|32089|24540|7762|792|8890|12520|16765|28666|28933|32759|18464|30803|2224|9483|38908|34616|22852|10878|15049|32747|16850|6399|37881|6283|8301|22923|30187|22475|17029|34265|18399|26130|3093|35323|21019|36192|36647|11952|16860|22306|34641|2448|34264|23239|18380|28948|15050|20289|7190|213|38529|34269|16268|3855
7233,"Thaulow, Frits",Frits Thaulow,https://art.thewalters.org/browse/creator/frits-thaulow,male,," (Norwegian, 1847-1906)",20026|36939
20460,The Guild of Women Binders,The Guild of Women Binders,https://art.thewalters.org/browse/creator/the-guild-of-women-binders,,,,85154|85478
32085,Theodore,Theodore,https://art.thewalters.org/browse/creator/theodore,,, (Greek),1548|4780|3906|20997|19693|30223|37316|4382|26530|11006|30845|13925|33936|12918|35274|28474|10853|38590|7855|17911
32083,Theodoulos,Theodoulos,https://art.thewalters.org/browse/creator/theodoulos,,, (Greek),12237|15656
3812,"Thesmar, Fernand",Fernand Thesmar,https://art.thewalters.org/browse/creator/andrc-fernand-thesmar,male,," (French, 1843-1912)",28650|9093|35230|27203
5139,"Thiele, Arthur",Arthur Thiele,https://art.thewalters.org/browse/creator/arthur-thiele,male,," (German, 1841-1919)",40713
31680,"Thieleman, Alfred",Alfred Thieleman,https://art.thewalters.org/browse/creator/alfred-thieleman,,,,82373
8631,Thierry Sr. de Petit-Simier,Thierry Sr. de Petit-Simier,https://art.thewalters.org/browse/creator/thierry-sr-de-petit-simier,,,,22325
1949,"Thom, James Crawford",James Crawford Thom,https://art.thewalters.org/browse/creator/james-crawford-thom,male,," (American, 1835-1898)",30408
7816,Thomas of Siena,Thomas of Siena,https://art.thewalters.org/browse/creator/thomas-of-siena,,,,4805
36508,Thomas-Victor Sergent Pottery Factory,Thomas-Victor Sergent Pottery Factory,https://art.thewalters.org/browse/creator/thomas-victor-sergent-pottery-factory,,," (French, ca. 1868 - 1895)",103203|103195|103632
5700,"Thomire, Pierre-Philippe",Pierre-Philippe Thomire,https://art.thewalters.org/browse/creator/pierre-philippe-thomire,male,," (French, 1751-1843)",2325|7532|92356|77462
34313,"Thompson, Henry",Henry Thompson,https://art.thewalters.org/browse/creator/henry-thompson,,," (English, 1820 - 1904)",88137
3644,Thouron,Thouron,https://art.thewalters.org/browse/creator/thouron,,,,40415
2638,Thucydides,Thucydides,https://art.thewalters.org/browse/creator/thucydides,,,,5775
4365,"Thévenet, Louis-Jean le père",Louis-Jean Thévenet le père,https://art.thewalters.org/browse/creator/louis-jean-thcvenet-le-prre,male,," (French, active 1741-1777)",16757|39323
6868,Tibetan,Tibetan,https://art.thewalters.org/browse/creator/tibetan,,,,35380|14189|23545|40571|8224|23740|12985|8204|37510|31775|7573|12245|3769|19799|1092|4857|30490|40885|13820|34411|31860|18737|9365|7630|40884|13475|23140|37907|18534|38627|8429|15130|21614|21538|34466|13025|8497|16374|28081|11145|19134|24123|32605|36060|40335|2646|39933|22420|3834|34044|3754|2619|2749|29654|1425|29336|39277|21641|8872|14336|38188|27243|22472|31805|38204|31397|11857|19904|92427|95089|98098|98099|98100|98101|98102|11294|2869|30939|25543|3014
4371,"Tidemand, Adolph",Adolph Tidemand,https://art.thewalters.org/browse/creator/adolph-tidemand,male,," (Norwegian, 1814-1876)",28436
2003,"Tiepolo, Giovanni Battista",Giovanni Battista Tiepolo,https://art.thewalters.org/browse/creator/giovanni-battista-tiepolo,male,," (Italian, 1696-1770)",25852|19755|25478
15737,Tiffany Studios,Tiffany Studios,https://art.thewalters.org/browse/creator/tiffany-studios,,," (American, 1885-1932)",20081|26580|8960|17511|30685|15936|25036|21414|27454|32513|40435|5194
3561,Tiffany and Company,Tiffany and Company,https://art.thewalters.org/browse/creator/tiffany-and-company,,," (American, 1837-present)",35594|17482|25440|35342|39079|8887|30663|5194|30259|5355|26157|25423|3537|35485|23195|12122|4524|7603|76632|77171|31782|9895|82505|84346|18323|17213|17491
3217,"Tiffany, Louis Comfort",Louis Comfort Tiffany,https://art.thewalters.org/browse/creator/louis-comfort-tiffany,male,," (American, 1848-1933)",40435|8960|30685|25036|17511|20081|4524|15936|5194|26580|21414|27454|32513
4728,"Tigranus, Marcus Perrenius",Marcus Perrenius Tigranus,https://art.thewalters.org/browse/creator/marcus-perrenius-tigranus,male,, (Roman),31309
21285,"Timofeev, Valeri",Valeri Timofeev,https://art.thewalters.org/browse/creator/valeri-timofeev,,," (Latvian, born 1941)",82366|82368|82367|82370|82371
3984,Timurid,Timurid,https://art.thewalters.org/browse/creator/timurid,,,,38012
4395,"Tintoretto, Jacopo",Jacopo Tintoretto,https://art.thewalters.org/browse/creator/jacopo-tintoretto,male,," (Italian, 1519-1594)",9808
3782,"Tisi, Benvenuto known as Garofalo",Benvenuto Tisi known as Garofalo,https://art.thewalters.org/browse/creator/garofalo,male,," (Italian, 1481 - 1559)",15683|9744|18427|35474|9744
4551,"Tisoi, Antonio da",Antonio da Tisoi,https://art.thewalters.org/browse/creator/antonio-de-tisoio,male,," (Italian, documented 1512)",25333
4571,"Tissot, James",James Tissot,https://art.thewalters.org/browse/creator/james-tissot,male,," (French, 1836-1902)",1194|18952
7167,Titian,Titian,https://art.thewalters.org/browse/creator/titian,male,," (Italian, ca. 1488-1576)",32662|19189
8580,Tlatilco,Tlatilco,https://art.thewalters.org/browse/creator/tlatilco,,,,78430|78432|78408|78409
3732,"Tobari, Yoshihisa",Tobari Yoshihisa,https://art.thewalters.org/browse/creator/tobari-yoshihisa,male,," (Japanese, active 2nd quarter 19th century)",39682
15834,"Toeber, Joerg",Joerg Toeber,https://art.thewalters.org/browse/creator/joerg-toeber,,,,12516
4045,Tojusai,Tojusai,https://art.thewalters.org/browse/creator/tojusai,male,, (Japanese),38644
6127,"Tokuno, Terutatsu",Tokuno Terutatsu,https://art.thewalters.org/browse/creator/tokuno-terutatsu,male,," (Japanese, 1747-; Born)",40243
31452,Tolima,Tolima,https://art.thewalters.org/browse/creator/tolima,,,,31035|80231|21577
5918,"Tomikichiro, Tokuriki",Tokuriki Tomikichiro,https://art.thewalters.org/browse/creator/tokuriki-tomikichiro,male,," (Japanese, b. 1902)",4744
4931,"Tomita, Masayoshi",Tomita Masayoshi,https://art.thewalters.org/browse/creator/tomita-masayoshi,male,, (Japanese),33135
2109,"Tommaso, Bartolomeo di da Foligno",Bartolomeo di Tommaso da Foligno,https://art.thewalters.org/browse/creator/bartolomeo-di-tommaso-da-foligno,male,," (Italian, born 1408/11, died before 1454)",23449|5301
4316,"Tommaso, Niccolò di",Niccolò di Tommaso,https://art.thewalters.org/browse/creator/niccol-di-tommaso,male,," (Italian, active ca. 1343-ca. 1405)",25040
3863,"Tomochika, Chikuyosai I",Chikuyosai Tomochika I,https://art.thewalters.org/browse/creator/chikuyosai-tomochika-i,male,," (Japanese, 1799-1873)",37788|24493
5442,Tomomitsu,Tomomitsu,https://art.thewalters.org/browse/creator/tomomitsu,male,, (Japanese),15298
6356,"Tomotaro, Kato",Kato Tomotaro,https://art.thewalters.org/browse/creator/kato-tomotaro,male,," (Japanese, 1851-1916)",15160
2286,Tomotoshi,Tomotoshi,https://art.thewalters.org/browse/creator/tomotoshi,male,, (Japanese),21304
6102,Tomoyoshi,Tomoyoshi,https://art.thewalters.org/browse/creator/tomoyoshi,male,," (Japanese, active ca. 1800-1850)",18352|27369
6106,"Tomoyoshi, Ichiryu",Ichiryu Tomoyoshi,https://art.thewalters.org/browse/creator/ichiryu-tomoyoshi,male,," (Japanese, 1846-1922)",16215
3099,"Tonnellier, Georges",Georges Tonnellier,https://art.thewalters.org/browse/creator/georges-tonnellier,male,," (French, 1858-1937)",3888|28746|31665|38372|33556
7904,"Torboch, Gottfried",Gottfried Torboch,https://art.thewalters.org/browse/creator/gottfried-torboch,,,,30813
4882,"Torii, Kiyonaga",Torii Kiyonaga,https://art.thewalters.org/browse/creator/torii-kiyonaga,male,," (Japanese, 1725-1815)",15996|27452
19122,"Torii, Kotondo",Torii Kotondo,https://art.thewalters.org/browse/creator/torii-kotondo,,," (Japanese, 1900 - 1976)",82717|82718|82719|82799|82800
4902,"Torti, Domenico",Domenico Torti,https://art.thewalters.org/browse/creator/domenico-torti,male,," (Italian, active ca. 1885)",27206
16493,"Tory, Geoffroy",Geoffroy Tory,https://art.thewalters.org/browse/creator/geoffroy-tory,male,," (French, ca.1480-1533)",85602|85602
4143,Toryu,Toryu,https://art.thewalters.org/browse/creator/toryu,male,," (Japanese, active ca. 18th century)",28355
2825,"Toscani, Giovanni",Giovanni Toscani,https://art.thewalters.org/browse/creator/giovanni-di-francesco-toscani,male,," (Italian, ca. 1370 - 1430)",24316
7044,Toshiaki,Toshiaki,https://art.thewalters.org/browse/creator/toshiaki,male,," (Japanese, active 1894-1895)",4379
5735,Toshiharu,Toshiharu,https://art.thewalters.org/browse/creator/toshiharu,male,," (Japanese, Japanese)",25444
16500,Toshihiro,Toshihiro,https://art.thewalters.org/browse/creator/toshihiro,,," (Japanese, 19th century)",40138|40645|79137|79138
6978,"Toshihiro, Hamano",Hamano Toshihiro,https://art.thewalters.org/browse/creator/hamano-toshihiro,male,," (Japanese, Japanese)",12448
6563,"Toshikata, Mizuno",Mizuno Toshikata,https://art.thewalters.org/browse/creator/mizuno-toshikata,male,," (Japanese, 1866-1908)",17355|40367|12595|2755|12756|32309|2786
15052,Toshikuraya Shinbei,Toshikuraya Shinbei,https://art.thewalters.org/browse/creator/toshikuraya-shinbei,,,,34092
6761,Toshimasa,Toshimasa,https://art.thewalters.org/browse/creator/toshimasa3,male,," (Japanese, active late 19th century)",32350
2880,Toshimasa,Toshimasa,https://art.thewalters.org/browse/creator/toshimasa,male,," (Japanese, active 1890-1894)",20700
16263,Toshimasa,Toshimasa,https://art.thewalters.org/browse/creator/toshimasa4,male,," (Japanese, active ca. 1850-1925)",16072
5175,Toshimasa,Toshimasa,https://art.thewalters.org/browse/creator/toshimasa2,male,," (Japanese, 19th century)",2661|33151
3413,Toshimitsu,Toshimitsu,https://art.thewalters.org/browse/creator/toshimitsu,male,, (Japanese),32124
3879,"Toshimitsu, Yamagiwa",Yamagiwa Toshimitsu,https://art.thewalters.org/browse/creator/yamagiwa-toshimitsu,male,, (Japanese),9533
6616,Toshinaga,Toshinaga,https://art.thewalters.org/browse/creator/toshinaga,male,, (Japanese),24066|26776
5067,Toshinobu,Toshinobu,https://art.thewalters.org/browse/creator/toshinobu,male,, (Japanese),20916
2098,Toshisai,Toshisai,https://art.thewalters.org/browse/creator/toshisai,male,," (Japanese, active 19th century)",26481
7692,Toshitsugu,Toshitsugu,https://art.thewalters.org/browse/creator/toshitsugu2,male,," (Japanese, active ca. 19th century)",20762
6744,Toshitsugu,Toshitsugu,https://art.thewalters.org/browse/creator/toshitsugu,male,," (Japanese, ca. 1800)",39760
16532,Toshitsugu,Toshitsugu,https://art.thewalters.org/browse/creator/toshitsugu3,,," (Japanese, active ca. 19th century)",79608|79609|36531
16628,Toshitsugu,Toshitsugu,https://art.thewalters.org/browse/creator/toshitsugu4,,," (Japanese, active ca. 1800)",28233
3343,"Toshitsugu, Takahashi",Takahashi Toshitsugu,https://art.thewalters.org/browse/creator/takahashi-toshitsugu,male,," (Japanese, Japanese)",18352
6803,Toshiyama,Toshiyama,https://art.thewalters.org/browse/creator/toshiyama,,,,28259|16497|20002|26524
6336,Toshiyuki,Toshiyuki,https://art.thewalters.org/browse/creator/toshiyuki,male,, (Japanese),1382|36342|4237|19411|14976
3232,"Toshun, Kano",Kano Toshun,https://art.thewalters.org/browse/creator/kano-toshun,male,," (Japanese, 1747-1797)",18751|80137|80138|80139|80140|80141|80142|80143|80144|80145|80146|80147|80148|80149|80150|80151
17339,"Tosini, Michele",Michele Tosini,https://art.thewalters.org/browse/creator/michele-tosini,male,," (Italian, 1503-1577)",16578
17603,"Totoki, Hosho",Totoki Hosho,https://art.thewalters.org/browse/creator/totoki-hosho,,," (Japanese, active early 19th century)",8165
6612,"Toulouse-Lautrec, Henri de",Henri de Toulouse-Lautrec,https://art.thewalters.org/browse/creator/henri-de-toulouse-lautrec,male,," (French, 1864-1901)",22278
5149,"Toun, Ikkosai",Ikkosai Toun,https://art.thewalters.org/browse/creator/ikkosai-toun,male,," (Japanese, early-mid 19th century)",22002
6527,"Toun, Kimura",Kimura Toun,https://art.thewalters.org/browse/creator/kimura-toun,male,, (Japanese),20761|23936
5508,Tounsai,Tounsai,https://art.thewalters.org/browse/creator/tounsai,male,," (Japanese, Japanese)",34451
15350,Toutin family,Toutin family,https://art.thewalters.org/browse/creator/toutin-family,,, (French),14413
2593,"Toutin, Henri",Henri Toutin,https://art.thewalters.org/browse/creator/henri-toutin,male,," (French, 1614-after 1683)",18028|3605|14413|6845|25146
6032,"Toyo, Iizuka",Iizuka Toyo,https://art.thewalters.org/browse/creator/iizuka-toyo,male,," (Japanese, 1725 (?) - 1790)",28355
6301,"Toyohara, Kunichika",Toyohara Kunichika,https://art.thewalters.org/browse/creator/toyohara-kunichika,male,," (Japanese, 1835-1900)",4665|20237|5092|20493|4750|19875|8050|11563|6955|23678|27479|21298|19940|5792|3240|16285|16468|79272|79273|79287|79288|79289|79292|79293|79294|79295|79296|79297
2906,Toyohide,Toyohide,https://art.thewalters.org/browse/creator/toyohide,male,, (Japanese),22177
5238,"Toyokawa, Mitsunaga II",Toyokawa Mitsunaga II,https://art.thewalters.org/browse/creator/toyokawa-mitsunaga-ii,male,," (Japanese, 1851-1923)",25617
2459,Toyokuni,Toyokuni,https://art.thewalters.org/browse/creator/toyokuni,male,," (Japanese, 1769-1825)",15687|34687|1277|18848|11477|17255|22810|13589|28043|29195|24763|2183|23180|80562|80563|80566|80567
7743,Toyokuni III,Toyokuni III,https://art.thewalters.org/browse/creator/toyokuni-iii,,,,10880
1911,"Toyomasa, Naito",Naito Toyomasa,https://art.thewalters.org/browse/creator/naito-toyomasa,male,," (Japanese, 1773-1856)",14591
3276,Toyoshige,Toyoshige,https://art.thewalters.org/browse/creator/toyoshige,male,," (Japanese, 1777-1835)",17454
3675,Toyotoshi,Toyotoshi,https://art.thewalters.org/browse/creator/toyotoshi,male,, (Japanese),31286
6427,Trautz-Bauzonnet,Trautz-Bauzonnet,https://art.thewalters.org/browse/creator/trautz-bauzonnet,,,,13769
5800,"Traversari, Ambrogio",Ambrogio Traversari,https://art.thewalters.org/browse/creator/ambrogio-traversari,,," (Italian, 1386 - 1439)",12738|76542|76562|76564
6019,"Trayer, Jean-Baptiste Jules",Jean-Baptiste Jules Trayer,https://art.thewalters.org/browse/creator/jean-baptiste-jules-trayer,male,," (French, 1824-1909)",35716|23510
5225,"Trezzo, Jacopo da I",Jacopo da Trezzo,https://art.thewalters.org/browse/creator/jacopo-da-trezzo,male,," (Italian, 1515/1519-1589)",32402|6565
6014,"Tritt, Olga",Olga Tritt,https://art.thewalters.org/browse/creator/olga-tritt,,,,40393
2111,"Trofi, Monaldo",Monaldo Trofi,https://art.thewalters.org/browse/creator/monaldo-trofi,male,," (Italian, 1480-1537)",430|39581
5398,"Trotti, Giovanni Battista",Giovanni Battista Trotti,https://art.thewalters.org/browse/creator/giovanni-battista-trotti,male,," (Italian, 1555-1619)",25535
6609,"Trouillebert, Paul Désiré",Paul Désiré Trouillebert,https://art.thewalters.org/browse/creator/paul-dcsirc-trouillebert,male,," (French, 1829-1900)",27275
4448,"Troyon, Constant",Constant Troyon,https://art.thewalters.org/browse/creator/constant-troyon,male,," (French, 1810-1865)",32030|40476|14245
6580,"Tsuchiya, Toshichika",Tsuchiya Toshichika,https://art.thewalters.org/browse/creator/tsuchiya-toshichika,male,," (Japanese, died 1895)",29682
7158,"Tsuchiya, Yasuchika",Tsuchiya Yasuchika,https://art.thewalters.org/browse/creator/tsuchiya-yasuchika,male,," (Japanese, 1670-1744)",5907|10750|29794|28315|4032|35758|30574|24707|10976|8881|26073|19832|12944|7697
16351,"Tsuchiya, Yasuchika II",Tsuchiya Yasuchika II,https://art.thewalters.org/browse/creator/tsuchiya-yasuchika-ii,male,," (Japanese, 1695-1747)",14697
16314,"Tsuchiya, Yasuchika III",Tsuchiya Yasuchika III,https://art.thewalters.org/browse/creator/tsuchiya-yasuchika-iii,male,," (Japanese, ca. 1717-1778)",40160
15053,Tsuda Genshichi,Tsuda Genshichi,https://art.thewalters.org/browse/creator/tsuda-genshichi,,,,1520
15054,Tsujikame (?),Tsujikame (?),https://art.thewalters.org/browse/creator/tsujikame-,,,,29935
15055,Tsujiokaya Bunsuke,Tsujiokaya Bunsuke,https://art.thewalters.org/browse/creator/tsujiokaya-bunsuke,,, (Japanese),3849|5200|19321|9010|18307|4076|21075
15056,Tsujiokaya Kamekichi,Tsujiokaya Kamekichi,https://art.thewalters.org/browse/creator/tsujiokaya-kamekichi,,,,32739|8338|7083|12975|36304|29721|19720|29574|35561|14159|13089
15057,Tsujiya Yasubei,Tsujiya Yasubei,https://art.thewalters.org/browse/creator/tsujiya-yasubei,,,,20236
2483,Tsukimaro,Tsukimaro,https://art.thewalters.org/browse/creator/tsukimaro,male,," (Japanese, Japanese)",8686
6098,"Tsukuda, Hideaki",Tsukuda Hideaki,https://art.thewalters.org/browse/creator/tsukuda-hideaki,male,," (Japanese, 1848-1918)",32068|17159|79571|34273
3515,Tsunahiro,Tsunahiro,https://art.thewalters.org/browse/creator/tsunahiro,male,, (Japanese),11226|36726
4965,Tsunashige,Tsunashige,https://art.thewalters.org/browse/creator/tsunashige,,,,14460
15058,Tsunashima,Tsunashima,https://art.thewalters.org/browse/creator/tsunashima,,,,22133|28169|38317|1329|24984|20804|29318
15059,Tsunashima Kamekichi,Tsunashima Kamekichi,https://art.thewalters.org/browse/creator/tsunashima-kamekichi,,,,79657|79658
3816,Tsunemitsu,Tsunemitsu,https://art.thewalters.org/browse/creator/tsunemitsu,male,, (Japanese),5294
15060,Tsuru-ya Kinsuke,Tsuru-ya Kinsuke,https://art.thewalters.org/browse/creator/tsuru-ya-kinsuke,,,,1210
35129,"Tsuruta, Yoshitaka",Tsuruta Yoshitaka,https://art.thewalters.org/browse/creator/tsuruta-yoshitaka,,," (Japanese, born 1956)",101705
15061,Tsuruya,Tsuruya,https://art.thewalters.org/browse/creator/tsuruya,,,,15687
15062,Tsuruya Kiemon,Tsuruya Kiemon,https://art.thewalters.org/browse/creator/tsuruya-kiemon,,,,24376|19940|31655
15064,Tsutaya Kichizo,Tsutaya Kichizo,https://art.thewalters.org/browse/creator/tsutaya-kichizo,,,,11778|27949|27526
5188,"Tsutsui, Yoshifusa",Tsutsui Yoshifusa,https://art.thewalters.org/browse/creator/tsutsui-yoshifusa,male,," (Japanese, active ca. 1750)",5812
20967,"Tunstall, Cuthbert",Cuthbert Tunstall,https://art.thewalters.org/browse/creator/cuthbert-tunstall,,,,85438
4064,"Turchi, Alessandro",Alessandro Turchi,https://art.thewalters.org/browse/creator/alessandro-turchi,male,," (Italian, 1578-1649)",4579
2431,Turkish,Turkish,https://art.thewalters.org/browse/creator/turkish,,,,21516|40564|32670|17197|3584|26775|4784|23284|27233|4497|23603|15555|1304|25759|10365|10151|14181|6012|34110|40484|19971|3563|19583|14711|37956|39609|36789|13156|11790|23773|15597|6002|28411|27801|35810|17044|38581|923|13249|37212|8498|5798|22473|5603|22212|7742|23971|11942|18852|30103|11699|39988|17515|1177|10009|27567|14364|79978|79982|79985|79966|81690|81691|81692|81693|81817|83121|81877|20244|20233|10698|77507|84225|84226|24142|84243|84244|78191|84332|78193|78192|84333|78194|79050|78195|84826|9184|17242|99799|99797|34110
2991,"Turner, Joseph Mallord William",Joseph Mallord William Turner,https://art.thewalters.org/browse/creator/joseph-mallord-william-turner,male,," (English, 1775-1851)",3347|26488|2067|39806|5933|555|19687|8770|3670|22822|7503|17370|32005|34712|37336|37782|36429|38407|28380|17641
15720,"Tusi, Muhammad ibn Mahmud",Muhammad ibn Mahmud Tusi,https://art.thewalters.org/browse/creator/muhammad-ibn-mahmud-tusi,,, (12th century),385|81695|78052|78053
16266,"Tuttell, Thomas",Thomas Tuttell,https://art.thewalters.org/browse/creator/thomas-tuttell,male,," (English, active 1695-1702)",78074
32003,Twentieth Artel,Twentieth Artel,https://art.thewalters.org/browse/creator/twentieth-artel,,,,82495
31815,Twenty-sixth Artel,Twenty-sixth Artel,https://art.thewalters.org/browse/creator/twenty-sixth-artel,,, (Russian),82428
7967,"Tyre, William of",William of Tyre,https://art.thewalters.org/browse/creator/william-of-tyre,male,," (French, ca. 1130-ca. 1190)",15806|29541|8971|37603|40122|9668|25718|22876|37241|6966
6785,Tôzan,Tôzan,https://art.thewalters.org/browse/creator/tzan,male,," (Japanese, active late 19th century)",2311|13059|31350|79508
6506,"Uchikoshi, Hirochika",Uchikoshi Hirochika,https://art.thewalters.org/browse/creator/uchikoshi-hirochika,male,," (Japanese, ca. 1825)",5358|35207|22883|16838|5034
2648,"Uchikoshi, Hirotoshi",Uchikoshi Hirotoshi,https://art.thewalters.org/browse/creator/uchikoshi-hirotoshi,male,," (Japanese, active 19th century)",13036|29615|4879|28852|39024|35585|22788|37944|30858|79238
6691,"Uchikoshi, Motoyasu",Uchikoshi Motoyasu,https://art.thewalters.org/browse/creator/uchikoshi-motoyasu,male,," (Japanese, active 1st half 19th century)",5935
15067,Ueda,Ueda,https://art.thewalters.org/browse/creator/ueda,,,,23015
4122,"Ueda, Kazutsune",Ueda Kazutsune,https://art.thewalters.org/browse/creator/ueda-kazutsune,male,," (Japanese, died 1868)",1104
6715,"Uesugi, Kazutsura",Uesugi Kazutsura,https://art.thewalters.org/browse/creator/uesugi-kazutsura,male,," (Japanese, 1775-1815)",35315|5143|22633
6684,"Ujifusa, Fujiwara",Fujiwara Ujifusa,https://art.thewalters.org/browse/creator/fujiwara-ujifusa,male,," (Japanese, Japanese)",31444
5299,Ujinobu,Ujinobu,https://art.thewalters.org/browse/creator/ujinobu,male,," (Japanese, mid 19th century)",13492|29282
16232,Ukrainian,Ukrainian,https://art.thewalters.org/browse/creator/ukrainian,,,,11357|24299|21727|209|25066|30059|11236|35276
34517,"Ulrich, Heinrich",Heinrich Ulrich,https://art.thewalters.org/browse/creator/heinrich-ulrich,,," (German, ca. 1572 - 1621)",25301
3075,Umar,Umar,https://art.thewalters.org/browse/creator/umar,,,,22321|97621
34286,Umbrian,Umbrian,https://art.thewalters.org/browse/creator/umbrian,,, (Italian),1458
6511,"Umetada, Myôju",Umetada Myôju,https://art.thewalters.org/browse/creator/umetada-myju,male,," (Japanese, 1558-1631)",36535
2360,"Umetada, Narikazu",Umetada Narikazu,https://art.thewalters.org/browse/creator/umetada-narikazu,male,," (Japanese, 1629-1700)",9505|1947|32051
6095,"Umetada, Narimasa",Umetada Narimasa,https://art.thewalters.org/browse/creator/umetada-narimasa,male,," (Japanese, 19th century)",13639|79135
15068,Unidentified,Unidentified,https://art.thewalters.org/browse/creator/unidentified,,,,9975|4770|17977|32561|6955|23178|79272|79273|80562|80563
31581,"Universalis, Gilbertus",Gilbertus Universalis,https://art.thewalters.org/browse/creator/gilbertus-universalis,,, (died 1134),36357|14497|34479|17099|14311|18682|88688|36000|818|27364|88689|29056|88690|19816
13310,Unknown,Unknown,https://art.thewalters.org/browse/creator/unknown,,,,5505|39629|94044|76639|8185|28830|96461|11730|39198|99808|99716
5761,"Unno, Moritoshi",Unno Moritoshi,https://art.thewalters.org/browse/creator/unno-moritoshi,male,," (Japanese, 1834-1896)",40495|9675|4844|30423|19033|34795|14749|35035|15025|79197|79574|79575|79573
2540,"Unno, Yoshimori",Unno Yoshimori I,https://art.thewalters.org/browse/creator/unno-yoshimori-i,male,," (Japanese, 1785-1862)",14025
4103,"Unno, Yoshimori",Unno Yoshimori,https://art.thewalters.org/browse/creator/unno-yoshimori,male,," (Japanese, 1864-1919)",15025
6700,"Unryôsai, Hiroyasu",Unryôsai Hiroyasu,https://art.thewalters.org/browse/creator/unrysai-hiroyasu,male,," (Japanese, active ca. 1825)",32601
34644,Unsodo Han,Unsodo Han,https://art.thewalters.org/browse/creator/unsodo-han,,, (Japanese),99848|99850|99852|99854
6758,"Unterberger, Christoph",Christoph Unterberger,https://art.thewalters.org/browse/creator/christoph-unterberger,male,," (Austrian, 1732-1798)",5329
15072,Uo-ei,Uo-ei,https://art.thewalters.org/browse/creator/uo-ei,,,,25792
15073,Uoya Eikichi,Uoya Eikichi,https://art.thewalters.org/browse/creator/uoya-eikichi,,,,7711|22699
15545,Ur-Inanna,Ur-Inanna,https://art.thewalters.org/browse/creator/ur-inanna,,,,33263
16255,Urartean,Urartean,https://art.thewalters.org/browse/creator/urartean,,,,25328
5165,Urartian,Urartian,https://art.thewalters.org/browse/creator/urartian,,,,36490|12613
35234,"Urdubadi, Muhammad Taqi",Muhammad Taqi Urdubadi,https://art.thewalters.org/browse/creator/muhammad-taqi-ordubadi,,," (Iranian, active ca. 1660s)",99778
4928,"Ursio, Henricus de Sancto",Henricus de Sancto Ursio,https://art.thewalters.org/browse/creator/henricus-de-sancto-ursio,,,,20113
5216,"Uryû, Yukimichi",Uryû Yukimichi,https://art.thewalters.org/browse/creator/ury-yukimichi,male,," (Japanese, active ca. 1850-1875)",12868|18417|19103
34148,"Utagawa, Hirokage",Utagawa Hirokage,https://art.thewalters.org/browse/creator/utagawa-hirokage,,," (Japanese, active 1855 - 1865)",12334
4238,"Utagawa, Hiroshige",Utagawa Hiroshige,https://art.thewalters.org/browse/creator/ando-hiroshige,male,," (Japanese, 1797-1858)",33082|29642|31048|36816|17763|1273|19296|25792|5327|32758|38447|31730|38006|20071|27949|880|23911|28888|21176|16852|4372|36836|26994|12222|17937|35083|11095|6931|15600|11584|6392|2208|569|38250|34637|12689|19552|7042|33982|14436|18907|16000|7322|8388|99847
2295,"Utagawa, Kunisada",Utagawa Kunisada,https://art.thewalters.org/browse/creator/utagawa-kunisada,male,," (Japanese, 1823-1880)",13738|15180|4240|10207|37414|23178|27526|11730|39198
2959,"Utagawa, Kuniteru",Utagawa Kuniteru,https://art.thewalters.org/browse/creator/utagawa-kuniteru,male,," (Japanese, 1830 (?)-1874)",29935|24284
5546,"Utagawa, Kuniyoshi",Utagawa Kuniyoshi,https://art.thewalters.org/browse/creator/utagawa-kuniyoshi,male,," (Japanese, 1798-1861)",28736|12998|3008|4684|7911|28256|32286|6416|36137|24372|8769|12611|21219|8048|14361|34557|9975|17974|14214|29150|11711|2100|6629|21607|32887|25951|28042|36890|5590|32739|8338|5074|40129|27136|23847|22950|24376|2912|16733|4875|2819|31163|21232|9718|33295|14793|7083|28958|10445|514|27908|36486|13542|27926|33085|35442|35948|30643|3278|26597|7162|4815|30618|24232|35891|30347|37265|29225|17894|32615|12975|7131|36717|944|21833|20507|34610|1545|35185|5328|14627|12139|5087|1709|13259|3433|24589|36304|40876|29474|8451|4511|27695|38438|23262|5482|5920|21235|29049|32545|40548|20166|29721|24163|11353|37577|27556|19720|29574|28922|2637|10449|22131|37047|7612|34850|7826|37091|26686|5344|9343|37852|24890|34518|33760|15565|22707|37516|28252|35561|15734|10594|30560|14159|33814|20758|13089|31433|39615|22056|79146|79147|79148|79211|79212|79234|79235|79236|80571|80572|80573|80574
3275,"Utagawa, Toyokuni III",Utagawa Toyokuni III,https://art.thewalters.org/browse/creator/utagawa-toyokuni-iii,male,," (Japanese, 1786-1864)",9053|34259|11778|27062|15479|22692|23929|23640|12894|33835|35892|10146|37321|37555|7559|5428|16321|27880|13301|1273|37914|5200|4651|25769|27114|21735|7401|35184|33694|36016|20236|38995|4116|27329|1045|3946|23351|4770|15904|39701|1297|19321|17977|36512|33140|26290|38813|39691|12263|25359|34089|5416|6854|34530|32042|19076|32801|11641|39811|13526|3838|7711|36942|9207|13585|2560|34651|40117|38267|491|31829|30471|27022|9536|36984|24746|8765|1611|15564|37089|15260|1603|35233|15697|30903|21380|11354|18949|34051|39327|16623|22745|19414|33854|37693|13272|31655|3939|28848|26660|11136|11682|3299|7673|6133|35222|39279|21952|30650|39812|8722|33309|21482|22699|3355|21264|79704|79705|80560|80561|80564|80565|80568|80569|80570|97038|97039
5228,"Utagawa, Toyosai",Utagawa Toyosai,https://art.thewalters.org/browse/creator/toyosai,male,," (Japanese, 1848 - 1920)",28131
3454,"Utagawa, Yoshitaki",Utagawa Yoshitaki,https://art.thewalters.org/browse/creator/utagawa-yoshitaki,male,," (Japanese, 1841-1899)",36650|22591|35094|20587|22815|10960|18582|7405|8602|9631|34722|31561|17597|7059|6289|36739|32298|4105|24858|18752|34197|5737
2215,Utamaro II,Utamaro II,https://art.thewalters.org/browse/creator/utamaro-ii,male,, (Japanese),1210
6998,"Utamaro, Kitagawa",Kitagawa Utamaro,https://art.thewalters.org/browse/creator/kitagawa-utamaro,male,," (Japanese, 1753-1806)",33611|36476|32770|9491
31710,"Uzanne, Octave",Octave Uzanne,https://art.thewalters.org/browse/creator/octave-uzanne,,, (1852 - 1931),88106
3015,"Vaccaro, Domenico Antonip",Domenico Antonio Vaccaro,https://art.thewalters.org/browse/creator/domenico-antonio-vaccaro,male,," (Italian, 1681-1745)",32623
6494,"Vachette, Adrien Jean Maximilien",Adrien Jean Maximilien Vachette,https://art.thewalters.org/browse/creator/adrien-vachette,,," (French, 1753 - 1839)",23602|10928
5495,"Vadder, Lodewijk de",Lodewijk de Vadder,https://art.thewalters.org/browse/creator/lodewijk-de-vadder,male,," (Flemish, 1605-1655)",16088
8554,Valdivia,Valdivia,https://art.thewalters.org/browse/creator/valdivia,,,,80385|101779
2841,"Valerio, Théodore",Théodore Valerio,https://art.thewalters.org/browse/creator/thcodore-valerio,male,," (French, 1819-1879)",27982|15585|13518
7550,"Valerius Maximus, Gaius",Gaius Valerius Maximus,https://art.thewalters.org/browse/creator/gaius-valerius-maximus,,,,35173
3213,"Valgrisi, Vincenzo",Vincenzo Valgrisi,https://art.thewalters.org/browse/creator/vincenzo-valgrisi,,,,82753
6418,"Vallayer-Coster, Anne Madame",Anne Vallayer-Coster,https://art.thewalters.org/browse/creator/anne-vallayer-coster,female,," (French, 1744-1818)",6926
35390,"Valls, Pierre",Pierre Valls,https://art.thewalters.org/browse/creator/pierre-valls,,," (French, born 1977)",103063
33356,"Valéry, Paul",Paul Valéry,https://art.thewalters.org/browse/creator/paul-valcry,,," (French, 1871 - 1945)",90558
5772,"Van Cauwenbergh, Joseph-Théodore",Joseph-Théodore Van Cauwenbergh,https://art.thewalters.org/browse/creator/joseph-thcodore-van-cauwenbergh,male,," (French, born ca.1723, master 1770)",5934
15132,"Van Wesel, Andreas",Andreas Van Wesel,https://art.thewalters.org/browse/creator/andreas-van-wesel,,,,12858
32873,"Vanderlyn, John",John Vanderlyn,https://art.thewalters.org/browse/creator/john-vanderlyn,,," (American, 1775 - 1852)",6585
7114,"Vanni, Francesco",Francesco Vanni,https://art.thewalters.org/browse/creator/francesco-vanni,male,," (Italian, 1536-1610)",34698
6549,"Vanni, Lippo",Lippo Vanni,https://art.thewalters.org/browse/creator/lippo-vanni,male,," (Italian, active 1344-1376)",12489
4236,"Vanni, Stefano d'Antonio di",Stefano d'Antonio di Vanni,https://art.thewalters.org/browse/creator/stefano-dantonio-di-vanni,male,," (Italian, 1405-1483)",36492
15693,"Vardapet, Hovannes",Hovannes Vardapet,https://art.thewalters.org/browse/creator/hovannes-vardapet,,, (Armenian),27956
4865,"Vasari, Giorgio II",Giorgio Vasari II,https://art.thewalters.org/browse/creator/giorgio-vasari-ii,male,," (Italian, 1511-1574)",6366|17863|8148|28692|14223|76446
2735,"Vasi, Giuseppe",Giuseppe Vasi,https://art.thewalters.org/browse/creator/giuseppe-vasi,male,," (Italian, 1710-1782)",35763
18992,"Vasnetsov, Viktor",Viktor Vasnetsov,https://art.thewalters.org/browse/creator/viktor-vasnetsov,male,," (Russian, 1848-1926)",82278|82277|82307
4218,"Vassal, Nicolas Claude",Nicolas Claude Vassal,https://art.thewalters.org/browse/creator/nicolas-claude-vassal,,,,35099
3641,"Vasselot, Jean Joseph de",Jean Joseph de Vasselot,https://art.thewalters.org/browse/creator/jean-joseph-de-vasselot,male,," (French, 1840-1904)",4772
5638,"Vasters, Reinhold",Reinhold Vasters,https://art.thewalters.org/browse/creator/reinhold-vasters,male,," (German, 1827-1909)",20146|4192|26372|39009
16426,Vatican G 23 Group,Vatican G 23 Group,https://art.thewalters.org/browse/creator/vatican-g-23-group,,," (Greek, ca. 500-480 BCE)",39632|32454
5929,"Vautier, Benjamin the elder",Benjamin Vautier,https://art.thewalters.org/browse/creator/benjamin-vautier,male,," (Swiss and German, 1829-1898)",24618|2715|23244|30855|4175
16412,"Vecchia, Pietro della",Pietro della Vecchia,https://art.thewalters.org/browse/creator/pietro-della-vecchia,male,," (Italian, 1603-1678)",6413
20868,"Vecellio, Cesare",Cesare Vecellio,https://art.thewalters.org/browse/creator/cesare-vecellio,,," (Italian, 1521-1601)",85437|85474
36419,"Velarde, Kukuli",Kukuli Velarde,https://art.thewalters.org/browse/creator/kukuli-velarde,,, (Peruvian),103208
32197,"Vellert, Dirk",Dirk Vellert,https://art.thewalters.org/browse/creator/dirk-vellert,,," (1480-1485, died 1547)",32652
2674,"Velázquez, Diego",Diego Velázquez,https://art.thewalters.org/browse/creator/diego-velzquez,,," (Spanish, 1599-1660)",7678
6200,Venetian,Venetian,https://art.thewalters.org/browse/creator/venetian,,,,3836|27171|4114|39573|19189|29467|21155|25500|16419|10957|34638|703|37616|4258|24620|34555|2222|21936|11817|7293|29036|36049|12883|86|25475|20211|9810|35934|30139|37315|23702|6765|25017|27720|17734|37334|9419|40090|27819|32024|22067|40203|14718|34153|31168|26901|25383|33766|39017|7349|14348|23002|4317|15135|7825|4245|25392|11531|25867|39153|142|32645|34980|4327|10743|27064|31150|6579|39736|23530|146|34845|4805|9218|5212|25770|38293|21319|20143|21506|27898|35518|6544|25080|16907|31509|20181|38601|1515|700|3782|2592|19217|9752|37608|3216|5029|20219|28959|23555|1391|40490|27557|33885|22043|4279|19202|24836|29372|39035|4995|24112|27948|21116|22825|8830|14956|20983|16876|13723|28262|506|29363|5280|6348|1525|16903|20200|25362|20802|15333|38186|4996|32502|1781|36505|12770|15820|36461|17635|38579|40815|26881|20345|2754|30322|35333|12166|26797|13106|39166|14573|13558|4031|8827|13026|33389|27535|27021|31008|17623|11428|12589|8168|14786|35234|4504|3678|18747|15922|7168|7076|11729|25855|24810|25164|32776|28687|5748|22157
34887,Veneto-Byzantine,Veneto-Byzantine,https://art.thewalters.org/browse/creator/veneto-byzantine,,,,19670|8384|40575
1978,"Venetus, Jacobus Macharius",Jacobus Macharius Venetus,https://art.thewalters.org/browse/creator/jacobus-macharius-venetus,,,,20552|10483|25727
2871,"Veneziano, Caterino",Caterino Veneziano,https://art.thewalters.org/browse/creator/catarino-veneziano,male,," (Italian, active 1362-1382)",6083
21324,Veracruz,Veracruz,https://art.thewalters.org/browse/creator/veracruz,,,,78414|78407|26908|80157|80292|80294|80366
7409,"Verazzano, Alessandro",Alessandro Verazzano,https://art.thewalters.org/browse/creator/alessandro-verazzano,,,,8816|12586|15376
15504,"Verbist, Michiel",Michiel Verbist,https://art.thewalters.org/browse/creator/michiel-verbist,,," (Flemish, active ca. 1620)",38136
2333,"Vercellensis, Joannes Rubeus",Joannes Rubeus Vercellensis,https://art.thewalters.org/browse/creator/joannes-rubeus-vercellensis,,,,38939
4811,"Verdejo, V.",V. Verdejo,https://art.thewalters.org/browse/creator/v-verdejo,,," (Italian, active mid 19th century)",14345
3971,"Verelst, Pieter",Pieter Verelst,https://art.thewalters.org/browse/creator/pieter-verelst,male,," (Dutch, ca. 1618-after 1671)",14960
5834,"Verhaer, Nicolaes",Nicolaes Verhaer,https://art.thewalters.org/browse/creator/nicolaes-verhaer,male,," (Dutch, ca. 1685-1750)",37631|39216|14603
6326,"Vermeyen, Jan Cornelis",Jan Cornelis Vermeyen,https://art.thewalters.org/browse/creator/jan-cornelis-vermeyen,male,," (Dutch, ca. 1500-ca. 1559)",554
8088,"Vernet, Antoine-Charles-Horace",Antoine-Charles-Horace Vernet,https://art.thewalters.org/browse/creator/antoine-charles-horace-vernet,male,," (French, 1758-1836)",12593|5847
3305,"Vernet, Claude-Joseph",Claude-Joseph Vernet,https://art.thewalters.org/browse/creator/claude-joseph-vernet,male,," (French, 1714-1789)",13693|316
5448,"Vernet, Horace",Horace Vernet,https://art.thewalters.org/browse/creator/horace-vernet,male,," (French, 1789-1863)",22922|9833
34869,Verona,Verona,https://art.thewalters.org/browse/creator/verona,,, (Italian),38139
1864,"Veronese, Paolo",Paolo Veronese,https://art.thewalters.org/browse/creator/paolo-veronese,male,," (Italian, 1528-1588)",23952|11944
3242,"Verulanus, Joannes Sulpitius",Joannes Sulpitius Verulanus,https://art.thewalters.org/browse/creator/joannes-sulpitius-verulanus,,,,11296
15133,"Vesalius, Andreas",Andreas Vesalius,https://art.thewalters.org/browse/creator/andreas-vesalius,,, (1514-1564),12858
3400,"Vestier, Antoine",Antoine Vestier,https://art.thewalters.org/browse/creator/antoine-vestier,male,," (French, 1740-1824)",13684|19769|2962
4700,"Veyrassat, Jules Jacques",Jules Jacques Veyrassat,https://art.thewalters.org/browse/creator/jules-jacques-veyrassat,male,," (French, 1828-1893)",35811|13694|4109|12515|4989
7102,"Veyrier, Pierre II",Pierre Veyrier II,https://art.thewalters.org/browse/creator/pierre-veyrier-ii,male,," (French, active ca. 1528-1558)",14739
5084,"Viardot, Gabriel",Gabriel Viardot,https://art.thewalters.org/browse/creator/viardot,,, (1830 -1906),35278
33354,"Viardot, Louis",Louis Viardot,https://art.thewalters.org/browse/creator/louis-viardot,,, (1800 - 1883),87815
4814,"Vibert, Jehan Georges",Jehan Georges Vibert,https://art.thewalters.org/browse/creator/jehan-georges-vibert,male,," (French, 1840-1902)",26248
3178,"Vickers, Alfred",Alfred Vickers,https://art.thewalters.org/browse/creator/alfred-vickers,male,," (English, 1786-1868)",17449|17300
33710,Victor Kullberg,Victor Kullberg,https://art.thewalters.org/browse/creator/victor-kullberg,,, (1851 - 1947),20358|16363
7604,Victor of Crete,Victor of Crete,https://art.thewalters.org/browse/creator/victor,,," (Greek, active 1660-1676)",4292
7951,"Victor, Pseudo-Aurelius",Pseudo-Aurelius Victor,https://art.thewalters.org/browse/creator/pseudo-aurelius-victor,,,,5029
5271,"Victor, Pseudo-Sextus Aurelius",Pseudo-Sextus Aurelius Victor,https://art.thewalters.org/browse/creator/pseudo-sextus-aurelius-victor,male,," (Roman, Roman)",28339
8585,Vicús,Vicús,https://art.thewalters.org/browse/creator/vics,,,,26184|79380
33262,"Vidal, Pierre",Pierre Vidal,https://art.thewalters.org/browse/creator/pierre-vidal,,," (French, 1849 - 1929)",88124
4476,"Vielliard, André-Vincent",André-Vincent Vielliard,https://art.thewalters.org/browse/creator/andrc-vincent-vielliard,male,," (French, active 1752-1790)",18104|77476|23896|10280|16635|14547
34008,"Vien, Joseph-Marie",Joseph-Marie Vien,https://art.thewalters.org/browse/creator/joseph-marie-vien,,," (French, 1716 - 1809)",95464|87358
2701,"Vienna 1089, Painter of",Painter of Vienna 1089,https://art.thewalters.org/browse/creator/painter-of-vienna-1089,,," (Greek, active 4th century BCE)",23872
6708,Vietnamese,Vietnamese,https://art.thewalters.org/browse/creator/vietnamese,,,,23816|19452
5594,"Vignali, Jacopo",Jacopo Vignali,https://art.thewalters.org/browse/creator/jacopo-vignali,male,," (Italian, 1592-1664)",9071
3792,"Vigée-Lebrun, Marie Louise Elisabeth",Marie Louise Elisabeth Vigée-Lebrun,https://art.thewalters.org/browse/creator/marie-louise-elisabeth-vigce-lebrun,female,," (French, 1755-1842)",11321
2934,Viking,Viking,https://art.thewalters.org/browse/creator/viking,,,,26233|11104|28073|2826|20160|3951|13567|28543
5714,Villanovan,Villanovan,https://art.thewalters.org/browse/creator/villanovan,,,,8090|33411|9465
7415,"Villegas Cordero, José",José Villegas Cordero,https://art.thewalters.org/browse/creator/josc-villegas-cordero,male,," (Spanish, 1844-1921)",34525|19983
2270,"Villeneuve, Louis-Jules-Frederic",Louis-Jules-Frederic Villeneuve,https://art.thewalters.org/browse/creator/louis-jules-frederic-villeneuve,male,," (French, 1796-1842)",1498
1904,"Villeret, François-Etienne",François-Etienne Villeret,https://art.thewalters.org/browse/creator/franbois-etienne-villeret,male,," (French, ca. 1800-1866)",18677
2425,Villeroy & Boch,Villeroy & Boch,https://art.thewalters.org/browse/creator/villeroy--boch,,," (German, founded 1748)",103638
4819,Vincennes Porcelain Manufactory,Vincennes Porcelain Manufactory,https://art.thewalters.org/browse/creator/vincennes-porcelain-manufactory,,," (French, active ca. 1740-1756)",15255|22127|16772|36973|16135|34563|25248|18334|77476|16962|97003|24070|11020
15420,"Vincent, Henry-François le jeune",Henry-François Vincent le jeune,https://art.thewalters.org/browse/creator/henri-franbois-vincent-le-jeune,male,," (French, 1733 - 1809)",77461|37726|24568|36528
4585,"Vinci, Leonardo da",Leonardo da Vinci,https://art.thewalters.org/browse/creator/leonardo-da-vinci,male,," (Italian, 1452-1519)",6356|10742
3063,"Vinckeboons, David",David Vinckeboons,https://art.thewalters.org/browse/creator/david-vinckeboons,male,," (Flemish, 1576-ca. 1632)",36213
33434,"Vintons, Francis Laurens",Francis Laurens Vintons,https://art.thewalters.org/browse/creator/francis-laurens-vintons,,, (1835 - 1879),3074
8356,Virgil,Virgil,https://art.thewalters.org/browse/creator/virgil,male,," (Roman, 70-19 BC)",36048|9208|21330|35012|32501|31081|3559|19692|22770|19719|32499|15275|3344|39227|4114|25392|6765|142|20219
3274,"Vischer, Peter the younger",Peter Vischer the younger,https://art.thewalters.org/browse/creator/peter-vischer-the-younger,male,," (German, 1487-1528)",30782
4764,Visigothic,Visigothic,https://art.thewalters.org/browse/creator/visigothic,,,,16638|16373|29148|2724|36848|26389|14542|34842|13833|34752
16817,Visseaux,Visseaux,https://art.thewalters.org/browse/creator/visseaux,,, (early 20th century),29068
17148,"Viterbo, Antonio da the Elder",Antonio da Viterbo the Elder,https://art.thewalters.org/browse/creator/antonio-da-viterbo-the-elder,male,," (Italian, active mid-15th century)",17873
6728,"Vittoria, Alessandro",Alessandro Vittoria,https://art.thewalters.org/browse/creator/alessandro-vittoria,male,," (Italian, 1525-1608)",457|37423
7091,"Vivarini, Alvise",Alvise Vivarini,https://art.thewalters.org/browse/creator/alvise-vivarini,male,," (Italian, born 1442-1453, died 1503-1505)",26452
2842,"Vivarini, Antonio",Antonio Vivarini,https://art.thewalters.org/browse/creator/antonio-vivarini,male,," (Italian, born ca. 1415, died 1476-1484)",17151|95020|95022|95023
5314,"Vivarini, Bartolomeo",Bartolomeo Vivarini,https://art.thewalters.org/browse/creator/bartolomeo-vivarini,male,," (Italian, active ca. 1450-1491)",31856
8478,Viviano of Varese,"Viviano of Varese, of Thread Lane",https://art.thewalters.org/browse/creator/viviano-of-varese-of-thread-lane,,,,15540
18478,"Vizetelly, Henry",Henry Vizetelly,https://art.thewalters.org/browse/creator/henry-vizetelly,male,," (British, 1820-1894)",81395
31812,"Vladirmov, Nikolai Gavrilovich",Nikolai Gavrilovich Vladirmov,https://art.thewalters.org/browse/creator/nikolai-gavrilovich-vladirmov,,," (Russian, active 1898 - 1917)",82390
3425,"Voet, Jakob-Ferdinand",Jakob-Ferdinand Voet,https://art.thewalters.org/browse/creator/jakob-ferdinand-voet,male,," (Flemish, 1639-ca. 1700)",25482|6434
2752,"Voisin, Henri",Henri Voisin,https://art.thewalters.org/browse/creator/henri-voisin,,,,30646
4274,"Volck, Adalbert John",Adalbert John Volck,https://art.thewalters.org/browse/creator/adalbert-john-volck,,," (American, 1828-1912)",6707
15610,"Volek, John Bishop of Olomouc Bishop","John Volek, Bishop of Olomouc",https://art.thewalters.org/browse/creator/john-volek-bishop-of-olomouc,male,, (1334-1351),29555
15369,"Volkhamer, Tobias",Tobias Volkhamer,https://art.thewalters.org/browse/creator/tobias-volkhamer,,," (German, 1618-1658)",2617
3780,Volpato Factory,Volpato Factory,https://art.thewalters.org/browse/creator/volpato-factory,,,,35659|23725
35381,"Volpato, Giovanni",Giovanni Volpato,https://art.thewalters.org/browse/creator/giovanni-volpato,,," (Italian, 1740 - 1803)",23725|35659
3102,"Vos, Martin de",Martin de Vos,https://art.thewalters.org/browse/creator/martin-de-vos,male,," (Flemish, 1532-1603)",16224
5970,"Vos, Simon de",Simon de Vos,https://art.thewalters.org/browse/creator/simon-de-vos,male,," (Flemish, 1603-1676)",23727
5647,"Vostre, Simon",Simon Vostre,https://art.thewalters.org/browse/creator/simon-vostre,male,," (French, active 15th century)",36267
8629,"Vrelant, Willem",Willem Vrelant,https://art.thewalters.org/browse/creator/willem-vrelant,,," (Netherlandish and Flemish, active 1449-1481)",6902|3915|15178|35887|21522|17205|1211|23446|30862|1661|29496|34860|20621|39774|27127|35244|34561|17187|25361|33400|4282|88533|2983|11347|27297|15497|35100|39770|38327|15352|18932|39104|24127|38776|38907
8639,W.H. Smith and Son,W.H. Smith and Son,https://art.thewalters.org/browse/creator/wh-smith-and-son,,,,24777
35403,W.T. Copeland & Sons,W.T. Copeland & Sons,https://art.thewalters.org/browse/creator/wt-copeland,,," (English, 1847 - 1970)",103079|103673|103649
34811,WARDLE & CO.,Wardle & Co.,https://art.thewalters.org/browse/creator/wardle--co,,," (English, 1852 - 1935)",103656|103640
6802,"Wada, Isshin",Wada Isshin,https://art.thewalters.org/browse/creator/wada-isshin,male,," (Japanese, 1814-1882)",21488|25275
31600,"Wagner, Leonhard",Leonhard Wagner,https://art.thewalters.org/browse/creator/leonhard-wagner,,,,27245
15419,"Wailly, Charles de",Charles de Wailly,https://art.thewalters.org/browse/creator/charles-de-wailly,male,," (French, 1729-1798)",19891|33480|23403
15074,Wakagiya Yoichi,Wakagiya Yoichi,https://art.thewalters.org/browse/creator/wakagiya-yoichi,,,,25951
15075,Wakasaya Yoichi,Wakasaya Yoichi,https://art.thewalters.org/browse/creator/wakasaya-yoichi,,,,8543|28598|35293|25841
5854,"Walker, Frederick",Frederick Walker,https://art.thewalters.org/browse/creator/frederick-walker,male,," (English, 1840-1875)",32788
4477,"Walker, Horatio",Horatio Walker,https://art.thewalters.org/browse/creator/horatio-walker,male,," (American, 1858-1938)",37845
32062,"Walker, James",James Walker,https://art.thewalters.org/browse/creator/james-walker,,, (1748-ca. 1808),88713
15150,Walter of Chatillon,Walter of Châtillon,https://art.thewalters.org/browse/creator/walter-of-chtillon,,, (active 1170 - 1180),3140|22188
1464,"Walters, Henry",Henry Walters,https://art.thewalters.org/browse/creator/henry-walters,,,,24292
1326,"Walters, William T.",William T. Walters,https://art.thewalters.org/browse/creator/william-t-walters,,,,9802
3270,"Wang, Chen",Wang Chen,https://art.thewalters.org/browse/creator/wang-chen,,," (Chinese, 1720-1797)",33064
16121,"Wang, Hui",Wang Hui,https://art.thewalters.org/browse/creator/wang-hui,,," (Chinese, 1632-1717)",20893
18147,"Wang, Ruobing",Wang Ruobing,https://art.thewalters.org/browse/creator/wang-ruobing,,,,12457
6954,"Wang, Shimin",Wang Shimin,https://art.thewalters.org/browse/creator/wang-shimin,,," (Chinese, 1592-1680)",9492|32297
18151,"Wang, Yuangzhang",Wang Yuangzhang,https://art.thewalters.org/browse/creator/wang-yuangzhang,,," (Chinese, 1287-1359)",27088
4128,"Wang, Yuanqi",Wang Yuanqi [Wang Yuan-ch'i],https://art.thewalters.org/browse/creator/wang-yuanqi-wang-yuan-chi,male,," (Chinese, 1642-1715)",3491|30048
35402,"Warburg, Eugene",Eugene Warburg,https://art.thewalters.org/browse/creator/eugene-warburg,,," (American, 1825 - 1859)",103079
5244,"Warner, Olin Levi",Olin Levi Warner,https://art.thewalters.org/browse/creator/olin-levi-warner,male,," (American, 1844-1896)",1390
32093,"Warren, Arthur",Arthur Warren,https://art.thewalters.org/browse/creator/arthur-warren,,,,89776
15076,Wataki,Wataki,https://art.thewalters.org/browse/creator/wataki,,,,8937
3006,"Watanabe, Jusan",Watanabe Jusan,https://art.thewalters.org/browse/creator/watanabe-jusan,male,," (Japanese, mid 19th century)",33660|12466
2673,"Watanabe, Seitei",Watanabe Seitei,https://art.thewalters.org/browse/creator/watanabe-seitei,male,," (Japanese, 1851-1918)",36621
34648,"Watanabe, Shozaburo",Watanabe Shozaburo,https://art.thewalters.org/browse/creator/watanabe-shozaburo,,, (Japanese),99849|99851|99853|99855
15077,Wataya Kibei,Wataya Kibei,https://art.thewalters.org/browse/creator/wataya-kibei,,,,22591|35592
15078,Wataya Kihei,Wataya Kihei,https://art.thewalters.org/browse/creator/wataya-kihei,,,,33092
2584,"Wattles, James",James Wattles,https://art.thewalters.org/browse/creator/james-wattles,male,," (American, active ca. 1840)",11418
34387,"Wauters, Michel",Michel Wauters,https://art.thewalters.org/browse/creator/michel-wauters,,," (Flemish, died 1679)",40375
7280,"Wavrin, Jean de",Jean de Wavrin,https://art.thewalters.org/browse/creator/jean-de-wavrin,male,," (French, died ca. 1474)",3104|33912
4196,"Way, Andrew John Henry",Andrew John Henry Way,https://art.thewalters.org/browse/creator/andrew-john-henry-way,male,," (American, 1826-1888)",18788|20220
2527,"Weber, Anton",Anton Weber,https://art.thewalters.org/browse/creator/anton-weber,male,," (German, 1833-1909)",8519
3207,"Weber, Carl",Carl Weber,https://art.thewalters.org/browse/creator/carl-weber,,," (German, 1823-1916)",1511
5331,"Weber, Otto",Otto Weber,https://art.thewalters.org/browse/creator/otto-weber,male,," (German, 1832-1888)",14515
3472,"Weber, Paul",Paul Weber,https://art.thewalters.org/browse/creator/paul-weber,male,," (German, 1823-1916)",7970|24016
6870,Wedgwood and Bentley,Wedgwood and Bentley,https://art.thewalters.org/browse/creator/wedgwood-and-bentley,,,,11319|16894
4325,"Wedgwood, Josiah",Josiah Wedgwood,https://art.thewalters.org/browse/creator/josiah-wedgwood,male,," (English, 1730-1795)",232|9944|16894|38461|71|26068|10251|22826|27681|29629|3586|39007|12560|11319|33215|21626|17994|15805|31004|28354|17899|12137|23880|1552|38919
6974,"Weeks, Edwin Lord",Edwin Lord Weeks,https://art.thewalters.org/browse/creator/edwin-lord-weeks,male,," (American, 1849-1903)",22767|13663
4070,"Weidenbach, Ernst",Ernst Weidenbach,https://art.thewalters.org/browse/creator/ernst-weidenbach,,,,14260
6509,"Weisweiler, Adam",Adam Weisweiler,https://art.thewalters.org/browse/creator/adam-weisweiler,male,," (French, 1744-1820)",1552
6816,"Wengler, Johann Baptist",Johann Baptist Wengler,https://art.thewalters.org/browse/creator/johann-baptist-wengler,male,," (Austrian, 1816-1899)",4054|28625
33072,"Werner, Joseph II",Joseph Werner II,https://art.thewalters.org/browse/creator/joseph-werner-ii,,," (Swiss, 1637-1710)",15006
2743,"West, Benjamin",Benjamin West,https://art.thewalters.org/browse/creator/benjamin-west,male,," (American, 1738-1820)",3484|19782
4164,"Westervelt, Abraham van",Abraham van Westervelt,https://art.thewalters.org/browse/creator/abraham-van-westervelt,male,," (Dutch, 1620/1-1692)",1961
4629,"Weyden, Rogier van der",Rogier van der Weyden,https://art.thewalters.org/browse/creator/rogier-van-der-weyden,male,," (Flemish, ca. 1399-1464)",22090|12342
4124,"Wheatley, Francis",Francis Wheatley,https://art.thewalters.org/browse/creator/francis-wheatley,male,," (English, 1747-1801)",682
2099,"Whistler, James McNeill",James McNeill Whistler,https://art.thewalters.org/browse/creator/james-mcneill-whistler,male,," (American, 1834-1903)",31809|28499|18862|88137
5720,"Wick, Louis",Louis Wick,https://art.thewalters.org/browse/creator/louis-wick,,,,27055
4336,"Wierix, Johan",Johan Wierix,https://art.thewalters.org/browse/creator/johan-wierix,male,," (Flemish, 1549-ca. 1618)",4945|26137
4101,"Wigström, Henrik",Henrik Wigström,https://art.thewalters.org/browse/creator/henrik-wigstrm,,," (Finnish, 1862-1923)",1327|32058|34751|31663
31731,"Wilde, Oscar",Oscar Wilde,https://art.thewalters.org/browse/creator/oscar-wilde,,," (Irish, 1854 - 1900)",88170
35318,"Wiley, Kehinde",Kehinde Wiley,https://art.thewalters.org/browse/creator/kehinde-wiley,,," (American, born 1977)",102857
3533,"Willems, Florent",Florent Willems,https://art.thewalters.org/browse/creator/florent-willems,male,," (Belgian, 1823-1905)",3942|575
5177,William Adams and Sons,William Adams and Sons,https://art.thewalters.org/browse/creator/william-adams-and-sons,,,,15202|21720|18902|37795
34808,William Brownfield & Sons,William Brownfield & Sons,https://art.thewalters.org/browse/creator/william-brownfield,,," (English, 1837 - 1900)",101811|103641|103645|103761
21008,William Clowes and Sons,William Clowes and Sons,https://art.thewalters.org/browse/creator/william-clowes-and-sons,,, (English),85478
8746,William de Montibus,William de Montibus,https://art.thewalters.org/browse/creator/william-de-montibus,,,,5505
33790,William of Conches,William of Conches,https://art.thewalters.org/browse/creator/william-of-conches,,," (French, ca. 1080 - before 1154)",12743|4866
3024,"Wilson, John H. R.S.A.","John (Jock) Wilson, R.S.A.",https://art.thewalters.org/browse/creator/john-jock-wilson-rsa,male,," (Scottish, 1774-1855)",18395
3107,"Winterhalter, Franz Xaver",Franz Xaver Winterhalter,https://art.thewalters.org/browse/creator/franz-xaver-winterhalter,male,," (German, 1805-1873)",8754
2325,"Wolff, David",David Wolff,https://art.thewalters.org/browse/creator/david-wolff,,," (Dutch, 1732 - 1798)",30831
21245,"Wolgemut, Michael",Michael Wolgemut,https://art.thewalters.org/browse/creator/michael-wolgemut,,, (1434-1519),4405
6257,"Wood, Enoch",Enoch Wood,https://art.thewalters.org/browse/creator/enoch-wood,,," (British, 1759-1840)",11329
4187,"Wood, Joseph",Joseph Wood,https://art.thewalters.org/browse/creator/joseph-wood,male,," (American, 1778-ca. 1832)",34167|33592
7196,"Wood, Ralph the elder",Ralph Wood the elder,https://art.thewalters.org/browse/creator/ralph-wood-the-elder,,,,37195
3885,"Wood, William",William Wood,https://art.thewalters.org/browse/creator/william-wood,male,," (British, 1768-1809)",1806
4387,"Woodcock, Johann",Johann Woodcock,https://art.thewalters.org/browse/creator/johann-woodcock,,,,33754
2112,"Woodville, Richard Caton",Richard Caton Woodville,https://art.thewalters.org/browse/creator/richard-caton-woodville,male,," (American, 1825-1855)",20887|35049|23626|29511|22135|20946|11624|3064|33726|334|28889|30527|9008|37147|37791|10774|82782
6008,Worcester Porcelain Company,Worcester Porcelain Company,https://art.thewalters.org/browse/creator/worcester-porcelain-company,,,,101142|103204|103657
6475,"Works, Sheldon Tapestry",Sheldon Tapestry Works,https://art.thewalters.org/browse/creator/sheldon-tapestry-works,,,,23793|30812
34658,Workshop of the Moral and Love Themes,Workshop of the Moral and Love Themes,https://art.thewalters.org/browse/creator/workshop-of-the-moral-and-love-themes,,," (Venetian, active ca. 1505 - 1525)",13762
3824,"Wouwermans, Philips",Philips Wouwermans,https://art.thewalters.org/browse/creator/philips-wouwermans,,," (Dutch, 1619-1668)",30243
21050,Wright-Moxon,Wright-Moxon,https://art.thewalters.org/browse/creator/wright-moxon,,,,85494
3613,"Wtewael, Joachim Antonisz",Joachim Antonisz Wtewael,https://art.thewalters.org/browse/creator/joachim-antonisz-wtewael,male,," (Dutch, 1566-1638)",26502
16459,"Wyck, Thomas",Thomas Wyck,https://art.thewalters.org/browse/creator/thomas-wyck,male,," (Dutch, ca. 1616-1677)",79242
4558,"Wysshan, Jacob",Jacob Wysshan,https://art.thewalters.org/browse/creator/jacob-wysshan,male,," (Swiss, 1546-1602/3)",4986
2118,"Wytmans, Mattheus",Mattheus Wytmans,https://art.thewalters.org/browse/creator/mattheus-wytmans,male,," (Dutch, ca. 1650-ca. 1689)",21600
4363,"Xanto Avelli, Francesco",Francesco Xanto Avelli,https://art.thewalters.org/browse/creator/francesco-xanto-avelli,male,," (Italian, ca. 1487-ca. 1542)",31138|37839|37910|11240|33528
2700,Xenokles,Xenokles,https://art.thewalters.org/browse/creator/xenokles,,," (Greek, mid 6th century BCE)",21782
18156,"Xia, Guei",Xia Guei,https://art.thewalters.org/browse/creator/xia-guei,,," (Chinese, active late 12th-early 13th century)",12601
16125,"Xiong, Zhang",Zhang Xiong,https://art.thewalters.org/browse/creator/zhang-xiong,,," (Chinese, 1803-1886)",77227
8578,Xochipala,Xochipala,https://art.thewalters.org/browse/creator/xochipala,,,,78398|78426
31768,"Xu, Feng",Xu Feng,https://art.thewalters.org/browse/creator/xu-feng,,," (Chinese, active 19th century)",78023
2929,"Xuehao, Wang",Wang Xuehao,https://art.thewalters.org/browse/creator/wang-xuehao,,," (Chinese, 1754-1832)",20893
5322,"Yabu, Meizan",Yabu Meizan,https://art.thewalters.org/browse/creator/yabu-meizan,male,," (Japanese, 1853-1934)",7838
6160,"Yabu, Tsuneyuki",Yabu Tsuneyuki,https://art.thewalters.org/browse/creator/yabu-tsuneyuki,male,," (Japanese, active ca. 1850-1875)",37707|14554
15080,Yamada Ya,Yamada Ya,https://art.thewalters.org/browse/creator/yamada-ya,,,,19552
15081,Yamada-ya Shohei (Kinkyodo),Yamada-ya Shohei (Kinkyodo),https://art.thewalters.org/browse/creator/yamada-ya-shohei-kinkyodo,,,,5425
15082,Yamadaya Shobei,Yamadaya Shobei,https://art.thewalters.org/browse/creator/yamadaya-shobei,,,,20121
15085,Yamaguchi Tobei Kinkyodo,Yamaguchi Tobei Kinkyodo,https://art.thewalters.org/browse/creator/yamaguchi-tobei-kinkyodo,,,,5416
15086,Yamaguchi ya,Yamaguchi ya,https://art.thewalters.org/browse/creator/yamaguchi-ya,,,,8686
15087,Yamaguchi-ya Tobei,Yamaguchi-ya Tobei,https://art.thewalters.org/browse/creator/yamaguchi-ya-tobei,,,,2083
15088,Yamaguchiya,Yamaguchiya,https://art.thewalters.org/browse/creator/yamaguchiya,,,,35891|35566|32994|79311|79312|79313
15089,Yamaguchiya (1780-1860),Yamaguchiya (1780-1860),https://art.thewalters.org/browse/creator/yamaguchiya-1780-1860,,,,10146|32658|37693
15090,Yamaguchiya Tobei,Yamaguchiya Tobei,https://art.thewalters.org/browse/creator/yamaguchiya-tobei,,, (Japanese),18848|16733|3278|8765|5344|79146|79147|79148
16521,"Yamamoto, Tsuneyuki",Yamamoto Tsuneyuki,https://art.thewalters.org/browse/creator/yamamoto-tsuneyuki,male,," (Japanese, active mid 19th century)",20678|79649|5326
15092,Yamamotoya,Yamamotoya,https://art.thewalters.org/browse/creator/yamamotoya,,, (ca. 1800-1850),1277|29195
15091,"Yamamotoya Heikichi, Eikyudo","Yamamotoya Heikichi, Eikyudo",https://art.thewalters.org/browse/creator/yamamotoya-heikichi-eikyudo,,,,35892|28964|25769|27114|2560|40117|25583|31829|26040
33671,Yamamura Shinya,Yamamura Shinya,https://art.thewalters.org/browse/creator/yamamura-shinya,,, (Japanese),92484
6551,Yamashiro school,Yamashiro school,https://art.thewalters.org/browse/creator/yamashiro-school,,,,3043
15096,Yamashiroya of Shiba Shinmeimae,Yamashiroya of Shiba Shinmeimae,https://art.thewalters.org/browse/creator/yamashiroya-of-shiba-shinmeimae,,,,35089
15097,"Yamashiroya, Fujiemon","Yamashiroya, Fujiemon",https://art.thewalters.org/browse/creator/yamashiroya-fujiemon,,,,26414
2232,Yamato Senjuin school,Yamato Senjuin school,https://art.thewalters.org/browse/creator/yamato-senjuin-school,,," (Japanese, Japanese)",6106
15098,Yamatoya,Yamatoya,https://art.thewalters.org/browse/creator/yamatoya,,,,22810
15101,Yamatoya of Kawagashi,Yamatoya of Kawagashi,https://art.thewalters.org/browse/creator/yamatoya-of-kawagashi,,,,8048
2489,"Yamazaki, Choun",Yamazaki Choun,https://art.thewalters.org/browse/creator/yamazaki-choun,male,," (Japanese, 1867-1954)",21666|22703
35074,"Yamazoe, T. Mr.",Mr. T. Yamazoe,https://art.thewalters.org/browse/creator/mr-t-yamazoe,,,,36621
4605,"Yanagawa, Naoharu",Yanagawa Naoharu,https://art.thewalters.org/browse/creator/yanagawa-naoharu,male,," (Japanese, active late 18th century)",25498|21102
5465,"Yanagawa, Naomasa",Yanagawa Naomasa,https://art.thewalters.org/browse/creator/yanagawa-naomasa,male,," (Japanese, 1692-1757)",14657|11234|17683|79151
3362,"Yanagawa, Naotoki",Yanagawa Naotoki,https://art.thewalters.org/browse/creator/yanagawa-naotoki,male,," (Japanese, active ca. 1800)",12672|37339
31769,"Yang, Nianbo",Yang Nianbo,https://art.thewalters.org/browse/creator/yang-nianbo,,," (Chinese, active 19th century)",78024
31773,"Yang, Peifu",Yang Peifu,https://art.thewalters.org/browse/creator/yang-peifu,,," (Chinese, 1837 - 1911)",78028
15102,Yaozen,Yaozen,https://art.thewalters.org/browse/creator/yaozen,,,,31561|6289
4684,"Yardley, Richard Q.",Richard Q. Yardley,https://art.thewalters.org/browse/creator/richard-q-yardley,,," (American, 1903-1979)",9401
31601,Yared Saint,Saint Yared the Aksumite priest,https://art.thewalters.org/browse/creator/saint-yared-the-aksumite-priest,,, (6th century),35288|87625
6787,"Yasuchika, Tsuchiya VII",Tsuchiya Yasuchika VII,https://art.thewalters.org/browse/creator/tsuchiya-yasuchika-vii,male,," (Japanese, 1819-1880)",25926
7082,"Yasuda, Masasada",Yasuda Masasada,https://art.thewalters.org/browse/creator/yasuda-masasada,male,," (Japanese, ca. 1725-1750)",28742
6112,Yasutoshi,Yasutoshi,https://art.thewalters.org/browse/creator/yasutoshi,male,, (Japanese),35386|79552|79553
6161,Yasutsugu,Yasutsugu,https://art.thewalters.org/browse/creator/yasutsugu2,male,, (Japanese),22491
4244,Yasutsugu,Yasutsugu,https://art.thewalters.org/browse/creator/yasutsugu,male,," (Japanese, Japanese)",7126
3382,"Yatsuji, Katsutomi",Yatsuji Katsutomi,https://art.thewalters.org/browse/creator/yatsuji-katsutomi,male,," (Japanese, active mid 19th century)",6659|25714
2202,"Yeats, Jack B.",Jack B. Yeats,https://art.thewalters.org/browse/creator/jack-b-yeats,male,," (Irish, 1871-1957)",20184
7953,Yekaterinburg Lapidary Factory,Yekaterinburg Lapidary Factory,https://art.thewalters.org/browse/creator/yekaterinburg-lapidary-factory,,,,28582
5407,Yemeni,Yemeni,https://art.thewalters.org/browse/creator/yemeni,,,,23200|80928|80938|76464|102515|102517|102524|102526|102528|5393
31774,"Yin, Xiaoxia",Yin Xiaoxia,https://art.thewalters.org/browse/creator/yin-xiaoxia,,," (Chinese, active 19th century)",78029
3570,"Ying, Ho",Ho Ying,https://art.thewalters.org/browse/creator/ho-ying,,,,16540
3028,"Ying, Lan",Lan Ying,https://art.thewalters.org/browse/creator/lan-ying,,," (Chinese, 1585-after 1664)",1577|37985
18966,"Yishaq, Harun",Harun Yishaq,https://art.thewalters.org/browse/creator/harun-yishaq,,," (Yemeni, active ca. 1800)",80937
35297,"Yohei, Seifu IV",Seifu Yohei IV,https://art.thewalters.org/browse/creator/seifu-yohei-iv,,," (Japanese, 1871 - 1951)",32064
4419,"Yokoya, Somin",Yokoya Somin,https://art.thewalters.org/browse/creator/yokoya-somin,male,," (Japanese, 1670-1733)",22636|16463|38326|28125|36578
3484,"Yokoya, Sôyo",Yokoya Sôyo,https://art.thewalters.org/browse/creator/yokoya-syo,male,," (Japanese, active mid 19th century)",38677
16460,"Yokoyama, Masayuki",Yokoyama Masayuki,https://art.thewalters.org/browse/creator/yokoyama-masayuki,,," (Japanese, late 19th-early 20th century)",1039
4257,"Yoshiaki, Ozaki",Ozaki Yoshiaki,https://art.thewalters.org/browse/creator/ozaki-yoshiaki,male,," (Japanese, Japanese)",40408
16457,Yoshiakira,Yoshiakira,https://art.thewalters.org/browse/creator/yoshiakira,,," (Japanese, 19th century (?))",19638
5537,Yoshichika,Yoshichika,https://art.thewalters.org/browse/creator/yoshichika,,,,40767|26906
2476,"Yoshida, Homei",Yoshida Homei,https://art.thewalters.org/browse/creator/yoshida-homei,male,," (Japanese, 1875 - 1943)",12037
6432,Yoshifuji,Yoshifuji,https://art.thewalters.org/browse/creator/yoshifuji,male,," (Japanese, 1828-1887)",18653|17334
2610,Yoshiharu,Yoshiharu,https://art.thewalters.org/browse/creator/yoshiharu,male,," (Japanese, 1828-1888)",35566
3061,Yoshihiro,Yoshihiro,https://art.thewalters.org/browse/creator/yoshihiro,male,, (Japanese),21361
5728,Yoshiiku,Yoshiiku,https://art.thewalters.org/browse/creator/yoshiiku,male,," (Japanese, 1833-1904)",3849|14847|33267|4288|33526|4076|21075|79314|79315|79316|79661|79662|79663
2273,Yoshikane,Yoshikane,https://art.thewalters.org/browse/creator/yoshikane,male,, (Japanese),9010
6548,Yoshikata,Yoshikata,https://art.thewalters.org/browse/creator/yoshikata,male,, (Japanese),36310
3328,Yoshikatsu,Yoshikatsu,https://art.thewalters.org/browse/creator/yoshikatsu,male,," (Japanese, Japanese)",39409
5867,Yoshikazu,Yoshikazu,https://art.thewalters.org/browse/creator/yoshikazu,male,, (Japanese),35976
6162,Yoshikuni (pm),Yoshikuni (pm),https://art.thewalters.org/browse/creator/yoshikuni-pm,male,," (Japanese, active mid 19th century)",28698|4693
4302,Yoshimine,Yoshimine,https://art.thewalters.org/browse/creator/yoshimine,male,, (Japanese),12396
3245,Yoshimitsu,Yoshimitsu,https://art.thewalters.org/browse/creator/yoshimitsu,male,," (Japanese, 1850-1891)",26385|32875|39532
6085,"Yoshimitsu, Aoyanagi",Aoyanagi Yoshimitsu,https://art.thewalters.org/browse/creator/aoyanagi-yoshimitsu,male,, (Japanese),35375
5501,"Yoshinao, Minamoto",Minamoto Yoshinao,https://art.thewalters.org/browse/creator/minamoto-yoshinao,male,," (Japanese, Japanese)",19103
6108,"Yoshinobu, Umetada",Umetada Yoshinobu,https://art.thewalters.org/browse/creator/umetada-yoshinobu,male,," (Japanese, Japanese)",25444
6140,"Yoshioka, Hirotoshi",Yoshioka Hirotoshi,https://art.thewalters.org/browse/creator/yoshioka-hirotoshi,male,," (Japanese, active ca. 1830)",14696
3279,"Yoshioka, Inabanosuke",Yoshioka Inabanosuke,https://art.thewalters.org/browse/creator/yoshioka-inabanosuke,male,," (Japanese, late 16th-late 19th century)",5198|8192|79538
6730,"Yoshioka, Shigesada",Yoshioka Shigesada,https://art.thewalters.org/browse/creator/yoshioka-shigesada,male,," (Japanese, 1827-1893)",17182|35264|5198|79538
4520,Yoshitomo,Yoshitomo,https://art.thewalters.org/browse/creator/yoshitomo,male,, (Japanese),37588
6419,Yoshitora,Yoshitora,https://art.thewalters.org/browse/creator/yoshitora,male,," (Japanese, active ca. 1850-1880)",19518|29566|18087|36833|1946|31784|35089|9677|15033|28327|29635|27431|8543|27711|475|26035|4785|14915|130|9349|23761|39412|15165|22107|27833|19293|36542|2877|29513|18728|21223|9091|29676|13093|24040
16324,Yoshitoshi,Yoshitoshi,https://art.thewalters.org/browse/creator/yoshitoshi,,, (Japanese),12369
7011,"Yoshitoshi, Tsukioka",Tsukioka Yoshitoshi,https://art.thewalters.org/browse/creator/tsukioka-yoshitoshi,male,," (Japanese, 1839-1892)",5822
2054,Yoshitsugu,Yoshitsugu,https://art.thewalters.org/browse/creator/yoshitsugu,male,, (Japanese),34787|5762
5584,Yoshitsuru,Yoshitsuru,https://art.thewalters.org/browse/creator/yoshitsuru,male,, (Japanese),15055
5779,Yoshiume,Yoshiume,https://art.thewalters.org/browse/creator/yoshiume,male,," (Japanese, 1819-1879)",34342
6089,"Yoshiyuki, Fujiwara",Fujiwara Yoshiyuki,https://art.thewalters.org/browse/creator/fujiwara-yoshiyuki,male,," (Japanese, Japanese)",21815
7061,"Yoshizawa, Setsuan",Yoshizawa Setsuan,https://art.thewalters.org/browse/creator/yoshizawa-setsuan,,," (Japanese, 1809-1889)",2665|39981|27748|32671|16840|26375|5880|36554|17521|22050|27609|1957|1939|13189|15441|14652|31597|29766|31066|8131|27461|32853|31639|5629|33149|19255|13697|31789|282|9432|38923|35580|9230|32188|39253|926
7019,"Yovannes, son of Chanipek and Et'ar","Yovannes, son of Chanipek and Et'ar",https://art.thewalters.org/browse/creator/yovannes-son-of-chanipek-and-etar,male,," (Armenian, Armenian)",26743
5073,"Ysenbrandt, Adrien",Adrien Ysenbrandt,https://art.thewalters.org/browse/creator/adrien-ysenbrandt,male,," (Flemish, ca. 1500-before 1551)",39103
32702,"Yu, Minzhong",Yu Minzhong,https://art.thewalters.org/browse/creator/yu-minzhong,,," (Chinese, 1714-1779)",87505
6663,"Yu-tun, Wang",Wang Yu-tun,https://art.thewalters.org/browse/creator/wang-yu-tun,,," (Chinese, 1692-1758)",12726
17983,"Yuan, Jiang",Yuan Jiang,https://art.thewalters.org/browse/creator/yuan-jiang,,," (Chinese, active 1722-1735)",11823
7877,Yuhana bin al-Batriq,Yuhana bin al-Batriq,https://art.thewalters.org/browse/creator/yuhana-bin-al-batriq,,,,3536
5796,Yukimune,Yukimune,https://art.thewalters.org/browse/creator/yukimune,male,, (Japanese),36385
6367,"Yukimune, Sugiura",Sugiura Yukimune,https://art.thewalters.org/browse/creator/sugiura-yukimune,male,," (Japanese, Japanese)",4717
35213,Yukiteru Kizamu,Yukiteru Kizamu,https://art.thewalters.org/browse/creator/yukiteru-kizamu,,, (Japanese),101680
18245,"Yun-hsi, Lao-jen",Yun-hsi Lao-jen,https://art.thewalters.org/browse/creator/yun-hsi-lao-jen,,,,21767
3586,"Yun-lin, Chu-shih",Yun-lin Chu-shih,https://art.thewalters.org/browse/creator/yun-lin-chu-shih,,, (Chinese),9431
5671,"Yusho, Kaiho",Kaiho Yusho,https://art.thewalters.org/browse/creator/kaiho-yusho,male,," (Japanese, 1533-1615)",40523|7245
2161,"Yvon, Adolphe",Adolphe Yvon,https://art.thewalters.org/browse/creator/adolphe-yvon,male,," (French, 1817-1893)",597
6269,"Yü, Chi",Yü Chi,https://art.thewalters.org/browse/creator/y-chi,,, (1744-1823),30594
6782,"Yüan, Shang-t'ung",Yüan Shang-t'ung,https://art.thewalters.org/browse/creator/yan-shang-tung,,," (Chinese, 1570-after 1661)",39985
2712,"Zabala, Eduardo Zamacois y",Eduardo Zamacois y Zabala,https://art.thewalters.org/browse/creator/eduardo-zamacois-y-zabala,male,," (Spanish, ca. 1841-1871)",39150|23182|95836
31467,Zacatecas,Zacatecas,https://art.thewalters.org/browse/creator/zacatecas,,,,80423|80350|80421|80422|80349
19388,"Zadah, Khayr Allah Khayri Jawush",Khayr Allah Khayri Jawush Zadah,https://art.thewalters.org/browse/creator/khayr-allah-khayri-jawush-zadah,,,,38025|77616|80577|9327|80578|84827|84828|84829|84830|84831|84832|84833|84834|84835|84836|84837|84838|84839|84840|84841|84842|84843|84844|84845|84846|84847|84848|84849|84850|84851|84852|84853|84854|84855|84856|84857|84858|84859|84860|84861|84862|84863|84864|84865|84866|84867|90219
34590,"Zader, Jakob",Jakob Zader,https://art.thewalters.org/browse/creator/jakob-zader,,," (German, 1555 - 1613)",99862
34975,"Zaganelli, Bernardino di Bosio",Bernardino di Bosio Zaganelli,https://art.thewalters.org/browse/creator/bernardino-di-bosio-zaganelli,,," (Italian, ca. 1460 - ca. 1510)",32620|16354
2140,"Zaganelli, Francesco di Bosio",Francesco di Bosio Zaganelli,https://art.thewalters.org/browse/creator/francesco-di-bosio-zaganelli,male,," (Italian, ca. 1470-ca. 1532)",32620|16354|30438
7025,"Zainer, Johann",Johann Zainer,https://art.thewalters.org/browse/creator/johann-zainer,,,,778
2008,"Zais, Giuseppe",Giuseppe Zais,https://art.thewalters.org/browse/creator/giuseppe-zais,male,," (Italian, 1709-1781)",12251
16197,"Zakariya, Mohamed",Mohamed Zakariya,https://art.thewalters.org/browse/creator/mohamed-zakariya,,,,102798
18666,"Zaman al-Tabrizi, Muhammad",Muhammad Zaman al-Tabrizi,https://art.thewalters.org/browse/creator/muhammad-zaman-al-tabrizi,,,,38101|81475|81476|81480|81477|81481|81482|81483|81484|81485|81478|81488
19394,"Zaman, Muhammad",Muhammad Zaman,https://art.thewalters.org/browse/creator/muhammad-zaman,,,,19840|90954|90955
5383,"Zanchi, Antonio",Antonio Zanchi,https://art.thewalters.org/browse/creator/antonio-zanchi,male,," (Italian, 1631-1722)",37598
8569,Zapotec,Zapotec,https://art.thewalters.org/browse/creator/zapotec,,,,78411|19727|17249|80176|80177|80448|80248
7405,"Zarrin Qalam, Muhammad Husayn",Muhammad Husayn Zarrin Qalam,https://art.thewalters.org/browse/creator/muhammad-husayn-zarrin-qalam,male,,,7538|20234|19379|33108|31354|9407|12554|33204|239|15156|31811|31624|36975|22096|3234|753|9111|14629|35208|31851|18672|33758|3375|20664|29238|33535|29484|22205|78100|78101|78185|78273|78275|78274|78277|78276|78278|78186|78280|78279|78281|78283|78282|78284|78286|78285|78288|78287|78290|78289|78292|78291|78295|78294|78187|78188|78298|78296|78302|78299|78304|78303|78306|78305|78307|78189|78309|78308|78310|78312|78311|78314|78313|78316|78315|78318|78317|78320|78319|78322|81387|81398|81399|88788|88789|88791|88792|88793|88795|88796|88797|88798|88799|88800|88801|88802|88803|88804|88805|88806|88807|88808|88809|88810|88811
33499,"Zazo y Õrtega, Ramon Don",Don Ramon Zazo y Õrtega,https://art.thewalters.org/browse/creator/don-ramon-zazo-y-irtega,,, (Spanish),36771
6522,Zemin,Zemin,https://art.thewalters.org/browse/creator/zemin,male,," (Japanese, Japanese)",17501
2957,"Zenale, Bernardino",Bernardino Zenale,https://art.thewalters.org/browse/creator/bernardino-zenale,male,," (Italian, ca. 1464-1526)",6924
20966,"Zenaro, Damian",Damian Zenaro,https://art.thewalters.org/browse/creator/damian-zenaro,,,,85437
6924,"Zha, Shibiao",Zha Shibiao,https://art.thewalters.org/browse/creator/zha-shibiao,male,," (Chinese, 1615-1698)",34305|13523|18232|20734|16831|97036
2306,"Zhang, Lu",Zhang Lu,https://art.thewalters.org/browse/creator/zhang-lu,male,," (Chinese, 1464-1538)",24717
7045,Zhangqi,Zhangqi,https://art.thewalters.org/browse/creator/zhangqi,male,," (Chinese, active 1729-1751)",16284
6237,"Zhangsan, Ye",Ye Zhangsan,https://art.thewalters.org/browse/creator/ye-zhangsan,,," (Chinese, active 1892-1912)",33438|25322
18153,"Zhao, Chang",Zhao Chang,https://art.thewalters.org/browse/creator/zhao-chang,male,," (Chinese, ca. 960-after 1016)",5602
31770,"Zhao, Deng'ao",Zhao Deng'ao,https://art.thewalters.org/browse/creator/zhao-dengao,,," (Chinese, active 19th century)",78025
18013,"Zhao, Ling Rang",Zhao Ling Rang,https://art.thewalters.org/browse/creator/zhao-ling-rang,,," (Chinese, ca. 1070-ca. 1100)",3092
4427,"Zhao, Yü",Zhao Yü,https://art.thewalters.org/browse/creator/chao-y,,,,11420
3103,"Zharkov, Petr Gerasimovich",Petr G. Zharkov,https://art.thewalters.org/browse/creator/petr-g-zharkov,male,," (Russian, 1742-1803)",33511
3582,Zhe School,Zhe [Che] School,https://art.thewalters.org/browse/creator/zhe-che-school,,," (Chinese, active ca. 15th-16th centuries)",40147
2014,"Zhou, Xian",Zhou Xian,https://art.thewalters.org/browse/creator/zhou-xian,,, (1820-1875),12871
31772,"Zhu, Cheng",Zhu Cheng,https://art.thewalters.org/browse/creator/zhu-cheng,,," (Chinese, 1826 - 1900)",78027
6891,"Zhu, Wenxin",Zhu Wenxin,https://art.thewalters.org/browse/creator/zhu-wenxin,male,, (Chinese),40772
1943,"Ziem, Félix François Georges Philibert",Félix François Georges Philibert Ziem,https://art.thewalters.org/browse/creator/fclix-franbois-georges-philibert-ziem,male,," (French, 1821-1911)",38302|33607|20103|19111|36011|21334|24981|28011|12780|33761|8334
3754,"Zincke, Christian Friedrich",Christian Friedrich Zincke,https://art.thewalters.org/browse/creator/christian-friedrich-zincke,male,," (German, 1683/5-1767)",40400|32954
6568,"Zini, M.",M. Zini,https://art.thewalters.org/browse/creator/m-zini,,,,40416|34978|4347|23357
2172,"Zo, Archille-Jean-Baptiste",Archille-Jean-Baptiste Zo,https://art.thewalters.org/browse/creator/archille-jean-baptiste-zo,male,," (French, 1826-1901)",31925
2258,"Zoppo, Marco",Marco Zoppo,https://art.thewalters.org/browse/creator/marco-zoppo,male,," (Italian, ca. 1432-ca. 1478)",13974|6491|1291
4315,"Zou, Yigui",Zou Yigui,https://art.thewalters.org/browse/creator/cuo-yigui,,," (Chinese, 1686-1772)",37161
36552,Zsolnay Factory,Zsolnay Factory,https://art.thewalters.org/browse/creator/zsolnay-factory,,," (Hungarian, founded 1853)",103637
4769,"Zuccaro, Federico",Federico Zuccaro,https://art.thewalters.org/browse/creator/federico-zuccaro,male,," (Italian, ca. 1541-1609)",39652
3899,"Zugno, Francesco",Francesco Zugno,https://art.thewalters.org/browse/creator/francesco-zugno,male,," (Italian, 1709-1787)",4187
16122,Zuzhao,Zuzhao,https://art.thewalters.org/browse/creator/zuzhao,,, (Chinese),19999
18419,`Ali Quli,`Ali Quli,https://art.thewalters.org/browse/creator/aliquli,,,,7538|33204
15715,"al Fayyumi, Ahmad ibn Muhammad ibn 'Ali al-Muqri",Ahmad ibn Muhammad ibn 'Ali al-Muqri al Fayyumi,https://art.thewalters.org/browse/creator/ahmad-ibn-muhammad-ibn-ali-al-muqri-al-fayyumi,,, (died ca. 770 AH/AD 1368),15961|82637|82638
15711,"al-Antaki, Da'ud ibn Umar",Da'ud ibn Umar al-Antaki,https://art.thewalters.org/browse/creator/daud-ibn-umar-al-antaki,,,,40328
19260,"al-Aqsara'i, Jamal al-Din Muhammad ibn Muhammad",Jamal al-Din Muhammad ibn Muhammad al-Aqsara'i,https://art.thewalters.org/browse/creator/jamal-al-din-muhammad-ibn-muhammad-al-aqsarai,,, (died 779 AH/AD 1378),14240|83462
16535,al-Busiri,al-Busiri,https://art.thewalters.org/browse/creator/al-busiri,,," (Egyptian, died 694 AH/AD 1294)",23935|79633|79634|79973|15458|80028|80029|81126|81127|87606|87607
15707,"al-Busnawi, 'Ali Dede",'Ali Dede al-Busnawi,https://art.thewalters.org/browse/creator/ali-dede-al-busnawi,,, (died 1007 AH/AD 1598),7580|79983|79984
19427,"al-Daylami, 'Abd al-Rashid",'Abd al-Rashid al-Daylami,https://art.thewalters.org/browse/creator/abd-al-rashid-al-daylami,,, (died 1081 AH/AD 1670-1671),25935
18135,"al-Fattah ibn 'Ali, 'Abd al-Wahhab ibn 'Abd",'Abd al-Wahhab ibn 'Abd al-Fattah ibn 'Ali,https://art.thewalters.org/browse/creator/abd-al-wahhab-ibn-abd-al-fattah-ibn-ali,male,," (Islamic, active ca. 922 AH/AD 1516)",21272|3809|5333|81257|81258|81259|81260|81261|81262|81263|81264|81265|81266|81267|81268|81269|81270|81271|81272|81273|81274|81275|81276|81277|81278|81279|81280|81281|81282|81283|81284|81285|81286|81287|81288|81289|81290|81291|81292|81293|81294|81295|81296|81297|81298|81306
16853,"al-Fayyumi, Nasir al-Din Muhammad",Nasir al-Din Muhammad al-Fayyumi,https://art.thewalters.org/browse/creator/nasir-al-din-muhammad-al-fayyumi,,,,15458|80028|80029|81126|81127
5669,"al-Ghazi al-Qayrawani, Mohammed ibn Mahud",Mohammed ibn Mahud al-Ghazi al-Qayrawani,https://art.thewalters.org/browse/creator/mohammed-ibn-mahud-al-ghazi-al-qayrawani,,,,4728|8825
15670,"al-Haqq al-Sabzawari, Kamal ibn 'Abd Sheikh",Kamal ibn `Abd al-Haqq al-Sabzawari,https://art.thewalters.org/browse/creator/kamal-ibn-abd-al-haqq-al-sabzawari,,," (Iranian, died after 1558)",76636|936|77625|79971|77626|936|76636|77625|79971|77626
18134,"al-Haravi, Yar Muhammad",Yar Muhammad al-Haravi,https://art.thewalters.org/browse/creator/yar-muhammad-al-haravi,male,," (Islamic, active ca. 922 AH/AD 1516)",21272|5333|3809|81257|81258|81259|81260|81261|81262|81263|81264|81265|81266|81267|81268|81269|81270|81271|81272|81273|81274|81275|81276|81277|81278|81279|81280|81281|81282|81283|81284|81285|81286|81287|81288|81289|81290|81291|81292|81293|81294|81295|81296|81297|81298|81306|9136|83813|83814
6693,"al-Harawi, Muhammad ibn Abu Sahl",Muhammad ibn Abu Sahl al-Harawi,https://art.thewalters.org/browse/creator/muhammad-ibn-abu-sahl-al-harawi,male,," (Iranian, active ca. 1200)",19874
15566,"al-Hasan Khan, Abu'l-Kharid Nur",Abu'l-Kharid Nur al-Hasan Khan,https://art.thewalters.org/browse/creator/abul-kharid-nur-al-hasan-khan,,, (Indian),3248
19426,"al-Hasani, 'Imad",'Imad al-Hasani,https://art.thewalters.org/browse/creator/imad-al-hasani,,, (died 1024 AH/AD 1615),25935
3823,"al-Hasani, Kazim",Kazim al-Hasani,https://art.thewalters.org/browse/creator/kazim-al-hasani,,," (Persian, ca. 1815)",37665
19351,"al-Husayni, 'Abd Allah",'Abd Allah al-Husayni,https://art.thewalters.org/browse/creator/abd-allah-al-husayni,,,,20980|84329
19362,"al-Husayni, 'Ali",'Ali al-Husayni,https://art.thewalters.org/browse/creator/ali-al-husayni,,,,36069
19415,"al-Husayni, Abu Sa'id",Abu Sa'id al-Husayni,https://art.thewalters.org/browse/creator/abu-said-al-husayni,,,,20233|10698
7769,"al-Husayni, Hasan ibn Muhammad ibn 'Ali",Hasan ibn Muhammad ibn 'Ali al-Husayni,https://art.thewalters.org/browse/creator/hasan-ibn-muhammad-ibn-ali-al-husayni,,,,27890|12645
17749,"al-Husayni, Haydar",Haydar al-Husayni,https://art.thewalters.org/browse/creator/haydar-al-husayni,male,," (Persian, active ca. 1557-1558)",6402|80969|80970|82834
16859,"al-Husayni, Ibn Sayyid Murad",Ibn Sayyid Murad al-Husayni,https://art.thewalters.org/browse/creator/ibn-sayyid-murad-al-husayni,,,,80060|80059|80058|80057|80056|80055|80054|80053|80052|30391|81144|82692|82693
19387,"al-Husayni, Mu'izz al-Din Muhammad",Mu'izz al-Din Muhammad al-Husayni,https://art.thewalters.org/browse/creator/muizz-al-din-muhammad-al-husayni,,,,37779
19390,"al-Husayni, Murad Sultan",Sultan Murad al-Husayni,https://art.thewalters.org/browse/creator/sultan-murad-al-husayni,,,,19840|90954|90955
2786,"al-Isfahani, Muhammad Kazim",Muhammad Kazim al-Isfahani,https://art.thewalters.org/browse/creator/muhammad-kazim-al-isfahani,,,,36069
18179,"al-Jami, Pir 'Ali",Pir 'Ali al-Jami,https://art.thewalters.org/browse/creator/pir-ali-al-jami,male,," (Islamic, active 16th century)",29593|81300|81301|81302|81308|83861|90953|91116
15729,"al-Jami, Zayn al-'Abidin bin ar-Rahman",Zayn al-'Abidin bin ar-Rahman al-Jami,https://art.thewalters.org/browse/creator/zayn-al-abidin-bin-ar-rahman-al-jami,,, (active ca. 1512),5888|81868|81869|81870|81871|81872|81873|81874|83409
16706,"al-Jazuli, Muhammad ibn Sulayman",Muhammad ibn Sulayman al-Jazuli,https://art.thewalters.org/browse/creator/muhammad-ibn-sulayman-al-jazuli,male,, (died 877 AH/AD 1472),30971|79975|79976|79977|81128|81129
19261,"al-Jurjani, Zayn al-Din Isma'il ibn Hasan",Zayn al-Din Isma'il ibn Hasan al-Jurjani,https://art.thewalters.org/browse/creator/zayn-al-din-ismail-ibn-hasan-al-jurjani,,, (died 531 AH/AD 1136),77632|77631|77630|77629|77628|35337
15725,"al-Katib, 'Abd Allah ibn Shaykh Mursid",'Abd Allah ibn Shaykh Murshid al-Katib,https://art.thewalters.org/browse/creator/abd-allah-ibn-shaykh-murshid-al-katib,,,,8162|83707|83708|83709|83710|83711|83712|83713|83714|83715|83716|83717|83718|83719
19401,"al-Katib, Mirza Muhammad",Mirza Muhammad al-Katib,https://art.thewalters.org/browse/creator/mirza-muhammad-al-katib,,,,15299|84203|84204
8017,"al-Katib, Murshid",Murshid al-Katib,https://art.thewalters.org/browse/creator/murshid-al-katib,,,,15748|26531|36567|40539|18128|17170|29694|13530|39313|11340|80049|80050
8280,"al-Katib, Yadkar",Yadkar al-Katib,https://art.thewalters.org/browse/creator/yadkar-al-katib,,,,17718|26422|14295|81222|81223|81224|81225|81226|81227|81228|81229|81230|81231|81234|81235|81236|81237|81238|81239|81240|81241|81242|81243|81244|81245|81246|81247|81248|81249|81250|81251|81252|81253|81254|81255|81299
19363,"al-Kulpaykani, Muhammad Kazim",Muhammad Kazim al-Kulpaykani,https://art.thewalters.org/browse/creator/muhammad-kazim-al-kulpaykani,,,,36069
3254,"al-Kurdi, Mu'Allim Mahmud ibn",Mu'Allim Mahmud ibn al-Kurdi,https://art.thewalters.org/browse/creator/muallim-mahmud-ibn-al-kurdi,,,,35567
19391,"al-Mashhadi, Ali Sultan",Sultan Ali al-Mashhadi,https://art.thewalters.org/browse/creator/sultan-ali-al-mashhadi,,,,19840|90954|90955
19396,"al-Mashhadi, Muhammad Shah",Shah Muhammad al-Mashhadi,https://art.thewalters.org/browse/creator/shah-muhammad-al-mashhadi,,,,19840|90954|90955
19392,"al-Mashhadi, Ni'mat Allah",Ni'mat Allah al-Mashhadi,https://art.thewalters.org/browse/creator/nimat-allah-al-mashhadi,,,,19840|90954|90955
5126,"al-Mudhahhib, Muhammad Musá",Muhammad Musá al-Mudhahhib,https://art.thewalters.org/browse/creator/muhammad-mus-al-mudhahhib,,,,1971|38891|10228|83068|83069|83070|83071|83072|83073|83074|83075|83076|83077|83078|83079|83080|83081|83082|83083|83084|83085|83086|83087|83088|83089|83090|83091|83092|83093|83094|83095|83096|83097|83098|83099|83101|83102|83103
15579,al-Muqtadir Caliph,Caliph al-Muqtadir,https://art.thewalters.org/browse/creator/caliph-al-muqtadir,,," (Iraqi, reigned 908-932)",29295
17758,"al-Qaramani, Kamal ibn `Abd Allah",Kamal ibn `Abd Allah al-Qaramani,https://art.thewalters.org/browse/creator/kamal-ibn-abd-allah-al-qaramani,,,,7994|80987|80988
15709,"al-Rashid, Salim",Salim al-Rashid,https://art.thewalters.org/browse/creator/salim-al-rashid,,,,11962|79986|79987
19358,"al-Ridawi, Muhammad Sadiq",Muhammad Sadiq al-Ridawi,https://art.thewalters.org/browse/creator/muhammad-sadiq-al-ridawi,,,,36069
16852,"al-Shadhili, Abu al-Hasan",Abu al-Hasan al-Shadhili,https://art.thewalters.org/browse/creator/abu-al-hasan-al-shadhili,,, (died 656 AH/AD 1258),11494|80026|80025|82636
15718,"al-Shirazi, Muhammad ibn Pir Ahmad al-shahir bi-Ibn Arg",Muhammad ibn Pir Ahmad al-shahir bi-Ibn Arghun al-Shirazi,https://art.thewalters.org/browse/creator/muhammad-ibn-pir-ahmad-al-shahir-bi-ibn-arghun-al-shirazi,,, (early 16th century),18627|18627|79992|79992|79993|79993|79994|79994|81162|81162|81163|81163|82744|82744|82745|82745
15721,"al-Siddiqi al-Isfahani, Jamal al-Din Muhammad",Jamal al-Din Muhammad al-Siddiqi al-Isfahani,https://art.thewalters.org/browse/creator/jamal-al-din-muhammad-al-siddiqi-al-isfahani,,,,21138|34403|6214|83556|83557|83558|83559|83560|83561|83562|83563|83564|83565|83566|83567|83568|83569|83570|83571|83572|83573|83574|83575|83576|83577|83578|83579|83580|83581|83582|83583|83584|83585|83586|83587|83588|83589|83590
19125,"al-Sultani, Isma'il al-Zuhdi Katib al-Saray",Isma'il al-Zuhdi Katib al-Saray al-Sultani,https://art.thewalters.org/browse/creator/ismail-al-zuhdi-katib-al-saray-al-sultani,,,,82797|22426
16854,"al-Tabizi, Ridwan ibn Muhammad",Ridwan ibn Muhammad al-Tabizi,https://art.thewalters.org/browse/creator/ridwan-ibn-muhammad-al-tabizi,,,,15458|80028|80029|81126|81127
19349,"al-Tabrizi, Bunyad",Bunyad al-Tabrizi,https://art.thewalters.org/browse/creator/bunyad-al-tabrizi,,,,20980|84329
15714,"al-Tifashi, Jamal al-Din",Jamal al-Din al-Tifashi,https://art.thewalters.org/browse/creator/jamal-al-din-al-tifashi,,,,33834|79989
16711,"al-Vatvat, Rashid al-Din Muhammad al-Balkhi",Rashid al-Din Muhammad al-Balkhi al-Vatvat,https://art.thewalters.org/browse/creator/rashid-al-din-muhammad-al-balkhi-al-vatvat,,, (died ca. 578 AH/AD 1182),5052|79996|79997
19127,"al-Wasfi, 'Ali",'Ali al-Wasfi,https://art.thewalters.org/browse/creator/ali-al-wasfi,,,,82797|22426
15710,"al-Yahsubi al-Bahili, Abu al-Fadl `Iyad ibn Musa",Abu al-Fadl 'Iyad ibn Musá al-Yahsubi al-Bahili,https://art.thewalters.org/browse/creator/abu-al-fadl-iyad-ibn-mus-al-yahsubi-al-bahili,,, (died 544 AH/AD 1149),11962|79986|79987|81818|81819|81820|81821|81822
8366,"al-Yashubi, Abu al-Fadl Iyad ibn Musá ibn 'Iyad",Abu al-Fadl 'Iyad ibn Musá ibn 'Iyad al-Yashubi,https://art.thewalters.org/browse/creator/abu-al-fadl-iyad-ibn-mus-ibn-iyad-al-yashubi,,, (died 544 AH/AD 1149),16178
19428,"al-al-Zaman, Abu al-Hasan Nadir",Abu al-Hasan Nadir al-al-Zaman,https://art.thewalters.org/browse/creator/abu-al-hasan-nadir-al-al-zaman,,,,25935
5399,"al-naqqash al-Mawsili, Yunus ibn Yusuf","Yunus ibn Yusuf, ""al-naqqash al-Mawsili""",https://art.thewalters.org/browse/creator/yunus-ibn-yusuf-al-naqqash-al-mawsili,,, (Iraqi or Syrian),22888
15521,chiriqui,Panamanian,https://art.thewalters.org/browse/creator/panamanian,,,,36123|33349|27210|25092|18644|5647|9825|3941|4155|38303|18220|22136|30401|28143|13629|19640|14606|34003|3115|80227|80237|80238|80239|80241|80360|80405|85496|33281|31427|32737|613|2281|40868|25810|13291
3739,"d'Alemagna, Giovanni",Giovanni d'Alemagna,https://art.thewalters.org/browse/creator/giovanni-dalemagna,male,," (German, died 1450)",6035
6543,"d'Amelia, Piermatteo",Piermatteo d'Amelia,https://art.thewalters.org/browse/creator/piermatteo-damelia,male,," (Italian, ca. 1450-1508)",33618
5220,"d'Ancona, Nicola di Maestro Antonio",Nicola di Maestro Antonio d'Ancona,https://art.thewalters.org/browse/creator/nicola-di-maestro-antonio-dancona,male,," (Italian, active late 15th century)",40301
3676,"d'Antonio, Biagio",Biagio d'Antonio,https://art.thewalters.org/browse/creator/biagio-dantonio,male,," (Italian, 1446-1516)",37684
33888,"da Brescia, Bartolommeo",Bartolommeo da Brescia,https://art.thewalters.org/browse/creator/bartolommeo-da-brescia,,," (Italian, 1506 - 1576 or 1578)",5820
15491,"da Brescia, Giovanni Antonio",Giovanni Antonio da Brescia,https://art.thewalters.org/browse/creator/giovanni-antonio-da-brescia,male,," (Italian, ca. 1460-ca. 1520)",36602
3689,"da Conegliano, Cima",Cima da Conegliano,https://art.thewalters.org/browse/creator/cima-de-conegliano,male,," (Italian, 1459 - 1517)",2506
4052,"da Ello, Ambrogio",Ambrogio da Ello,https://art.thewalters.org/browse/creator/ambrogio-da-ello,male,, (Italian),26006
8338,"da Fabriano, Antonio II",Antonio da Fabriano II,https://art.thewalters.org/browse/creator/antonio-da-fabriano-ii,male,," (Italian, active 1451-1489)",27087
4381,"da Firenze, Andrea",Andrea da Firenze,https://art.thewalters.org/browse/creator/andrea-da-firenze,,,,31583|28262
6276,"da Foligno, Niccolò",Niccolò da Foligno,https://art.thewalters.org/browse/creator/niccol-da-foligno,male,," (Italian, ca. 1420-1502)",32644|39972|26158|7707|12375|25391
6421,"da Gualdo, Matteo",Matteo da Gualdo,https://art.thewalters.org/browse/creator/matteo-da-gualdo,male,," (Italian, ca. 1435-after 1507)",9769
4004,"da Imola, Innocenzo",Innocenzo da Imola,https://art.thewalters.org/browse/creator/innocenzo-da-imola,male,," (Italian, 1485-1548)",16397
3316,"da Lanciano, Polidoro",Polidoro da Lanciano,https://art.thewalters.org/browse/creator/polidoro-da-lanciano,male,," (Italian, ca. 1515-1565)",36475|31712
33183,"da Maiano, Benedetto",Benedetto da Maiano,https://art.thewalters.org/browse/creator/benedetto-da-maiano,,, (Italian),583
6910,"da Messina, Antonello",Antonello da Messina,https://art.thewalters.org/browse/creator/antonello-da-messina,male,," (Italian, ca. 1430-1479)",12953
6839,"da Miranda, Bartolomeo",Bartolomeo da Miranda,https://art.thewalters.org/browse/creator/bartolommeo-da-miranda,male,," (Italian, active 2nd quarter of the 15th century)",27707
7195,"da Montereale, Francesco",Francesco da Montereale,https://art.thewalters.org/browse/creator/francesco-da-montereale,male,," (Italian, documented 1508-1549)",3324|24935
2120,"da Negroponte, Andrea",Andrea da Negroponte,https://art.thewalters.org/browse/creator/andrea-da-negroponte,,," (Italian, active mid 16th century)",11208|27534
3176,"da Pistoia, Gerino",Gerino da Pistoia,https://art.thewalters.org/browse/creator/gerino-da-pistoia,male,," (Italian, born 1480, active 1506-1509)",18453
5142,"da Radicondoli, Philippus Giotti",Philippus Giotti da Radicondoli,https://art.thewalters.org/browse/creator/philippus-giotti-da-radicondoli,,,,8483
5148,"da Ravenna, Severo",Severo da Ravenna,https://art.thewalters.org/browse/creator/severo-da-ravenna,male,," (Italian, active ca. 1496-ca. 1543)",29831
5198,"da Rimini, Giovanni Francesco",Giovanni Francesco da Rimini,https://art.thewalters.org/browse/creator/giovanni-francesco-da-rimini,male,," (Italian, ca. 1420-1470)",6596
4727,"da Santacroce, Francesco Rizzo",Francesco Rizzo da Santacroce,https://art.thewalters.org/browse/creator/francesco-rizzo-da-santacroce,male,," (Italian, active late 15th-early 16th century)",2095|103
6613,"da Serravalle, Antonello",Antonello da Serravalle,https://art.thewalters.org/browse/creator/antonello-da-serravalle,,," (Italian, documented 1482 - 1507)",15935
5570,"da Settignano, Desiderio",Desiderio da Settignano,https://art.thewalters.org/browse/creator/desiderio-da-settignano,,," (Italian, ca. 1430-1464)",12391
3948,"da Siena, Giacomo",Workshop of Giacomo da Siena,https://art.thewalters.org/browse/creator/workshop-of-giacomo-da-siena,male,," (Italian, 14th century)",26370
5022,"da Treviso, Girolamo the Younger",Girolamo da Treviso the Younger,https://art.thewalters.org/browse/creator/girolamo-da-treviso-the-younger,male,," (Italian, 1497-1544)",5613
3283,"da Udine, Girolamo",Girolamo da Udine,https://art.thewalters.org/browse/creator/girolamo-da-udine,male,," (Italian, active 1506-1512)",4271
3258,"da Urbino, Giulio",Giulio da Urbino,https://art.thewalters.org/browse/creator/giulio-da-urbino,male,," (Italian, active 1533-1569)",13053|34738
3859,"da Venezia, Domenico",Domenico da Venezia,https://art.thewalters.org/browse/creator/domenico-da-venezia,male,," (Italian, active 1550-ca.1568)",3220|39732
3082,"da Verona, Michele",Michele da Verona,https://art.thewalters.org/browse/creator/michele-da-verona,male,," (Italian, ca. 1470-1536 or 1544)",14835
2634,"da Viterbo, Francesco d'Antonio",Francesco d'Antonio da Viterbo,https://art.thewalters.org/browse/creator/francesco-dantonio-da-viterbo,male,," (Italian, ca. 1407-1478)",30816
3366,"de Ayala, Josefa",Josefa de Ayala,https://art.thewalters.org/browse/creator/josefa-de-ayala,female,," (Portuguese, ca. 1630-1684)",8783
16216,"de Beaulieu, Pierre-François-Matthes",Pierre-François-Matthes de Beaulieu,https://art.thewalters.org/browse/creator/pierre-franbois-matthes-de-beaulieu,male,," (French, active 1768 - 1791)",23832
33611,"de Beauvais, Vincent",Vincent de Beauvais,https://art.thewalters.org/browse/creator/vincent-de-beauvais,,," (French, ca. 1190 - 1260)",17050
6752,"de Berry, Jean Duc",Jean Duc de Berry,https://art.thewalters.org/browse/creator/jean-duc-de-berry,,,,19639
3408,"de Brailes, William",William de Brailes,https://art.thewalters.org/browse/creator/william-de-brailes,male,," (English, active ca. 1230)",26909|26909|33386|8948|8948|22204|22204|5435|5435|2361|2361|24451|24451|8957|8957|34839|27478|27478|37085|37085|18554|18554|37305|37305|26766|26766|31026|31026|6043|6043|31659|31659|12981|12981|34803|34803|21344|21344|31049|31049|24278|15313|38441|14487|22031|22032|22032|33386|34839|24278|15313|38441|14487|22031
5088,"de Brochonibus, Carolus",Carolus de Brochonibus,https://art.thewalters.org/browse/creator/carolus-de-brochonibus,,,,9146
32099,"de Bury, Richard",Richard de Bury,https://art.thewalters.org/browse/creator/richard-de-bury,,," (United Kingdom, 1287 - 1345)",89789
7001,"de Bye, Cornelis",Cornelis de Bye,https://art.thewalters.org/browse/creator/cornelis-de-bye,,," (Dutch, d. 1598)",3261
7975,"de Capua, Raimondo",Raimondo de Capua,https://art.thewalters.org/browse/creator/raimondo-de-capua,male,," (Italian, 1330-1399)",20552|10483|25727
4102,"de Champaigne, Phillippe",Phillippe de Champaigne,https://art.thewalters.org/browse/creator/phillippe-de-champaigne,male,," (French, 1602-1674)",36606
3604,"de Clerck, Adam",Adam de Clerck,https://art.thewalters.org/browse/creator/adam-de-clerck,male,," (German, ca. 1645-1705)",20315
15360,"de Combe, Ayme",Ayme de Combe,https://art.thewalters.org/browse/creator/ayme-de-combe,,, (Swiss),4274
3190,"de Court, Jean",Jean de Court,https://art.thewalters.org/browse/creator/jean-de-court,male,," (French, active ca. 1541-1564)",22018|39273|36893|10803|40447|18658|563|13620|28089
4281,"de Court, Jean II",Jean de Court II,https://art.thewalters.org/browse/creator/jean-de-court-ii,male,," (French, active 1541-ca. 1600)",39769|28743|16224
4570,"de Court, Suzanne",Suzanne de Court,https://art.thewalters.org/browse/creator/suzanne-de-court,female,," (French, active ca. 1600)",16017|1196|9722
33420,"de Gauchy, Henri",Henri de Gauchy,https://art.thewalters.org/browse/creator/henri-de-gauchy,,,,8954|2652|14760|31523|10781|37964|31786|8431|38248|18003|3981|5419|77722|77723
8664,"de Goya y Lucientes, Francisco José",Francisco José de Goya y Lucientes,https://art.thewalters.org/browse/creator/francisco-josc-de-goya-y-lucientes,male,," (Spanish, 1746-1828)",28539
5469,"de Gudin, Jean-Antoine-Théodore",Jean-Antoine-Théodore de Gudin,https://art.thewalters.org/browse/creator/jean-antoine-thcodore-de-gudin,male,," (French, 1802-1880)",39358
4333,"de Haas, Maurits Frederik Hendrik",Maurits Frederik Hendrik de Haas,https://art.thewalters.org/browse/creator/maurits-frederik-hendrik-de-haas,male,," (Dutch-American, 1832-1895)",3096
15782,"de Huy, Godefroid",Godefroid de Huy,https://art.thewalters.org/browse/creator/godefroid-de-huy,male,," (Netherlandish, d. after 1173)",1927
35280,"de Larmessin, Nicolas",Nicolas de Larmessin,https://art.thewalters.org/browse/creator/nicolas-de-larmessin,,," (French, 1632 - 1694)",102765|102766|102767|102768|102769
8119,"de Lorris, Guillaume",Guillaume de Lorris,https://art.thewalters.org/browse/creator/guillaume-de-lorris,male,," (French, active 13th century)",32774|10604|10665
3709,"de Mantegatiis, Philippus",Philippus de Mantegatiis,https://art.thewalters.org/browse/creator/philippus-de-mantegatiis,,,,21809
16322,"de Meun, Jean",Jean de Meun,https://art.thewalters.org/browse/creator/jean-de-meun,male,," (French, ca. 1250-1305)",10665|32774
2925,"de Misintis, Bernardinus",Bernardinus de Misintis,https://art.thewalters.org/browse/creator/bernardinus-de-misintis,,,,14510
6386,"de Mura, Francesco",Francesco de Mura,https://art.thewalters.org/browse/creator/francesco-de-mura,male,," (Italian, 1696-1782)",7018
2861,"de Neuville, Alphonse",Alphonse de Neuville,https://art.thewalters.org/browse/creator/alphonse-de-neuville,male,," (French, 1835-1885)",19510|11568|4911
3148,"de Nouriche, Guillaume",Guillaume de Nouriche,https://art.thewalters.org/browse/creator/guillaume-de-nouriche,male,," (French, active ca. 1318-1319)",8427
5586,"de Passe, Simon",Simon de Passe,https://art.thewalters.org/browse/creator/simon-de-passe,male,," (Dutch, ca. 1595-1647)",25682
33537,"de Picques, Claude",Claude de Picques,https://art.thewalters.org/browse/creator/claude-de-picques,,,,19029
2129,"de Poindre, Jacques",Jacques de Poindre,https://art.thewalters.org/browse/creator/jacques-de-poindre,male,," (Flemish, ca. 1527-ca. 1572)",37591|11636
4355,"de Pommayrac, Pierre Paul Emmanuel",Pierre Paul Emmanuel de Pommayrac,https://art.thewalters.org/browse/creator/pierre-paul-emmanuel-de-pommayrac,male,," (French, 1807-1880)",7266
4753,"de Presles, Raoul",Raoul de Presles,https://art.thewalters.org/browse/creator/raoul-de-presles,,,,22818
33532,"de Rheims, Florence",Florence de Rheims,https://art.thewalters.org/browse/creator/florence-de-rheims,,,,85154
3704,"de Rossi, Pietro",Pietro de Rossi,https://art.thewalters.org/browse/creator/pietro-de-rossi,male,," (Italian, 1761-1831)",28845
6423,"de Roville, Guillaume",Guillaume de Roville,https://art.thewalters.org/browse/creator/guillaume-de-roville,,,,39963
8120,"de Sacrobosco, Johannes",Johannes de Sacrobosco,https://art.thewalters.org/browse/creator/johannes-de-sacrobosco,,," (English, died 1256)",1781
2570,"de Saint-Germain, Jean-Joseph",Jean-Joseph de Saint-Germain,https://art.thewalters.org/browse/creator/jean-joseph-de-saint-germain,,," (French, 1719 - 1791)",1688
33731,"de Simone, Antonio",Antonio de Simone,https://art.thewalters.org/browse/creator/antonio-de-simone,,," (Italian, 1851 - 1907)",92879
34084,"de Spinosa, Antonio",Antonio de Spinosa,https://art.thewalters.org/browse/creator/antonio-de-spinosa,,,,87291
6446,"de Strata, Antonius",Antonius de Strata,https://art.thewalters.org/browse/creator/antonius-de-strata,,,,34377
15439,"de Troy, Jean François",Jean François de Troy,https://art.thewalters.org/browse/creator/jean-franbois-de-troy,male,," (French, 1679-1752)",18734
5891,"de Turre, Petrus",Petrus de Turre,https://art.thewalters.org/browse/creator/petrus-de-turre,,,,4000
5479,"de Vries, Adriaen",Adriaen de Vries,https://art.thewalters.org/browse/creator/adriaen-de-vries,male,," (Dutch, ca. 1545-1626)",31187
5367,"de Vries, Dirck",Dirck de Vries,https://art.thewalters.org/browse/creator/dirck-de-vries,male,," (Netherlandish, active ca. 1592)",9960
2282,"de Zanis, Bartholomaeus",Bartholomaeus de Zanis,https://art.thewalters.org/browse/creator/bartholomaeus-de-zanis,,, (fl. 1486-1515),85333
34478,"de la Marche, Suzanne-Marquerite Fyot",Suzanne-Marquerite Fyot de la Marche,https://art.thewalters.org/browse/creator/suzanne-marquerite-fyot-de-la-marche,,," (French, 1731 - 1784)",2255
5553,"de la Ville, Claude",Claude de la Ville,https://art.thewalters.org/browse/creator/claude-de-la-ville,,,,13769
4815,"de'Dinuzi, Ser Agnolo di Jacopo",Ser Agnolo di Jacopo de'Dinuzi,https://art.thewalters.org/browse/creator/ser-agnolo-di-jacopo-dedinuzi,,,,21968
3518,"del Casentino, Jacopo",Jacopo del Casentino,https://art.thewalters.org/browse/creator/jacopo-del-casentino,male,," (Italian, 1279-ca. 1358)",1334|1334
6540,"del Castelletto, Bernardino",Bernardino del Castelletto,https://art.thewalters.org/browse/creator/bernardino-di-giovanni-da-castelletto,male,," (Italian, active ca. 1471-1507)",21779
7915,"del Chierico, Francesco di Antonio",Francesco di Antonio del Chierico,https://art.thewalters.org/browse/creator/francesco-di-antonio-del-chierico,male,," (Italian, 1433-1484)",20889|15893|36688|27037|36275|5759|8212|9366|17190|1046|17791|9403|18105|13498|23212|33976|10550|1618|34766|11454|22927|18296|1667|21008|16703|31057|10657|33633|6516|14262|18356|8121|12278|22534|12102|38839|4869|36829|21150|19355|12567|8804|18103|34313|5153|2111|28919|5296|16213|20148|35009|35273|29788|741|1933|34336|15054|8581|4097|1752|31166|29058|35842|17021|17810|2079|10178|17087|16035|7305|17142|9689|22444|26153|1963|38876|18735|39990|20723|235|90575|91129
35001,"del Mazziere, Donnino di Domenico",Donnino di Domenico del Mazziere,https://art.thewalters.org/browse/creator/donnino-di-domenico-del-mazziere,,," (Italian, 1460 - 1515)",33090
3043,"des Moulins, Guiart",Guiart des Moulins,https://art.thewalters.org/browse/creator/guiart-des-moulins,,,,33876|14346
7137,"di Benvenuto, Girolamo",Girolamo di Benvenuto,https://art.thewalters.org/browse/creator/girolamo-di-benvenuto,male,," (Italian, 1470 - 1524)",8586|27990|33712
2281,"di Bicci, Lorenzo",Lorenzo di Bicci,https://art.thewalters.org/browse/creator/lorenzo-di-bicci,male,," (Italian, ca. 1350-ca. 1427)",36651
5108,"di Bonaguida, Pacino",Pacino di Bonaguida,https://art.thewalters.org/browse/creator/pacino-di-bonaguida,male,," (Italian, active ca. 1303-ca. 1347)",16467
3277,"di Cambio, Arnolfo",Arnolfo di Cambio,https://art.thewalters.org/browse/creator/arnolfo-di-cambio,male,," (Italian, active ca. 1267-1302 (?))",10008|10008
3805,"di Credi, Lorenzo",Lorenzo di Credi,https://art.thewalters.org/browse/creator/lorenzo-di-credi,male,," (Italian, ca. 1456-1536)",16063|24920
4868,"di Francesco di Ser Cenni, Cenni",Cenni di Francesco di Ser Cenni,https://art.thewalters.org/browse/creator/cenni-di-francesco-di-ser-cenni,male,," (Italian, active 1369-1415)",13576|20423|11891|20386|4930|5516|6526|2209|39252|90967|90968|90969|90970|90971|90972|90973|90974|90975|90976|90977|90978|90979|90980|90981|90982|90983|90984|90985|90986|90987|90988|90989|90990|90991|90992|90993|90994|90995|90996|90997|90998|90999|91000|91001|91002|91003|91004|91005|91006|91007|91008|91009|91010|91011|91012|91013|91014|91015|91016|91017|91018|91019|91020|91021|91022|91023|91024|91025|91026|91027|91028|91029|91030|91031|91032|91033|91034|91035|91036|91037|91038|91039|91040|91041|91042|91043|91044|91045|91046|91047|91048|91049|91050|91051|91052|91053|91054|91055|91056|91057|91058|91059|91060|91061|91062|91063|91064|91065|91066|91067|91068|91069|91070|91071|91072|91073
4883,"di Geremia, Cristoforo",Cristoforo di Geremia,https://art.thewalters.org/browse/creator/cristoforo-di-geremia,male,," (Italian, Italian)",39894
34759,"di Gerio, Battista",Battista di Gerio,https://art.thewalters.org/browse/creator/battista-di-gerio,,," (Italian, active early 15th century)",34186
15487,"di Giovanni di Marco, Berto",Berto di Giovanni di Marco,https://art.thewalters.org/browse/creator/berto-di-giovanni-di-marco,,," (Italian, ca. 1475-1529)",27655
5503,"di Giovanni, Matteo",Matteo di Giovanni,https://art.thewalters.org/browse/creator/matteo-di-giovanni,male,," (Italian, ca. 1430-1495)",20617|39317|32735
3433,"di Lorenzo, Bicci",Bicci di Lorenzo,https://art.thewalters.org/browse/creator/bicci-di-lorenzo,male,," (Italian, 1373-1452)",36492
5858,"di Mariotto, Bernardino",Bernardino di Mariotto,https://art.thewalters.org/browse/creator/bernardino-di-mariotto,male,," (Italian, 1478-1566)",19449
2747,"di Merlino, Guido",Guido di Merlino,https://art.thewalters.org/browse/creator/guido-di-merlino,,," (Italian, active 1540-1549)",22621
4906,"di Nardo, Mariotto",Mariotto di Nardo,https://art.thewalters.org/browse/creator/mariotto-di-nardo,male,," (Italian, active 1394-1431)",10913
3338,"di Paolo, Giovanni",Giovanni di Paolo,https://art.thewalters.org/browse/creator/giovanni-di-paolo,male,," (Italian, active ca. 1420-1482)",29964|7914|28724|2268|21511|14988|14988
34992,"di Piero, Borghese",Borghese di Piero,https://art.thewalters.org/browse/creator/borghese-di-piero,,," (Italian, 1397 - ca. 1463)",34186
2818,"di Pietro, Gabriele",Gabriele di Pietro,https://art.thewalters.org/browse/creator/gabriele-di-pietro,,,,77288
7755,"di Pietro, Zanino",Zanino di Pietro,https://art.thewalters.org/browse/creator/zanino-di-pietro,male,," (Italian, active from 1389, died before 1448)",21005|8619|34954|14609|40825|19656|29852|27761|34636|31919|19221|24835|6086|20440|14250|35922|5316|36962|38986|19037|15997|35275|7579|17711|20886|26907
3887,"di Segna, Niccolò",Niccolò di Segna,https://art.thewalters.org/browse/creator/niccol-di-segna,male,," (Italian, active 1331-1345)",38525
4797,"di Tito, Santi",Santi di Tito,https://art.thewalters.org/browse/creator/santi-di-tito,male,," (Italian, 1536-1602)",4625
2035,"di Tommaso, Apollonio di Giovanni",Apollonio di Giovanni di Tommaso,https://art.thewalters.org/browse/creator/apollonio-di-giovanni-di-tommaso,male,," (Italian, ca. 1415/1417-1465)",39896
18960,"ha-Lewi, Sa’id",Sa’id ha-Lewi,https://art.thewalters.org/browse/creator/saaoid-ha-lewi,,," (Yemeni, active ca. 1775-1809)",80926
15722,"ibn 'Ali al-Shahrastani, Abu Bakr Shah ibn Hasan",Abu Bakr Shah ibn Hasan ibn 'Ali al-Shahrastani,https://art.thewalters.org/browse/creator/abu-bakr-shah-ibn-hasan-ibn-ali-al-shahrastani,,,,21138|34403|6214|83556|83557|83558|83559|83560|83561|83562|83563|83564|83565|83566|83567|83568|83569|83570|83571|83572|83573|83574|83575|83576|83577|83578|83579|83580|83581|83582|83583|83584|83585|83586|83587|83588|83589|83590
4837,"le Blonde, Pierre",Pierre le Blonde,https://art.thewalters.org/browse/creator/pierre-le-blonde,,,,6845
2303,"le Roi, Pierre",Pierre le Roi,https://art.thewalters.org/browse/creator/pierre-le-roi,,,,25774
8698,"muzahhib, Lutf Allah",Lutf Allah Muzahhib,https://art.thewalters.org/browse/creator/lutf-allah-muzahhib,,,,29238|7538
33503,"of Huntingdon, Henry",Henry of Huntingdon,https://art.thewalters.org/browse/creator/henry-of-huntingdon,,," (English, 1084 (?) - 1155)",37611
15345,"of Padua, Francis",Francis of Padua,https://art.thewalters.org/browse/creator/francis-of-padua,,, (Italian),774
32903,"of Poitiers, Peter",Peter of Poitiers,https://art.thewalters.org/browse/creator/peter-of-poitiers2,,,,6136
31582,"of Saint-Thierry, William Abbot of Saint-Thierry","William, of Saint-Thierry, Abbot of Saint-Thierry",https://art.thewalters.org/browse/creator/william-of-saint-thierry-abbot-of-saint-thierry,,, (ca. 1085 - 1148?),11976|88840|88841|88842|88843|88844
15069,"unidentified (outside of print, hard to read)","unidentified (outside of print, hard to read)",https://art.thewalters.org/browse/creator/unidentified-outside-of-print-hard-to-read,,,,34082|35799
15430,"van Blarenberghe, Henri Joseph",Henri Joseph van Blarenberghe,https://art.thewalters.org/browse/creator/henri-joseph-van-blarenberghe,male,," (French, 1741-1826)",26395
2893,"van Blarenberghe, Louis Nicolas",Louis Nicolas van Blarenberghe,https://art.thewalters.org/browse/creator/louis-nicolas-van-blarenberghe,male,," (French, 1716-1794)",10319|26642
4647,"van Cleve, Joos",Joos van Cleve,https://art.thewalters.org/browse/creator/joos-van-cleve,male,," (Netherlandish, active ca. 1511-d. 1540/1)",16054
7477,"van Delft, Dirc",Dirc van Delft,https://art.thewalters.org/browse/creator/dirc-van-delft,,," (Dutch, active 1365-1404)",3327|79679|81607|81608|81609|81610|81611|81612|81613|81614|81615|81616|81617|81618|81619|81620|81621|81622|81623|81624|81625|81626|81627|81628|81629|81630|81631|81632|81633|81634|81635|81636|81637|81638|81639|77712
2347,"van Diest, Willem",Willem van Diest,https://art.thewalters.org/browse/creator/willem-van-diest,male,," (Dutch, 1610-1673)",6636
3288,"van Dyck, Abraham",Abraham van Dyck,https://art.thewalters.org/browse/creator/abraham-van-dyck,male,," (Dutch, 1636-1672)",39102
6861,"van Dyck, Anthony",Anthony van Dyck,https://art.thewalters.org/browse/creator/anthony-van-dyck,male,," (Flemish, 1599-1641)",320|22581|15148|9159|15148
4601,"van Falens, Carel",Carel van Falens,https://art.thewalters.org/browse/creator/carel-van-falens,male,," (Flemish, 1683-1733)",18471
3797,"van Goyen, Jan",Jan van Goyen,https://art.thewalters.org/browse/creator/jan-van-goyen,male,," (Dutch, 1596-1656)",35625
35328,"van Herp, Willem",Willem van Herp,https://art.thewalters.org/browse/creator/willem-van-herp,,," (Flemish, 1614 - 1677)",102891
6952,"van Mieris, Willem",Willem van Mieris,https://art.thewalters.org/browse/creator/willem-van-mieris,male,," (Dutch, 1662-1747)",31469
7157,"van Nieulandt, Adriaen the younger",Adriaen van Nieulandt the younger,https://art.thewalters.org/browse/creator/adriaen-van-nieulandt-the-younger,male,," (Dutch, 1587-1658)",3337
15384,"van Opstal, Gerard",Gerard van Opstal,https://art.thewalters.org/browse/creator/gerard-van-opstal,male,," (Flemish, 1594 or 1604-1668)",10822
2568,"van Rijn, Rembrandt",Rembrandt van Rijn,https://art.thewalters.org/browse/creator/rembrandt-van-rijn,male,," (Dutch, 1606-1669)",22541|4697|6181|29980|35067|19811|12104|89768
6442,"van Vianen, Adam",Adam van Vianen,https://art.thewalters.org/browse/creator/adam-van-vianen,male,," (Dutch, ca.1569-1627)",38551
4454,"van Vliet, Hendrik Cornelisz.",Hendrik Cornelisz. van Vliet,https://art.thewalters.org/browse/creator/hendrik-cornelisz-van-vliet,male,," (Dutch, ca. 1611-1675)",12012|26086
6623,"van Wittel, Gaspar",Gaspar van Wittel,https://art.thewalters.org/browse/creator/gaspar-van-wittel,male,," (Flemish, 1652/3-1736)",11864
3133,"von Bremen, Johann George Meyer",Johann George Meyer von Bremen,https://art.thewalters.org/browse/creator/johann-george-meyer-von-bremen,male,," (German, 1813-1886)",4259|10799|12080
2152,"von Lenbach, Franz Seraph",Franz von Lenbach,https://art.thewalters.org/browse/creator/franz-von-lenbach,male,," (German, 1836-1904)",36852
4449,"von Pettenkofen, August Xaver Karl",August Xaver Karl von Pettenkofen,https://art.thewalters.org/browse/creator/august-xaver-karl-von-pettenkofen,male,," (Austrian, 1822-1889)",20460|3167
5625,"von Ruisdael, Salomon",Salomon von Ruisdael,https://art.thewalters.org/browse/creator/salomon-von-ruisdael,male,," (Dutch, ca. 1602-1670)",35167
2012,"younger, John Hoskins the",John Hoskins the younger,https://art.thewalters.org/browse/creator/john-hoskins-the-younger,,,,8757
19124,"zadah, Yaziji",Yaziji zadah,https://art.thewalters.org/browse/creator/yaziji-zadah,,,,82797|22426
5064,"Ôchi, Munehisa",Ôchi Munehisa,https://art.thewalters.org/browse/creator/ichi-munehisa,male,," (Japanese, ca. 1700-1750)",8812
6116,"Ôkawa, Mototoshi",Ôkawa Mototoshi,https://art.thewalters.org/browse/creator/ikawa-mototoshi,male,," (Japanese, active ca. 1809-1825)",10185
6092,"Ômori, Hidetomo",Ômori Hidetomo,https://art.thewalters.org/browse/creator/imori-hidetomo,male,," (Japanese, 1742-1807)",36073|40640|8421|79263|79264|79265|79262|79644
6938,"Ômori, Masahide",Ômori Masahide,https://art.thewalters.org/browse/creator/imori-masahide,male,," (Japanese, active ca. 1800)",40814
6037,"Ôtsuki, Mitsushige",Ôtsuki Mitsushige,https://art.thewalters.org/browse/creator/itsuki-mitsushige,male,," (Japanese, died 1742)",8220|23697
18959,"‘Iraqi, Musa",Musa ‘Iraqi,https://art.thewalters.org/browse/creator/musa-aoiraqi,,," (Yemeni, active ca. 1756-1783)",80925|80929
18949,"‘Iraqi, Sa’id",Sa’id ‘Iraqi,https://art.thewalters.org/browse/creator/saaoid-aoiraqi,,," (Yemeni, active ca. 1757)",80913
